Time,X,Y,Z,Altitude,Velocity
0.0,6678137.0000,0.0000,0.0000,300000.00,7725.76
1.0,6678132.5245,5462.9362,5462.9362,299999.99,7725.76
2.0,6678119.0981,10925.8651,10925.8651,299999.97,7725.76
3.0,6678096.7207,16388.7794,16388.7793,299999.94,7725.76
4.0,6678065.3924,21851.6716,21851.6714,299999.89,7725.76
5.0,6678025.1132,27314.5346,27314.5341,299999.83,7725.76
6.0,6677975.8832,32777.3609,32777.3601,299999.76,7725.76
7.0,6677917.7025,38240.1433,38240.1421,299999.68,7725.76
8.0,6677850.5711,43702.8745,43702.8726,299999.58,7725.76
9.0,6677774.4891,49165.5470,49165.5444,299999.46,7725.76
10.0,6677689.4566,54628.1536,54628.1500,299999.34,7725.76
11.0,6677595.4738,60090.6870,60090.6822,299999.20,7725.76
12.0,6677492.5407,65553.1399,65553.1337,299999.05,7725.76
13.0,6677380.6576,71015.5049,71015.4970,299998.88,7725.76
14.0,6677259.8245,76477.7747,76477.7648,299998.70,7725.76
15.0,6677130.0415,81939.9419,81939.9298,299998.51,7725.76
16.0,6676991.3090,87401.9994,87401.9846,299998.31,7725.76
17.0,6676843.6271,92863.9397,92863.9219,299998.09,7725.76
18.0,6676686.9959,98325.7554,98325.7344,299997.86,7725.76
19.0,6676521.4157,103787.4394,103787.4147,299997.61,7725.76
20.0,6676346.8867,109248.9843,109248.9554,299997.35,7725.76
21.0,6676163.4092,114710.3828,114710.3493,299997.08,7725.76
22.0,6675970.9833,120171.6274,120171.5890,299996.80,7725.76
23.0,6675769.6094,125632.7110,125632.6671,299996.50,7725.76
24.0,6675559.2877,131093.6262,131093.5763,299996.19,7725.76
25.0,6675340.0185,136554.3657,136554.3093,299995.86,7725.76
26.0,6675111.8021,142014.9221,142014.8587,299995.53,7725.76
27.0,6674874.6388,147475.2882,147475.2172,299995.17,7725.76
28.0,6674628.5290,152935.4566,152935.3774,299994.81,7725.76
29.0,6674373.4728,158395.4200,158395.3320,299994.43,7725.76
30.0,6674109.4708,163855.1711,163855.0736,299994.04,7725.76
31.0,6673836.5232,169314.7026,169314.5950,299993.64,7725.76
32.0,6673554.6304,174774.0071,174773.8888,299993.22,7725.76
33.0,6673263.7928,180233.0773,180232.9476,299992.79,7725.76
34.0,6672964.0109,185691.9060,185691.7641,299992.35,7725.76
35.0,6672655.2848,191150.4857,191150.3310,299991.89,7725.76
36.0,6672337.6152,196608.8093,196608.6409,299991.42,7725.76
37.0,6672011.0025,202066.8693,202066.6865,299990.94,7725.76
38.0,6671675.4470,207524.6585,207524.4604,299990.44,7725.76
39.0,6671330.9492,212982.1695,212981.9554,299989.93,7725.76
40.0,6670977.5096,218439.3950,218439.1640,299989.41,7725.76
41.0,6670615.1286,223896.3277,223896.0790,299988.88,7725.76
42.0,6670243.8068,229352.9604,229352.6930,299988.33,7725.76
43.0,6669863.5447,234809.2856,234808.9986,299987.76,7725.76
44.0,6669474.3427,240265.2961,240264.9886,299987.19,7725.76
45.0,6669076.2014,245720.9845,245720.6556,299986.60,7725.76
46.0,6668669.1213,251176.3436,251175.9923,299986.00,7725.76
47.0,6668253.1029,256631.3660,256630.9913,299985.38,7725.76
48.0,6667828.1469,262086.0444,262085.6453,299984.76,7725.76
49.0,6667394.2538,267540.3715,267539.9469,299984.11,7725.76
50.0,6666951.4241,272994.3400,272993.8889,299983.46,7725.76
51.0,6666499.6585,278447.9427,278447.4639,299982.79,7725.76
52.0,6666038.9576,283901.1720,283900.6646,299982.11,7725.76
53.0,6665569.3220,289354.0209,289353.4836,299981.42,7725.76
54.0,6665090.7524,294806.4819,294805.9137,299980.71,7725.76
55.0,6664603.2493,300258.5478,300257.9474,299979.99,7725.76
56.0,6664106.8134,305710.2112,305709.5775,299979.25,7725.76
57.0,6663601.4454,311161.4649,311160.7966,299978.51,7725.76
58.0,6663087.1460,316612.3014,316611.5974,299977.75,7725.76
59.0,6662563.9158,322062.7136,322061.9725,299976.97,7725.76
60.0,6662031.7557,327512.6942,327511.9147,299976.19,7725.76
61.0,6661490.6662,332962.2357,332961.4167,299975.39,7725.76
62.0,6660940.6481,338411.3310,338410.4710,299974.57,7725.76
63.0,6660381.7022,343859.9726,343859.0704,299973.75,7725.76
64.0,6659813.8291,349308.1534,349307.2075,299972.91,7725.76
65.0,6659237.0298,354755.8659,354754.8751,299972.06,7725.76
66.0,6658651.3049,360203.1030,360202.0657,299971.19,7725.76
67.0,6658056.6552,365649.8573,365648.7721,299970.31,7725.76
68.0,6657453.0815,371096.1214,371094.9870,299969.42,7725.76
69.0,6656840.5847,376541.8882,376540.7030,299968.51,7725.76
70.0,6656219.1655,381987.1503,381985.9128,299967.60,7725.76
71.0,6655588.8249,387431.9003,387430.6091,299966.66,7725.76
72.0,6654949.5635,392876.1311,392874.7846,299965.72,7725.76
73.0,6654301.3824,398319.8353,398318.4319,299964.76,7725.76
74.0,6653644.2824,403763.0056,403761.5437,299963.79,7725.76
75.0,6652978.2643,409205.6347,409204.1128,299962.81,7725.76
76.0,6652303.3291,414647.7153,414646.1318,299961.81,7725.76
77.0,6651619.4776,420089.2402,420087.5933,299960.80,7725.76
78.0,6650926.7108,425530.2020,425528.4902,299959.78,7725.76
79.0,6650225.0297,430970.5934,430968.8150,299958.74,7725.76
80.0,6649514.4351,436410.4072,436408.5604,299957.69,7725.76
81.0,6648794.9280,441849.6361,441847.7192,299956.63,7725.76
82.0,6648066.5093,447288.2727,447286.2839,299955.55,7725.76
83.0,6647329.1802,452726.3098,452724.2474,299954.46,7725.76
84.0,6646582.9415,458163.7401,458161.6023,299953.36,7725.76
85.0,6645827.7942,463600.5563,463598.3413,299952.25,7725.76
86.0,6645063.7394,469036.7511,469034.4571,299951.12,7725.76
87.0,6644290.7781,474472.3172,474469.9423,299949.98,7725.76
88.0,6643508.9113,479907.2474,479904.7897,299948.82,7725.76
89.0,6642718.1401,485341.5343,485338.9920,299947.65,7725.76
90.0,6641918.4656,490775.1708,490772.5418,299946.47,7725.76
91.0,6641109.8887,496208.1494,496205.4319,299945.28,7725.76
92.0,6640292.4107,501640.4629,501637.6549,299944.07,7725.76
93.0,6639466.0326,507072.1041,507069.2036,299942.85,7725.76
94.0,6638630.7555,512503.0656,512500.0706,299941.62,7725.76
95.0,6637786.5806,517933.3402,517930.2486,299940.37,7725.76
96.0,6636933.5089,523362.9206,523359.7305,299939.11,7725.76
97.0,6636071.5416,528791.7995,528788.5087,299937.84,7725.76
98.0,6635200.6800,534219.9696,534216.5761,299936.55,7725.76
99.0,6634320.9251,539647.4238,539643.9254,299935.26,7725.76
100.0,6633432.2781,545074.1546,545070.5492,299933.94,7725.76
101.0,6632534.7402,550500.1548,550496.4403,299932.62,7725.76
102.0,6631628.3127,555925.4172,555921.5913,299931.28,7725.76
103.0,6630712.9967,561349.9344,561345.9951,299929.93,7725.76
104.0,6629788.7935,566773.6993,566769.6442,299928.57,7725.76
105.0,6628855.7044,572196.7045,572192.5314,299927.19,7725.76
106.0,6627913.7305,577618.9428,577614.6494,299925.80,7725.76
107.0,6626962.8732,583040.4068,583035.9910,299924.40,7725.76
108.0,6626003.1337,588461.0894,588456.5487,299922.98,7725.76
109.0,6625034.5133,593880.9833,593876.3154,299921.55,7725.76
110.0,6624057.0133,599300.0812,599295.2838,299920.11,7725.76
111.0,6623070.6351,604718.3758,604713.4466,299918.65,7725.76
112.0,6622075.3799,610135.8599,610130.7964,299917.18,7725.76
113.0,6621071.2491,615552.5263,615547.3260,299915.70,7725.76
114.0,6620058.2440,620968.3676,620963.0282,299914.21,7725.76
115.0,6619036.3661,626383.3766,626377.8956,299912.70,7725.76
116.0,6618005.6166,631797.5460,631791.9210,299911.18,7725.76
117.0,6616965.9970,637210.8686,637205.0971,299909.65,7725.76
118.0,6615917.5087,642623.3372,642617.4166,299908.10,7725.76
119.0,6614860.1530,648034.9444,648028.8722,299906.54,7725.76
120.0,6613793.9315,653445.6831,653439.4567,299904.97,7725.76
121.0,6612718.8454,658855.5460,658849.1628,299903.38,7725.76
122.0,6611634.8963,664264.5257,664257.9832,299901.79,7725.76
123.0,6610542.0857,669672.6152,669665.9107,299900.17,7725.76
124.0,6609440.4149,675079.8071,675072.9379,299898.55,7725.76
125.0,6608329.8856,680486.0941,680479.0577,299896.91,7725.76
126.0,6607210.4991,685891.4691,685884.2627,299895.26,7725.76
127.0,6606082.2569,691295.9248,691288.5457,299893.60,7725.76
128.0,6604945.1607,696699.4539,696691.8994,299891.92,7725.76
129.0,6603799.2119,702102.0493,702094.3165,299890.23,7725.76
130.0,6602644.4120,707503.7036,707495.7899,299888.53,7725.76
131.0,6601480.7627,712904.4096,712896.3122,299886.82,7725.76
132.0,6600308.2654,718304.1601,718295.8761,299885.09,7725.76
133.0,6599126.9218,723702.9479,723694.4745,299883.35,7725.76
134.0,6597936.7334,729100.7657,729092.1000,299881.59,7725.76
135.0,6596737.7019,734497.6063,734488.7454,299879.83,7725.76
136.0,6595529.8288,739893.4624,739884.4035,299878.05,7725.76
137.0,6594313.1158,745288.3268,745279.0670,299876.26,7725.76
138.0,6593087.5645,750682.1924,750672.7286,299874.45,7725.76
139.0,6591853.1766,756075.0517,756065.3811,299872.63,7725.76
140.0,6590609.9536,761466.8978,761457.0173,299870.80,7725.76
141.0,6589357.8974,766857.7232,766847.6298,299868.96,7725.76
142.0,6588097.0095,772247.5208,772237.2115,299867.10,7725.76
143.0,6586827.2917,777636.2833,777625.7552,299865.23,7725.76
144.0,6585548.7457,783024.0036,783013.2534,299863.35,7725.76
145.0,6584261.3732,788410.6744,788399.6991,299861.45,7725.76
146.0,6582965.1759,793796.2886,793785.0850,299859.54,7725.76
147.0,6581660.1555,799180.8387,799169.4039,299857.62,7725.76
148.0,6580346.3139,804564.3178,804552.6484,299855.69,7725.76
149.0,6579023.6527,809946.7185,809934.8114,299853.74,7725.76
150.0,6577692.1738,815328.0336,815315.8857,299851.78,7725.76
151.0,6576351.8790,820708.2559,820695.8640,299849.81,7725.76
152.0,6575002.7700,826087.3783,826074.7390,299847.82,7725.76
153.0,6573644.8487,831465.3935,831452.5036,299845.82,7725.76
154.0,6572278.1169,836842.2942,836829.1505,299843.81,7725.76
155.0,6570902.5764,842218.0734,842204.6724,299841.79,7725.76
156.0,6569518.2290,847592.7237,847579.0623,299839.75,7725.76
157.0,6568125.0767,852966.2380,852952.3128,299837.70,7725.76
158.0,6566723.1214,858338.6091,858324.4167,299835.64,7725.76
159.0,6565312.3648,863709.8298,863695.3668,299833.56,7725.76
160.0,6563892.8089,869079.8928,869065.1558,299831.47,7725.76
161.0,6562464.4556,874448.7911,874433.7767,299829.37,7725.76
162.0,6561027.3068,879816.5173,879801.2221,299827.26,7725.76
163.0,6559581.3645,885183.0643,885167.4848,299825.13,7725.76
164.0,6558126.6305,890548.4250,890532.5576,299822.99,7725.76
165.0,6556663.1069,895912.5920,895896.4333,299820.84,7725.76
166.0,6555190.7956,901275.5583,901259.1047,299818.67,7725.76
167.0,6553709.6986,906637.3166,906620.5647,299816.50,7725.76
168.0,6552219.8179,911997.8598,911980.8058,299814.30,7725.76
169.0,6550721.1555,917357.1806,917339.8211,299812.10,7725.76
170.0,6549213.7134,922715.2720,922697.6033,299809.89,7725.76
171.0,6547697.4936,928072.1266,928054.1451,299807.66,7725.76
172.0,6546172.4982,933427.7374,933409.4394,299805.42,7725.76
173.0,6544638.7292,938782.0971,938763.4789,299803.16,7725.76
174.0,6543096.1886,944135.1986,944116.2566,299800.89,7725.76
175.0,6541544.8786,949487.0347,949467.7651,299798.61,7725.76
176.0,6539984.8013,954837.5982,954817.9973,299796.32,7725.76
177.0,6538415.9587,960186.8820,960166.9460,299794.02,7725.76
178.0,6536838.3529,965534.8789,965514.6041,299791.70,7725.76
179.0,6535251.9860,970881.5817,970860.9642,299789.37,7725.76
180.0,6533656.8603,976226.9833,976206.0193,299787.02,7725.76
181.0,6532052.9778,981571.0764,981549.7621,299784.67,7725.76
182.0,6530440.3407,986913.8540,986892.1855,299782.30,7725.76
183.0,6528818.9511,992255.3089,992233.2824,299779.92,7725.76
184.0,6527188.8113,997595.4339,997573.0454,299777.53,7725.76
185.0,6525549.9234,1002934.2218,1002911.4674,299775.12,7725.76
186.0,6523902.2896,1008271.6656,1008248.5413,299772.70,7725.76
187.0,6522245.9122,1013607.7580,1013584.2599,299770.27,7725.76
188.0,6520580.7933,1018942.4919,1018918.6160,299767.82,7725.76
189.0,6518906.9353,1024275.8602,1024251.6025,299765.37,7725.76
190.0,6517224.3403,1029607.8557,1029583.2121,299762.90,7725.76
191.0,6515533.0106,1034938.4712,1034913.4378,299760.41,7725.76
192.0,6513832.9486,1040267.6997,1040242.2723,299757.92,7725.76
193.0,6512124.1564,1045595.5339,1045569.7085,299755.41,7725.76
194.0,6510406.6363,1050921.9668,1050895.7392,299752.89,7725.76
195.0,6508680.3908,1056246.9912,1056220.3572,299750.36,7725.76
196.0,6506945.4221,1061570.5999,1061543.5555,299747.81,7725.76
197.0,6505201.7324,1066892.7859,1066865.3269,299745.26,7725.76
198.0,6503449.3243,1072213.5419,1072185.6641,299742.69,7725.76
199.0,6501688.2000,1077532.8610,1077504.5601,299740.10,7725.76
200.0,6499918.3619,1082850.7358,1082822.0077,299737.51,7725.76
201.0,6498139.8124,1088167.1594,1088137.9998,299734.90,7725.76
202.0,6496352.5538,1093482.1246,1093452.5292,299732.28,7725.76
203.0,6494556.5886,1098795.6243,1098765.5887,299729.64,7725.76
204.0,6492751.9192,1104107.6513,1104077.1713,299727.00,7725.76
205.0,6490938.5480,1109418.1985,1109387.2698,299724.34,7725.76
206.0,6489116.4774,1114727.2588,1114695.8770,299721.67,7725.76
207.0,6487285.7099,1120034.8252,1120002.9858,299718.99,7725.76
208.0,6485446.2480,1125340.8904,1125308.5892,299716.29,7725.76
209.0,6483598.0941,1130645.4474,1130612.6799,299713.58,7725.76
210.0,6481741.2507,1135948.4890,1135915.2508,299710.86,7725.76
211.0,6479875.7204,1141250.0083,1141216.2948,299708.13,7725.76
212.0,6478001.5055,1146549.9980,1146515.8048,299705.38,7725.76
213.0,6476118.6086,1151848.4510,1151813.7736,299702.62,7725.76
214.0,6474227.0324,1157145.3603,1157110.1942,299699.85,7725.76
215.0,6472326.7792,1162440.7188,1162405.0594,299697.07,7725.76
216.0,6470417.8516,1167734.5193,1167698.3621,299694.28,7725.76
217.0,6468500.2523,1173026.7548,1172990.0952,299691.47,7725.76
218.0,6466573.9838,1178317.4181,1178280.2516,299688.65,7725.76
219.0,6464639.0487,1183606.5023,1183568.8241,299685.81,7725.76
220.0,6462695.4496,1188894.0001,1188855.8057,299682.97,7725.76
221.0,6460743.1890,1194179.9046,1194141.1892,299680.11,7725.76
222.0,6458782.2697,1199464.2086,1199424.9676,299677.24,7725.76
223.0,6456812.6943,1204746.9051,1204707.1338,299674.36,7725.76
224.0,6454834.4653,1210027.9869,1209987.6806,299671.46,7725.76
225.0,6452847.5855,1215307.4470,1215266.6009,299668.56,7725.76
226.0,6450852.0575,1220585.2784,1220543.8877,299665.64,7725.76
227.0,6448847.8841,1225861.4739,1225819.5338,299662.71,7725.76
228.0,6446835.0678,1231136.0265,1231093.5323,299659.76,7725.76
229.0,6444813.6115,1236408.9291,1236365.8759,299656.81,7725.76
230.0,6442783.5178,1241680.1746,1241636.5576,299653.84,7725.76
231.0,6440744.7894,1246949.7560,1246905.5704,299650.86,7725.76
232.0,6438697.4292,1252217.6663,1252172.9070,299647.86,7725.76
233.0,6436641.4398,1257483.8983,1257438.5606,299644.86,7725.76
234.0,6434576.8240,1262748.4450,1262702.5239,299641.84,7725.76
235.0,6432503.5845,1268011.2994,1267964.7899,299638.81,7725.76
236.0,6430421.7243,1273272.4544,1273225.3516,299635.76,7725.76
237.0,6428331.2460,1278531.9029,1278484.2018,299632.71,7725.76
238.0,6426232.1525,1283789.6379,1283741.3335,299629.64,7725.76
239.0,6424124.4465,1289045.6524,1288996.7397,299626.56,7725.76
240.0,6422008.1311,1294299.9394,1294250.4132,299623.47,7725.76
241.0,6419883.2088,1299552.4917,1299502.3471,299620.37,7725.76
242.0,6417749.6827,1304803.3023,1304752.5342,299617.25,7725.76
243.0,6415607.5556,1310052.3642,1310000.9675,299614.12,7725.76
244.0,6413456.8304,1315299.6704,1315247.6399,299610.98,7725.76
245.0,6411297.5099,1320545.2139,1320492.5445,299607.83,7725.76
246.0,6409129.5971,1325788.9876,1325735.6740,299604.66,7725.76
247.0,6406953.0949,1331030.9844,1330977.0216,299601.48,7725.76
248.0,6404768.0062,1336271.1974,1336216.5802,299598.30,7725.76
249.0,6402574.3339,1341509.6196,1341454.3426,299595.09,7725.76
250.0,6400372.0810,1346746.2438,1346690.3019,299591.88,7725.76
251.0,6398161.2504,1351981.0632,1351924.4511,299588.65,7725.76
252.0,6395941.8452,1357214.0707,1357156.7831,299585.42,7725.76
253.0,6393713.8682,1362445.2593,1362387.2908,299582.16,7725.76
254.0,6391477.3226,1367674.6219,1367615.9673,299578.90,7725.76
255.0,6389232.2112,1372902.1516,1372842.8055,299575.63,7725.76
256.0,6386978.5371,1378127.8413,1378067.7984,299572.34,7725.76
257.0,6384716.3034,1383351.6841,1383290.9390,299569.04,7725.76
258.0,6382445.5131,1388573.6730,1388512.2202,299565.73,7725.76
259.0,6380166.1692,1393793.8009,1393731.6351,299562.41,7725.76
260.0,6377878.2748,1399012.0609,1398949.1766,299559.07,7725.77
261.0,6375581.8329,1404228.4460,1404164.8377,299555.72,7725.77
262.0,6373276.8467,1409442.9492,1409378.6114,299552.37,7725.77
263.0,6370963.3193,1414655.5634,1414590.4907,299548.99,7725.77
264.0,6368641.2537,1419866.2818,1419800.4686,299545.61,7725.77
265.0,6366310.6531,1425075.0973,1425008.5381,299542.21,7725.77
266.0,6363971.5206,1430282.0030,1430214.6921,299538.81,7725.77
267.0,6361623.8593,1435486.9918,1435418.9238,299535.39,7725.77
268.0,6359267.6725,1440690.0569,1440621.2261,299531.96,7725.77
269.0,6356902.9632,1445891.1912,1445821.5920,299528.51,7725.77
270.0,6354529.7347,1451090.3878,1451020.0145,299525.06,7725.77
271.0,6352147.9901,1456287.6396,1456216.4867,299521.59,7725.77
272.0,6349757.7326,1461482.9398,1461411.0015,299518.11,7725.77
273.0,6347358.9655,1466676.2814,1466603.5520,299514.62,7725.77
274.0,6344951.6920,1471867.6574,1471794.1312,299511.11,7725.77
275.0,6342535.9153,1477057.0609,1476982.7322,299507.60,7725.77
276.0,6340111.6386,1482244.4849,1482169.3478,299504.07,7725.77
277.0,6337678.8652,1487429.9224,1487353.9713,299500.53,7725.77
278.0,6335237.5985,1492613.3666,1492536.5956,299496.98,7725.77
279.0,6332787.8415,1497794.8104,1497717.2137,299493.42,7725.77
280.0,6330329.5977,1502974.2469,1502895.8187,299489.84,7725.77
281.0,6327862.8704,1508151.6693,1508072.4037,299486.26,7725.77
282.0,6325387.6628,1513327.0705,1513246.9616,299482.66,7725.77
283.0,6322903.9784,1518500.4436,1518419.4856,299479.05,7725.77
284.0,6320411.8203,1523671.7817,1523589.9686,299475.42,7725.77
285.0,6317911.1921,1528841.0778,1528758.4037,299471.79,7725.77
286.0,6315402.0969,1534008.3251,1533924.7841,299468.14,7725.77
287.0,6312884.5383,1539173.5166,1539089.1026,299464.48,7725.77
288.0,6310358.5195,1544336.6454,1544251.3525,299460.81,7725.77
289.0,6307824.0441,1549497.7045,1549411.5267,299457.13,7725.77
290.0,6305281.1153,1554656.6872,1554569.6184,299453.44,7725.77
291.0,6302729.7366,1559813.5863,1559725.6205,299449.73,7725.77
292.0,6300169.9115,1564968.3951,1564879.5263,299446.02,7725.77
293.0,6297601.6433,1570121.1067,1570031.3286,299442.29,7725.77
294.0,6295024.9356,1575271.7140,1575181.0207,299438.55,7725.77
295.0,6292439.7917,1580420.2103,1580328.5956,299434.79,7725.77
296.0,6289846.2152,1585566.5886,1585474.0464,299431.03,7725.77
297.0,6287244.2095,1590710.8421,1590617.3661,299427.25,7725.77
298.0,6284633.7782,1595852.9638,1595758.5479,299423.46,7725.77
299.0,6282014.9247,1600992.9469,1600897.5849,299419.66,7725.77
300.0,6279387.6525,1606130.7844,1606034.4701,299415.85,7725.77
301.0,6276751.9653,1611266.4695,1611169.1966,299412.03,7725.77
302.0,6274107.8664,1616399.9953,1616301.7576,299408.20,7725.77
303.0,6271455.3596,1621531.3550,1621432.1462,299404.35,7725.77
304.0,6268794.4483,1626660.5416,1626560.3554,299400.49,7725.77
305.0,6266125.1361,1631787.5483,1631686.3783,299396.62,7725.77
306.0,6263447.4266,1636912.3682,1636810.2082,299392.74,7725.77
307.0,6260761.3235,1642034.9945,1641931.8380,299388.85,7725.77
308.0,6258066.8302,1647155.4202,1647051.2610,299384.94,7725.77
309.0,6255363.9505,1652273.6386,1652168.4701,299381.03,7725.77
310.0,6252652.6879,1657389.6427,1657283.4587,299377.10,7725.77
311.0,6249933.0461,1662503.4258,1662396.2197,299373.16,7725.77
312.0,6247205.0288,1667614.9809,1667506.7463,299369.21,7725.77
313.0,6244468.6397,1672724.3012,1672615.0317,299365.24,7725.77
314.0,6241723.8823,1677831.3799,1677721.0690,299361.27,7725.77
315.0,6238970.7604,1682936.2102,1682824.8513,299357.28,7725.77
316.0,6236209.2776,1688038.7851,1687926.3717,299353.29,7725.77
317.0,6233439.4378,1693139.0979,1693025.6235,299349.28,7725.77
318.0,6230661.2446,1698237.1417,1698122.5998,299345.26,7725.77
319.0,6227874.7017,1703332.9098,1703217.2936,299341.23,7725.77
320.0,6225079.8129,1708426.3951,1708309.6982,299337.18,7725.77
321.0,6222276.5820,1713517.5911,1713399.8068,299333.13,7725.77
322.0,6219465.0127,1718606.4907,1718487.6124,299329.06,7725.77
323.0,6216645.1087,1723693.0873,1723573.1083,299324.98,7725.78
324.0,6213816.8739,1728777.3740,1728656.2876,299320.89,7725.78
325.0,6210980.3121,1733859.3439,1733737.1435,299316.79,7725.78
326.0,6208135.4271,1738938.9904,1738815.6691,299312.68,7725.78
327.0,6205282.2227,1744016.3065,1743891.8577,299308.56,7725.78
328.0,6202420.7027,1749091.2854,1748965.7024,299304.42,7725.78
329.0,6199550.8710,1754163.9205,1754037.1964,299300.27,7725.78
330.0,6196672.7314,1759234.2048,1759106.3329,299296.12,7725.78
331.0,6193786.2879,1764302.1316,1764173.1051,299291.95,7725.78
332.0,6190891.5442,1769367.6941,1769237.5062,299287.77,7725.78
333.0,6187988.5042,1774430.8855,1774299.5293,299283.57,7725.78
334.0,6185077.1720,1779491.6990,1779359.1676,299279.37,7725.78
335.0,6182157.5513,1784550.1279,1784416.4145,299275.16,7725.78
336.0,6179229.6461,1789606.1654,1789471.2630,299270.93,7725.78
337.0,6176293.4603,1794659.8046,1794523.7064,299266.69,7725.78
338.0,6173348.9979,1799711.0389,1799573.7379,299262.44,7725.78
339.0,6170396.2629,1804759.8615,1804621.3507,299258.18,7725.78
340.0,6167435.2591,1809806.2655,1809666.5380,299253.91,7725.78
341.0,6164465.9906,1814850.2443,1814709.2931,299249.63,7725.78
342.0,6161488.4614,1819891.7911,1819749.6092,299245.33,7725.78
343.0,6158502.6754,1824930.8991,1824787.4794,299241.03,7725.78
344.0,6155508.6367,1829967.5616,1829822.8971,299236.71,7725.78
345.0,6152506.3493,1835001.7718,1834855.8555,299232.38,7725.78
346.0,6149495.8172,1840033.5231,1839886.3477,299228.05,7725.78
347.0,6146477.0445,1845062.8085,1844914.3671,299223.69,7725.78
348.0,6143450.0352,1850089.6215,1849939.9070,299219.33,7725.78
349.0,6140414.7933,1855113.9553,1854962.9604,299214.96,7725.78
350.0,6137371.3231,1860135.8031,1859983.5207,299210.58,7725.78
351.0,6134319.6285,1865155.1582,1865001.5812,299206.18,7725.78
352.0,6131259.7136,1870172.0140,1870017.1351,299201.78,7725.78
353.0,6128191.5826,1875186.3636,1875030.1757,299197.36,7725.78
354.0,6125115.2396,1880198.2004,1880040.6962,299192.93,7725.78
355.0,6122030.6887,1885207.5176,1885048.6899,299188.49,7725.78
356.0,6118937.9341,1890214.3086,1890054.1501,299184.04,7725.78
357.0,6115836.9798,1895218.5666,1895057.0701,299179.58,7725.78
358.0,6112727.8301,1900220.2850,1900057.4430,299175.10,7725.78
359.0,6109610.4892,1905219.4570,1905055.2623,299170.62,7725.78
360.0,6106484.9612,1910216.0759,1910050.5212,299166.13,7725.78
361.0,6103351.2504,1915210.1350,1915043.2129,299161.62,7725.78
362.0,6100209.3609,1920201.6278,1920033.3309,299157.10,7725.79
363.0,6097059.2969,1925190.5473,1925020.8683,299152.57,7725.79
364.0,6093901.0628,1930176.8871,1930005.8185,299148.03,7725.79
365.0,6090734.6627,1935160.6404,1934988.1748,299143.48,7725.79
366.0,6087560.1008,1940141.8005,1939967.9304,299138.92,7725.79
367.0,6084377.3815,1945120.3608,1944945.0788,299134.35,7725.79
368.0,6081186.5091,1950096.3145,1949919.6132,299129.77,7725.79
369.0,6077987.4877,1955069.6551,1954891.5269,299125.17,7725.79
370.0,6074780.3218,1960040.3759,1959860.8132,299120.57,7725.79
371.0,6071565.0155,1965008.4702,1964827.4655,299115.95,7725.79
372.0,6068341.5733,1969973.9313,1969791.4771,299111.33,7725.79
373.0,6065109.9995,1974936.7526,1974752.8414,299106.69,7725.79
374.0,6061870.2983,1979896.9275,1979711.5516,299102.04,7725.79
375.0,6058622.4742,1984854.4493,1984667.6011,299097.38,7725.79
376.0,6055366.5316,1989809.3113,1989620.9833,299092.71,7725.79
377.0,6052102.4747,1994761.5070,1994571.6915,299088.03,7725.79
378.0,6048830.3079,1999711.0297,1999519.7190,299083.34,7725.79
379.0,6045550.0357,2004657.8728,2004465.0592,299078.63,7725.79
380.0,6042261.6625,2009602.0296,2009407.7054,299073.92,7725.79
381.0,6038965.1927,2014543.4936,2014347.6511,299069.19,7725.79
382.0,6035660.6307,2019482.2580,2019284.8896,299064.46,7725.79
383.0,6032347.9809,2024418.3164,2024219.4142,299059.71,7725.79
384.0,6029027.2479,2029351.6620,2029151.2183,299054.95,7725.79
385.0,6025698.4359,2034282.2883,2034080.2953,299050.19,7725.79
386.0,6022361.5497,2039210.1887,2039006.6385,299045.41,7725.79
387.0,6019016.5935,2044135.3566,2043930.2415,299040.62,7725.79
388.0,6015663.5719,2049057.7853,2048851.0974,299035.82,7725.79
389.0,6012302.4894,2053977.4683,2053769.1998,299031.01,7725.79
390.0,6008933.3505,2058894.3990,2058684.5421,299026.19,7725.79
391.0,6005556.1598,2063808.5708,2063597.1175,299021.35,7725.80
392.0,6002170.9217,2068719.9771,2068506.9195,299016.51,7725.80
393.0,5998777.6409,2073628.6114,2073413.9416,299011.66,7725.80
394.0,5995376.3218,2078534.4670,2078318.1771,299006.79,7725.80
395.0,5991966.9691,2083437.5375,2083219.6195,299001.92,7725.80
396.0,5988549.5873,2088337.8162,2088118.2621,298997.03,7725.80
397.0,5985124.1810,2093235.2966,2093014.0984,298992.13,7725.80
398.0,5981690.7548,2098129.9720,2097907.1219,298987.23,7725.80
399.0,5978249.3133,2103021.8361,2102797.3258,298982.31,7725.80
400.0,5974799.8612,2107910.8821,2107684.7037,298977.38,7725.80
401.0,5971342.4031,2112797.1036,2112569.2490,298972.44,7725.80
402.0,5967876.9435,2117680.4940,2117450.9552,298967.49,7725.80
403.0,5964403.4872,2122561.0468,2122329.8156,298962.54,7725.80
404.0,5960922.0389,2127438.7555,2127205.8238,298957.56,7725.80
405.0,5957432.6032,2132313.6134,2132078.9731,298952.58,7725.80
406.0,5953935.1847,2137185.6141,2136949.2571,298947.59,7725.80
407.0,5950429.7883,2142054.7511,2141816.6691,298942.59,7725.80
408.0,5946916.4185,2146921.0178,2146681.2027,298937.58,7725.80
409.0,5943395.0802,2151784.4078,2151542.8513,298932.56,7725.80
410.0,5939865.7780,2156644.9144,2156401.6085,298927.52,7725.80
411.0,5936328.5167,2161502.5312,2161257.4675,298922.48,7725.80
412.0,5932783.3010,2166357.2517,2166110.4221,298917.43,7725.80
413.0,5929230.1357,2171209.0694,2170960.4655,298912.36,7725.80
414.0,5925669.0255,2176057.9778,2175807.5913,298907.29,7725.80
415.0,5922099.9753,2180903.9704,2180651.7931,298902.20,7725.81
416.0,5918522.9898,2185747.0406,2185493.0642,298897.11,7725.81
417.0,5914938.0739,2190587.1821,2190331.3982,298892.00,7725.81
418.0,5911345.2323,2195424.3884,2195166.7886,298886.88,7725.81
419.0,5907744.4699,2200258.6529,2199999.2289,298881.76,7725.81
420.0,5904135.7915,2205089.9691,2204828.7126,298876.62,7725.81
421.0,5900519.2019,2209918.3307,2209655.2332,298871.47,7725.81
422.0,5896894.7061,2214743.7312,2214478.7843,298866.31,7725.81
423.0,5893262.3088,2219566.1640,2219299.3593,298861.15,7725.81
424.0,5889622.0150,2224385.6228,2224116.9518,298855.97,7725.81
425.0,5885973.8295,2229202.1010,2228931.5552,298850.78,7725.81
426.0,5882317.7573,2234015.5922,2233743.1633,298845.58,7725.81
427.0,5878653.8032,2238826.0901,2238551.7694,298840.37,7725.81
428.0,5874981.9721,2243633.5881,2243357.3671,298835.15,7725.81
429.0,5871302.2691,2248438.0797,2248159.9500,298829.92,7725.81
430.0,5867614.6990,2253239.5587,2252959.5116,298824.68,7725.81
431.0,5863919.2667,2258038.0184,2257756.0455,298819.43,7725.81
432.0,5860215.9774,2262833.4526,2262549.5452,298814.17,7725.81
433.0,5856504.8358,2267625.8548,2267340.0043,298808.90,7725.81
434.0,5852785.8471,2272415.2185,2272127.4163,298803.62,7725.81
435.0,5849059.0161,2277201.5374,2276911.7749,298798.33,7725.81
436.0,5845324.3479,2281984.8051,2281693.0736,298793.03,7725.82
437.0,5841581.8476,2286765.0150,2286471.3059,298787.72,7725.82
438.0,5837831.5200,2291542.1610,2291246.4655,298782.40,7725.82
439.0,5834073.3704,2296316.2364,2296018.5460,298777.07,7725.82
440.0,5830307.4037,2301087.2350,2300787.5409,298771.73,7725.82
441.0,5826533.6249,2305855.1504,2305553.4438,298766.38,7725.82
442.0,5822752.0392,2310619.9762,2310316.2484,298761.02,7725.82
443.0,5818962.6515,2315381.7059,2315075.9481,298755.65,7725.82
444.0,5815165.4671,2320140.3333,2319832.5368,298750.27,7725.82
445.0,5811360.4910,2324895.8519,2324586.0078,298744.88,7725.82
446.0,5807547.7283,2329648.2554,2329336.3550,298739.48,7725.82
447.0,5803727.1841,2334397.5374,2334083.5718,298734.06,7725.82
448.0,5799898.8636,2339143.6916,2338827.6520,298728.64,7725.82
449.0,5796062.7718,2343886.7115,2343568.5891,298723.21,7725.82
450.0,5792218.9141,2348626.5909,2348306.3767,298717.77,7725.82
451.0,5788367.2954,2353363.3234,2353041.0086,298712.32,7725.82
452.0,5784507.9209,2358096.9027,2357772.4784,298706.86,7725.82
453.0,5780640.7960,2362827.3224,2362500.7796,298701.39,7725.82
454.0,5776765.9256,2367554.5762,2367225.9060,298695.91,7725.83
455.0,5772883.3152,2372278.6577,2371947.8511,298690.42,7725.83
456.0,5768992.9698,2376999.5607,2376666.6088,298684.92,7725.83
457.0,5765094.8946,2381717.2788,2381382.1725,298679.41,7725.83
458.0,5761189.0950,2386431.8057,2386094.5361,298673.89,7725.83
459.0,5757275.5761,2391143.1350,2390803.6931,298668.36,7725.83
460.0,5753354.3433,2395851.2606,2395509.6372,298662.82,7725.83
461.0,5749425.4017,2400556.1760,2400212.3622,298657.27,7725.83
462.0,5745488.7566,2405257.8749,2404911.8617,298651.72,7725.83
463.0,5741544.4134,2409956.3511,2409608.1293,298646.15,7725.83
464.0,5737592.3774,2414651.5984,2414301.1589,298640.57,7725.83
465.0,5733632.6537,2419343.6103,2418990.9440,298634.98,7725.83
466.0,5729665.2478,2424032.3806,2423677.4784,298629.38,7725.83
467.0,5725690.1650,2428717.9030,2428360.7558,298623.78,7725.83
468.0,5721707.4105,2433400.1713,2433040.7699,298618.16,7725.83
469.0,5717716.9899,2438079.1792,2437717.5144,298612.53,7725.83
470.0,5713718.9083,2442754.9204,2442390.9830,298606.90,7725.84
471.0,5709713.1712,2447427.3887,2447061.1695,298601.25,7725.84
472.0,5705699.7840,2452096.5778,2451728.0676,298595.60,7725.84
473.0,5701678.7520,2456762.4815,2456391.6710,298589.93,7725.84
474.0,5697650.0806,2461425.0934,2461051.9734,298584.26,7725.84
475.0,5693613.7753,2466084.4074,2465708.9687,298578.57,7725.84
476.0,5689569.8415,2470740.4173,2470362.6505,298572.88,7725.84
477.0,5685518.2845,2475393.1167,2475013.0125,298567.18,7725.84
478.0,5681459.1099,2480042.4995,2479660.0487,298561.46,7725.84
479.0,5677392.3230,2484688.5594,2484303.7526,298555.74,7725.84
480.0,5673317.9294,2489331.2903,2488944.1181,298550.01,7725.84
481.0,5669235.9344,2493970.6858,2493581.1389,298544.27,7725.84
482.0,5665146.3437,2498606.7399,2498214.8089,298538.52,7725.84
483.0,5661049.1626,2503239.4462,2502845.1217,298532.76,7725.84
484.0,5656944.3967,2507868.7986,2507472.0713,298526.99,7725.84
485.0,5652832.0515,2512494.7909,2512095.6512,298521.21,7725.85
486.0,5648712.1325,2517117.4168,2516715.8555,298515.42,7725.85
487.0,5644584.6452,2521736.6703,2521332.6777,298509.62,7725.85
488.0,5640449.5951,2526352.5451,2525946.1118,298503.82,7725.85
489.0,5636306.9879,2530965.0350,2530556.1516,298498.00,7725.85
490.0,5632156.8291,2535574.1338,2535162.7908,298492.17,7725.85
491.0,5627999.1242,2540179.8355,2539766.0233,298486.34,7725.85
492.0,5623833.8788,2544782.1338,2544365.8429,298480.49,7725.85
493.0,5619661.0986,2549381.0225,2548962.2434,298474.64,7725.85
494.0,5615480.7891,2553976.4955,2553555.2187,298468.78,7725.85
495.0,5611292.9559,2558568.5467,2558144.7625,298462.90,7725.85
496.0,5607097.6046,2563157.1698,2562730.8687,298457.02,7725.85
497.0,5602894.7410,2567742.3589,2567313.5312,298451.13,7725.85
498.0,5598684.3705,2572324.1076,2571892.7438,298445.23,7725.86
499.0,5594466.4989,2576902.4099,2576468.5003,298439.32,7725.86
500.0,5590241.1319,2581477.2597,2581040.7946,298433.40,7725.86
501.0,5586008.2750,2586048.6508,2585609.6206,298427.47,7725.86
502.0,5581767.9340,2590616.5771,2590174.9722,298421.54,7725.86
503.0,5577520.1147,2595181.0325,2594736.8431,298415.59,7725.86
504.0,5573264.8225,2599742.0109,2599295.2273,298409.64,7725.86
505.0,5569002.0634,2604299.5061,2603850.1187,298403.67,7725.86
506.0,5564731.8430,2608853.5121,2608401.5111,298397.70,7725.86
507.0,5560454.1670,2613404.0228,2612949.3984,298391.72,7725.86
508.0,5556169.0411,2617951.0321,2617493.7745,298385.72,7725.86
509.0,5551876.4712,2622494.5339,2622034.6334,298379.72,7725.86
510.0,5547576.4630,2627034.5221,2626571.9689,298373.71,7725.86
511.0,5543269.0223,2631570.9906,2631105.7749,298367.69,7725.87
512.0,5538954.1547,2636103.9333,2635636.0453,298361.67,7725.87
513.0,5534631.8663,2640633.3443,2640162.7741,298355.63,7725.87
514.0,5530302.1626,2645159.2174,2644685.9552,298349.58,7725.87
515.0,5525965.0496,2649681.5466,2649205.5825,298343.53,7725.87
516.0,5521620.5330,2654200.3258,2653721.6499,298337.46,7725.87
517.0,5517268.6187,2658715.5489,2658234.1514,298331.39,7725.87
518.0,5512909.3126,2663227.2100,2662743.0809,298325.31,7725.87
519.0,5508542.6204,2667735.3029,2667248.4323,298319.22,7725.87
520.0,5504168.5481,2672239.8217,2671750.1997,298313.12,7725.87
521.0,5499787.1014,2676740.7603,2676248.3769,298307.01,7725.87
522.0,5495398.2864,2681238.1127,2680742.9579,298300.89,7725.88
523.0,5491002.1088,2685731.8728,2685233.9368,298294.77,7725.88
524.0,5486598.5746,2690222.0348,2689721.3073,298288.63,7725.88
525.0,5482187.6897,2694708.5924,2694205.0637,298282.49,7725.88
526.0,5477769.4600,2699191.5398,2698685.1997,298276.34,7725.88
527.0,5473343.8915,2703670.8709,2703161.7094,298270.17,7725.88
528.0,5468910.9900,2708146.5797,2707634.5868,298264.00,7725.88
529.0,5464470.7615,2712618.6603,2712103.8259,298257.83,7725.88
530.0,5460023.2120,2717087.1067,2716569.4207,298251.64,7725.88
531.0,5455568.3474,2721551.9128,2721031.3651,298245.44,7725.88
532.0,5451106.1737,2726013.0727,2725489.6533,298239.24,7725.88
533.0,5446636.6970,2730470.5804,2729944.2791,298233.02,7725.89
534.0,5442159.9232,2734924.4300,2734395.2367,298226.80,7725.89
535.0,5437675.8583,2739374.6155,2738842.5200,298220.57,7725.89
536.0,5433184.5083,2743821.1310,2743286.1231,298214.33,7725.89
537.0,5428685.8792,2748263.9704,2747726.0400,298208.08,7725.89
538.0,5424179.9772,2752703.1278,2752162.2648,298201.82,7725.89
539.0,5419666.8082,2757138.5974,2756594.7914,298195.56,7725.89
540.0,5415146.3783,2761570.3731,2761023.6140,298189.28,7725.89
541.0,5410618.6935,2765998.4490,2765448.7266,298183.00,7725.89
542.0,5406083.7600,2770422.8192,2769870.1232,298176.71,7725.89
543.0,5401541.5838,2774843.4778,2774287.7980,298170.41,7725.89
544.0,5396992.1710,2779260.4189,2778701.7449,298164.10,7725.90
545.0,5392435.5277,2783673.6365,2783111.9581,298157.78,7725.90
546.0,5387871.6600,2788083.1247,2787518.4316,298151.46,7725.90
547.0,5383300.5741,2792488.8777,2791921.1596,298145.12,7725.90
548.0,5378722.2761,2796890.8895,2796320.1360,298138.78,7725.90
549.0,5374136.7721,2801289.1542,2800715.3551,298132.43,7725.90
550.0,5369544.0683,2805683.6660,2805106.8108,298126.07,7725.90
551.0,5364944.1708,2810074.4190,2809494.4974,298119.70,7725.90
552.0,5360337.0859,2814461.4072,2813878.4089,298113.32,7725.90
553.0,5355722.8196,2818844.6249,2818258.5394,298106.94,7725.91
554.0,5351101.3783,2823224.0661,2822634.8831,298100.55,7725.91
555.0,5346472.7680,2827599.7251,2827007.4340,298094.14,7725.91
556.0,5341836.9950,2831971.5958,2831376.1863,298087.73,7725.91
557.0,5337194.0655,2836339.6725,2835741.1342,298081.32,7725.91
558.0,5332543.9858,2840703.9494,2840102.2717,298074.89,7725.91
559.0,5327886.7620,2845064.4206,2844459.5931,298068.46,7725.91
560.0,5323222.4005,2849421.0802,2848813.0924,298062.01,7725.91
561.0,5318550.9075,2853773.9224,2853162.7639,298055.56,7725.91
562.0,5313872.2892,2858122.9414,2857508.6016,298049.10,7725.91
563.0,5309186.5520,2862468.1314,2861850.5998,298042.63,7725.92
564.0,5304493.7020,2866809.4866,2866188.7526,298036.16,7725.92
565.0,5299793.7457,2871147.0011,2870523.0542,298029.67,7725.92
566.0,5295086.6893,2875480.6691,2874853.4988,298023.18,7725.92
567.0,5290372.5392,2879810.4849,2879180.0805,298016.68,7725.92
568.0,5285651.3015,2884136.4426,2883502.7936,298010.17,7725.92
569.0,5280922.9828,2888458.5365,2887821.6323,298003.66,7725.92
570.0,5276187.5894,2892776.7608,2892136.5907,297997.13,7725.92
571.0,5271445.1275,2897091.1096,2896447.6630,297990.60,7725.92
572.0,5266695.6035,2901401.5772,2900754.8436,297984.06,7725.93
573.0,5261939.0239,2905708.1579,2905058.1265,297977.51,7725.93
574.0,5257175.3950,2910010.8459,2909357.5060,297970.95,7725.93
575.0,5252404.7231,2914309.6353,2913652.9764,297964.38,7725.93
576.0,5247627.0148,2918604.5206,2917944.5318,297957.81,7725.93
577.0,5242842.2764,2922895.4958,2922232.1666,297951.23,7725.93
578.0,5238050.5143,2927182.5553,2926515.8749,297944.64,7725.93
579.0,5233251.7349,2931465.6934,2930795.6510,297938.04,7725.93
580.0,5228445.9447,2935744.9042,2935071.4891,297931.44,7725.94
581.0,5223633.1501,2940020.1821,2939343.3836,297924.82,7725.94
582.0,5218813.3577,2944291.5214,2943611.3287,297918.20,7725.94
583.0,5213986.5737,2948558.9163,2947875.3186,297911.57,7725.94
584.0,5209152.8048,2952822.3611,2952135.3476,297904.94,7725.94
585.0,5204312.0575,2957081.8501,2956391.4101,297898.29,7725.94
586.0,5199464.3381,2961337.3776,2960643.5002,297891.64,7725.94
587.0,5194609.6532,2965588.9380,2964891.6123,297884.98,7725.94
588.0,5189748.0094,2969836.5254,2969135.7407,297878.31,7725.94
589.0,5184879.4131,2974080.1343,2973375.8797,297871.64,7725.95
590.0,5180003.8708,2978319.7590,2977612.0236,297864.95,7725.95
591.0,5175121.3892,2982555.3937,2981844.1667,297858.26,7725.95
592.0,5170231.9747,2986787.0329,2986072.3033,297851.56,7725.95
593.0,5165335.6339,2991014.6708,2990296.4277,297844.85,7725.95
594.0,5160432.3735,2995238.3018,2994516.5344,297838.14,7725.95
595.0,5155522.1999,2999457.9202,2998732.6175,297831.42,7725.95
596.0,5150605.1197,3003673.5204,3002944.6715,297824.68,7725.95
597.0,5145681.1396,3007885.0968,3007152.6907,297817.95,7725.96
598.0,5140750.2661,3012092.6436,3011356.6694,297811.20,7725.96
599.0,5135812.5059,3016296.1554,3015556.6020,297804.45,7725.96
600.0,5130867.8656,3020495.6264,3019752.4829,297797.69,7725.96
601.0,5125916.3518,3024691.0510,3023944.3064,297790.92,7725.96
602.0,5120957.9711,3028882.4236,3028132.0670,297784.14,7725.96
603.0,5115992.7303,3033069.7386,3032315.7589,297777.36,7725.96
604.0,5111020.6359,3037252.9905,3036495.3765,297770.57,7725.97
605.0,5106041.6947,3041432.1735,3040670.9144,297763.77,7725.97
606.0,5101055.9133,3045607.2821,3044842.3667,297756.96,7725.97
607.0,5096063.2983,3049778.3108,3049009.7281,297750.15,7725.97
608.0,5091063.8566,3053945.2539,3053172.9927,297743.33,7725.97
609.0,5086057.5948,3058108.1058,3057332.1552,297736.50,7725.97
610.0,5081044.5196,3062266.8610,3061487.2098,297729.66,7725.97
611.0,5076024.6378,3066421.5140,3065638.1510,297722.82,7725.97
612.0,5070997.9560,3070572.0591,3069784.9733,297715.97,7725.98
613.0,5065964.4810,3074718.4908,3073927.6710,297709.11,7725.98
614.0,5060924.2196,3078860.8035,3078066.2386,297702.24,7725.98
615.0,5055877.1785,3082998.9918,3082200.6706,297695.37,7725.98
616.0,5050823.3646,3087133.0500,3086330.9613,297688.49,7725.98
617.0,5045762.7844,3091262.9727,3090457.1054,297681.60,7725.98
618.0,5040695.4450,3095388.7543,3094579.0971,297674.70,7725.98
619.0,5035621.3530,3099510.3892,3098696.9310,297667.80,7725.99
620.0,5030540.5153,3103627.8720,3102810.6015,297660.89,7725.99
621.0,5025452.9386,3107741.1972,3106920.1032,297653.97,7725.99
622.0,5020358.6299,3111850.3593,3111025.4305,297647.05,7725.99
623.0,5015257.5959,3115955.3527,3115126.5779,297640.12,7725.99
624.0,5010149.8434,3120056.1719,3119223.5399,297633.18,7725.99
625.0,5005035.3794,3124152.8115,3123316.3110,297626.23,7725.99
626.0,4999914.2106,3128245.2660,3127404.8857,297619.28,7726.00
627.0,4994786.3440,3132333.5300,3131489.2585,297612.32,7726.00
628.0,4989651.7864,3136417.5978,3135569.4239,297605.35,7726.00
629.0,4984510.5448,3140497.4641,3139645.3765,297598.37,7726.00
630.0,4979362.6259,3144573.1235,3143717.1108,297591.39,7726.00
631.0,4974208.0368,3148644.5704,3147784.6212,297584.40,7726.00
632.0,4969046.7842,3152711.7993,3151847.9025,297577.41,7726.00
633.0,4963878.8752,3156774.8050,3155906.9490,297570.40,7726.01
634.0,4958704.3167,3160833.5819,3159961.7554,297563.39,7726.01
635.0,4953523.1156,3164888.1246,3164012.3162,297556.37,7726.01
636.0,4948335.2789,3168938.4276,3168058.6259,297549.35,7726.01
637.0,4943140.8134,3172984.4856,3172100.6792,297542.32,7726.01
638.0,4937939.7263,3177026.2931,3176138.4706,297535.28,7726.01
639.0,4932732.0244,3181063.8447,3180171.9947,297528.23,7726.02
640.0,4927517.7148,3185097.1351,3184201.2461,297521.18,7726.02
641.0,4922296.8044,3189126.1587,3188226.2193,297514.12,7726.02
642.0,4917069.3002,3193150.9103,3192246.9090,297507.06,7726.02
643.0,4911835.2093,3197171.3844,3196263.3098,297499.98,7726.02
644.0,4906594.5386,3201187.5757,3200275.4163,297492.90,7726.02
645.0,4901347.2952,3205199.4788,3204283.2230,297485.82,7726.03
646.0,4896093.4862,3209207.0883,3208286.7247,297478.72,7726.03
647.0,4890833.1185,3213210.3988,3212285.9159,297471.62,7726.03
648.0,4885566.1992,3217209.4050,3216280.7912,297464.51,7726.03
649.0,4880292.7355,3221204.1016,3220271.3454,297457.40,7726.03
650.0,4875012.7342,3225194.4831,3224257.5730,297450.28,7726.03
651.0,4869726.2027,3229180.5443,3228239.4687,297443.15,7726.03
652.0,4864433.1478,3233162.2798,3232217.0272,297436.02,7726.04
653.0,4859133.5768,3237139.6843,3236190.2430,297428.87,7726.04
654.0,4853827.4967,3241112.7525,3240159.1110,297421.73,7726.04
655.0,4848514.9147,3245081.4790,3244123.6257,297414.57,7726.04
656.0,4843195.8378,3249045.8585,3248083.7818,297407.41,7726.04
657.0,4837870.2732,3253005.8858,3252039.5741,297400.24,7726.04
658.0,4832538.2281,3256961.5555,3255990.9971,297393.07,7726.05
659.0,4827199.7096,3260912.8623,3259938.0457,297385.89,7726.05
660.0,4821854.7248,3264859.8010,3263880.7144,297378.70,7726.05
661.0,4816503.2809,3268802.3662,3267818.9981,297371.50,7726.05
662.0,4811145.3851,3272740.5528,3271752.8914,297364.30,7726.05
663.0,4805781.0446,3276674.3553,3275682.3890,297357.09,7726.05
664.0,4800410.2666,3280603.7686,3279607.4857,297349.88,7726.06
665.0,4795033.0582,3284528.7874,3283528.1761,297342.66,7726.06
666.0,4789649.4267,3288449.4064,3287444.4552,297335.43,7726.06
667.0,4784259.3793,3292365.6204,3291356.3175,297328.20,7726.06
668.0,4778862.9233,3296277.4242,3295263.7578,297320.96,7726.06
669.0,4773460.0658,3300184.8125,3299166.7709,297313.71,7726.07
670.0,4768050.8141,3304087.7801,3303065.3515,297306.46,7726.07
671.0,4762635.1754,3307986.3217,3306959.4945,297299.20,7726.07
672.0,4757213.1571,3311880.4322,3310849.1945,297291.93,7726.07
673.0,4751784.7663,3315770.1063,3314734.4464,297284.66,7726.07
674.0,4746350.0104,3319655.3388,3318615.2449,297277.38,7726.07
675.0,4740908.8967,3323536.1246,3322491.5849,297270.09,7726.08
676.0,4735461.4324,3327412.4584,3326363.4611,297262.80,7726.08
677.0,4730007.6249,3331284.3350,3330230.8683,297255.50,7726.08
678.0,4724547.4814,3335151.7493,3334093.8014,297248.20,7726.08
679.0,4719081.0093,3339014.6961,3337952.2551,297240.89,7726.08
680.0,4713608.2159,3342873.1702,3341806.2243,297233.57,7726.09
681.0,4708129.1086,3346727.1665,3345655.7038,297226.25,7726.09
682.0,4702643.6946,3350576.6797,3349500.6885,297218.92,7726.09
683.0,4697151.9814,3354421.7048,3353341.1731,297211.59,7726.09
684.0,4691653.9763,3358262.2366,3357177.1526,297204.24,7726.09
685.0,4686149.6867,3362098.2700,3361008.6217,297196.90,7726.09
686.0,4680639.1199,3365929.7997,3364835.5753,297189.54,7726.10
687.0,4675122.2834,3369756.8208,3368658.0084,297182.18,7726.10
688.0,4669599.1846,3373579.3281,3372475.9157,297174.82,7726.10
689.0,4664069.8308,3377397.3164,3376289.2921,297167.44,7726.10
690.0,4658534.2294,3381210.7806,3380098.1325,297160.06,7726.10
691.0,4652992.3879,3385019.7157,3383902.4319,297152.68,7726.11
692.0,4647444.3138,3388824.1165,3387702.1850,297145.29,7726.11
693.0,4641890.0144,3392623.9780,3391497.3869,297137.89,7726.11
694.0,4636329.4971,3396419.2951,3395288.0323,297130.49,7726.11
695.0,4630762.7696,3400210.0626,3399074.1163,297123.08,7726.11
696.0,4625189.8391,3403996.2756,3402855.6337,297115.67,7726.12
697.0,4619610.7132,3407777.9289,3406632.5794,297108.25,7726.12
698.0,4614025.3994,3411555.0175,3410404.9485,297100.82,7726.12
699.0,4608433.9051,3415327.5364,3414172.7357,297093.39,7726.12
700.0,4602836.2379,3419095.4804,3417935.9361,297085.95,7726.12
701.0,4597232.4052,3422858.8445,3421694.5447,297078.50,7726.13
702.0,4591622.4146,3426617.6238,3425448.5562,297071.05,7726.13
703.0,4586006.2736,3430371.8131,3429197.9659,297063.60,7726.13
704.0,4580383.9897,3434121.4075,3432942.7685,297056.13,7726.13
705.0,4574755.5704,3437866.4020,3436682.9591,297048.67,7726.13
706.0,4569121.0233,3441606.7914,3440418.5326,297041.19,7726.14
707.0,4563480.3560,3445342.5708,3444149.4841,297033.71,7726.14
708.0,4557833.5759,3449073.7353,3447875.8085,297026.23,7726.14
709.0,4552180.6908,3452800.2798,3451597.5008,297018.74,7726.14
710.0,4546521.7080,3456522.1993,3455314.5560,297011.24,7726.14
711.0,4540856.6354,3460239.4889,3459026.9692,297003.74,7726.15
712.0,4535185.4803,3463952.1435,3462734.7353,296996.23,7726.15
713.0,4529508.2505,3467660.1583,3466437.8494,296988.72,7726.15
714.0,4523824.9535,3471363.5282,3470136.3065,296981.20,7726.15
715.0,4518135.5970,3475062.2482,3473830.1017,296973.67,7726.15
716.0,4512440.1886,3478756.3136,3477519.2299,296966.14,7726.16
717.0,4506738.7359,3482445.7192,3481203.6863,296958.60,7726.16
718.0,4501031.2466,3486130.4601,3484883.4658,296951.06,7726.16
719.0,4495317.7283,3489810.5315,3488558.5636,296943.51,7726.16
720.0,4489598.1886,3493485.9284,3492228.9748,296935.96,7726.16
721.0,4483872.6353,3497156.6459,3495894.6943,296928.40,7726.17
722.0,4478141.0760,3500822.6790,3499555.7172,296920.84,7726.17
723.0,4472403.5184,3504484.0230,3503212.0387,296913.27,7726.17
724.0,4466659.9702,3508140.6727,3506863.6539,296905.69,7726.17
725.0,4460910.4391,3511792.6234,3510510.5578,296898.11,7726.18
726.0,4455154.9327,3515439.8703,3514152.7455,296890.53,7726.18
727.0,4449393.4589,3519082.4083,3517790.2122,296882.93,7726.18
728.0,4443626.0253,3522720.2326,3521422.9530,296875.34,7726.18
729.0,4437852.6397,3526353.3384,3525050.9630,296867.73,7726.18
730.0,4432073.3097,3529981.7208,3528674.2373,296860.13,7726.19
731.0,4426288.0432,3533605.3749,3532292.7710,296852.51,7726.19
732.0,4420496.8479,3537224.2959,3535906.5594,296844.89,7726.19
733.0,4414699.7315,3540838.4789,3539515.5975,296837.27,7726.19
734.0,4408896.7019,3544447.9192,3543119.8805,296829.64,7726.20
735.0,4403087.7668,3548052.6118,3546719.4036,296822.01,7726.20
736.0,4397272.9340,3551652.5520,3550314.1620,296814.37,7726.20
737.0,4391452.2113,3555247.7349,3553904.1507,296806.72,7726.20
738.0,4385625.6064,3558838.1558,3557489.3651,296799.07,7726.20
739.0,4379793.1273,3562423.8097,3561069.8002,296791.42,7726.21
740.0,4373954.7816,3566004.6920,3564645.4513,296783.76,7726.21
741.0,4368110.5773,3569580.7978,3568216.3136,296776.09,7726.21
742.0,4362260.5222,3573152.1223,3571782.3823,296768.42,7726.21
743.0,4356404.6241,3576718.6608,3575343.6526,296760.74,7726.22
744.0,4350542.8908,3580280.4084,3578900.1196,296753.06,7726.22
745.0,4344675.3303,3583837.3605,3582451.7788,296745.37,7726.22
746.0,4338801.9503,3587389.5123,3585998.6252,296737.68,7726.22
747.0,4332922.7588,3590936.8589,3589540.6541,296729.98,7726.23
748.0,4327037.7636,3594479.3957,3593077.8608,296722.28,7726.23
749.0,4321146.9727,3598017.1180,3596610.2404,296714.58,7726.23
750.0,4315250.3938,3601550.0209,3600137.7884,296706.86,7726.23
751.0,4309348.0350,3605078.0997,3603660.4999,296699.15,7726.23
752.0,4303439.9041,3608601.3498,3607178.3702,296691.43,7726.24
753.0,4297526.0090,3612119.7664,3610691.3945,296683.70,7726.24
754.0,4291606.3577,3615633.3448,3614199.5683,296675.97,7726.24
755.0,4285680.9582,3619142.0803,3617702.8867,296668.23,7726.24
756.0,4279749.8182,3622645.9682,3621201.3450,296660.49,7726.25
757.0,4273812.9459,3626145.0038,3624694.9386,296652.74,7726.25
758.0,4267870.3490,3629639.1825,3628183.6628,296644.99,7726.25
759.0,4261922.0357,3633128.4995,3631667.5128,296637.23,7726.25
760.0,4255968.0139,3636612.9502,3635146.4841,296629.47,7726.26
761.0,4250008.2916,3640092.5300,3638620.5719,296621.71,7726.26
762.0,4244042.8767,3643567.2341,3642089.7716,296613.93,7726.26
763.0,4238071.7772,3647037.0579,3645554.0785,296606.16,7726.26
764.0,4232095.0012,3650501.9967,3649013.4879,296598.38,7726.27
765.0,4226112.5567,3653962.0461,3652467.9953,296590.59,7726.27
766.0,4220124.4516,3657417.2012,3655917.5960,296582.80,7726.27
767.0,4214130.6940,3660867.4575,3659362.2853,296575.01,7726.27
768.0,4208131.2919,3664312.8103,3662802.0586,296567.21,7726.28
769.0,4202126.2535,3667753.2551,3666236.9114,296559.40,7726.28
770.0,4196115.5866,3671188.7873,3669666.8390,296551.59,7726.28
771.0,4190099.2994,3674619.4022,3673091.8367,296543.78,7726.28
772.0,4184077.3999,3678045.0952,3676511.9001,296535.96,7726.29
773.0,4178049.8963,3681465.8619,3679927.0244,296528.14,7726.29
774.0,4172016.7965,3684881.6975,3683337.2052,296520.31,7726.29
775.0,4165978.1086,3688292.5975,3686742.4379,296512.48,7726.29
776.0,4159933.8409,3691698.5574,3690142.7178,296504.64,7726.30
777.0,4153884.0013,3695099.5726,3693538.0404,296496.80,7726.30
778.0,4147828.5979,3698495.6385,3696928.4011,296488.96,7726.30
779.0,4141767.6389,3701886.7506,3700313.7955,296481.11,7726.30
780.0,4135701.1325,3705272.9044,3703694.2189,296473.25,7726.31
781.0,4129629.0866,3708654.0953,3707069.6669,296465.39,7726.31
782.0,4123551.5095,3712030.3188,3710440.1348,296457.53,7726.31
783.0,4117468.4094,3715401.5704,3713805.6182,296449.66,7726.32
784.0,4111379.7943,3718767.8456,3717166.1125,296441.79,7726.32
785.0,4105285.6724,3722129.1398,3720521.6133,296433.91,7726.32
786.0,4099186.0518,3725485.4486,3723872.1160,296426.03,7726.32
787.0,4093080.9409,3728836.7674,3727217.6161,296418.15,7726.33
788.0,4086970.3477,3732183.0919,3730558.1091,296410.26,7726.33
789.0,4080854.2804,3735524.4174,3733893.5906,296402.36,7726.33
790.0,4074732.7472,3738860.7396,3737224.0561,296394.46,7726.33
791.0,4068605.7563,3742192.0540,3740549.5011,296386.56,7726.34
792.0,4062473.3160,3745518.3561,3743869.9211,296378.65,7726.34
793.0,4056335.4345,3748839.6414,3747185.3117,296370.74,7726.34
794.0,4050192.1199,3752155.9056,3750495.6685,296362.82,7726.35
795.0,4044043.3805,3755467.1441,3753800.9869,296354.90,7726.35
796.0,4037889.2245,3758773.3525,3757101.2626,296346.98,7726.35
797.0,4031729.6603,3762074.5265,3760396.4910,296339.05,7726.35
798.0,4025564.6960,3765370.6616,3763686.6679,296331.12,7726.36
799.0,4019394.3399,3768661.7534,3766971.7888,296323.18,7726.36
800.0,4013218.6002,3771947.7974,3770251.8492,296315.24,7726.36
801.0,4007037.4853,3775228.7893,3773526.8448,296307.30,7726.36
802.0,4000851.0035,3778504.7248,3776796.7712,296299.35,7726.37
803.0,3994659.1629,3781775.5993,3780061.6239,296291.39,7726.37
804.0,3988461.9720,3785041.4085,3783321.3986,296283.44,7726.37
805.0,3982259.4390,3788302.1481,3786576.0910,296275.48,7726.38
806.0,3976051.5722,3791557.8137,3789825.6966,296267.51,7726.38
807.0,3969838.3800,3794808.4010,3793070.2111,296259.54,7726.38
808.0,3963619.8706,3798053.9055,3796309.6301,296251.57,7726.38
809.0,3957396.0524,3801294.3230,3799543.9493,296243.59,7726.39
810.0,3951166.9338,3804529.6490,3802773.1643,296235.61,7726.39
811.0,3944932.5230,3807759.8793,3805997.2708,296227.62,7726.39
812.0,3938692.8285,3810985.0096,3809216.2645,296219.63,7726.40
813.0,3932447.8586,3814205.0355,3812430.1411,296211.64,7726.40
814.0,3926197.6217,3817419.9527,3815638.8962,296203.65,7726.40
815.0,3919942.1261,3820629.7570,3818842.5255,296195.64,7726.41
816.0,3913681.3802,3823834.4439,3822041.0247,296187.64,7726.41
817.0,3907415.3924,3827034.0093,3825234.3896,296179.63,7726.41
818.0,3901144.1712,3830228.4488,3828422.6158,296171.62,7726.41
819.0,3894867.7248,3833417.7582,3831605.6991,296163.60,7726.42
820.0,3888586.0617,3836601.9332,3834783.6352,296155.58,7726.42
821.0,3882299.1904,3839780.9695,3837956.4198,296147.56,7726.42
822.0,3876007.1193,3842954.8630,3841124.0486,296139.53,7726.43
823.0,3869709.8567,3846123.6092,3844286.5175,296131.50,7726.43
824.0,3863407.4111,3849287.2041,3847443.8222,296123.47,7726.43
825.0,3857099.7910,3852445.6433,3850595.9583,296115.43,7726.44
826.0,3850787.0048,3855598.9226,3853742.9218,296107.39,7726.44
827.0,3844469.0610,3858747.0378,3856884.7083,296099.34,7726.44
828.0,3838145.9681,3861889.9847,3860021.3137,296091.29,7726.44
829.0,3831817.7344,3865027.7592,3863152.7337,296083.24,7726.45
830.0,3825484.3685,3868160.3569,3866278.9642,296075.18,7726.45
831.0,3819145.8789,3871287.7737,3869400.0009,296067.12,7726.45
832.0,3812802.2741,3874410.0054,3872515.8396,296059.06,7726.46
833.0,3806453.5625,3877527.0478,3875626.4762,296050.99,7726.46
834.0,3800099.7527,3880638.8968,3878731.9065,296042.92,7726.46
835.0,3793740.8531,3883745.5481,3881832.1263,296034.84,7726.47
836.0,3787376.8724,3886846.9977,3884927.1314,296026.77,7726.47
837.0,3781007.8189,3889943.2414,3888016.9178,296018.68,7726.47
838.0,3774633.7014,3893034.2750,3891101.4812,296010.60,7726.48
839.0,3768254.5282,3896120.0944,3894180.8175,296002.51,7726.48
840.0,3761870.3080,3899200.6954,3897254.9226,295994.42,7726.48
841.0,3755481.0492,3902276.0740,3900323.7923,295986.32,7726.49
842.0,3749086.7605,3905346.2260,3903387.4225,295978.23,7726.49
843.0,3742687.4505,3908411.1473,3906445.8092,295970.12,7726.49
844.0,3736283.1276,3911470.8339,3909498.9482,295962.02,7726.49
845.0,3729873.8005,3914525.2815,3912546.8353,295953.91,7726.50
846.0,3723459.4777,3917574.4862,3915589.4666,295945.80,7726.50
847.0,3717040.1679,3920618.4438,3918626.8379,295937.68,7726.50
848.0,3710615.8797,3923657.1502,3921658.9452,295929.57,7726.51
849.0,3704186.6216,3926690.6015,3924685.7843,295921.44,7726.51
850.0,3697752.4022,3929718.7935,3927707.3512,295913.32,7726.51
851.0,3691313.2303,3932741.7221,3930723.6419,295905.19,7726.52
852.0,3684869.1144,3935759.3835,3933734.6523,295897.06,7726.52
853.0,3678420.0631,3938771.7734,3936740.3783,295888.93,7726.52
854.0,3671966.0851,3941778.8878,3939740.8160,295880.79,7726.53
855.0,3665507.1890,3944780.7228,3942735.9613,295872.65,7726.53
856.0,3659043.3835,3947777.2743,3945725.8101,295864.50,7726.53
857.0,3652574.6772,3950768.5383,3948710.3585,295856.36,7726.54
858.0,3646101.0789,3953754.5108,3951689.6024,295848.21,7726.54
859.0,3639622.5971,3956735.1879,3954663.5379,295840.05,7726.54
860.0,3633139.2406,3959710.5654,3957632.1610,295831.90,7726.55
861.0,3626651.0181,3962680.6394,3960595.4676,295823.74,7726.55
862.0,3620157.9381,3965645.4060,3963553.4538,295815.57,7726.55
863.0,3613660.0095,3968604.8612,3966506.1156,295807.41,7726.56
864.0,3607157.2409,3971559.0010,3969453.4491,295799.24,7726.56
865.0,3600649.6411,3974507.8214,3972395.4502,295791.07,7726.56
866.0,3594137.2187,3977451.3186,3975332.1152,295782.89,7726.57
867.0,3587619.9826,3980389.4885,3978263.4399,295774.72,7726.57
868.0,3581097.9413,3983322.3273,3981189.4204,295766.54,7726.57
869.0,3574571.1037,3986249.8310,3984110.0529,295758.35,7726.58
870.0,3568039.4785,3989171.9957,3987025.3334,295750.17,7726.58
871.0,3561503.0744,3992088.8174,3989935.2580,295741.98,7726.59
872.0,3554961.9002,3995000.2924,3992839.8228,295733.79,7726.59
873.0,3548415.9647,3997906.4166,3995739.0239,295725.59,7726.59
874.0,3541865.2766,4000807.1862,3998632.8574,295717.40,7726.60
875.0,3535309.8447,4003702.5972,4001521.3193,295709.20,7726.60
876.0,3528749.6778,4006592.6460,4004404.4059,295700.99,7726.60
877.0,3522184.7847,4009477.3284,4007282.1133,295692.79,7726.61
878.0,3515615.1742,4012356.6408,4010154.4375,295684.58,7726.61
879.0,3509040.8550,4015230.5791,4013021.3748,295676.37,7726.61
880.0,3502461.8360,4018099.1397,4015882.9212,295668.15,7726.62
881.0,3495878.1259,4020962.3186,4018739.0730,295659.94,7726.62
882.0,3489289.7337,4023820.1121,4021589.8263,295651.72,7726.62
883.0,3482696.6681,4026672.5162,4024435.1773,295643.50,7726.63
884.0,3476098.9379,4029519.5271,4027275.1221,295635.27,7726.63
885.0,3469496.5521,4032361.1412,4030109.6569,295627.05,7726.64
886.0,3462889.5194,4035197.3544,4032938.7780,295618.82,7726.64
887.0,3456277.8486,4038028.1631,4035762.4815,295610.58,7726.64
888.0,3449661.5488,4040853.5635,4038580.7637,295602.35,7726.65
889.0,3443040.6286,4043673.5518,4041393.6207,295594.11,7726.65
890.0,3436415.0970,4046488.1241,4044201.0488,295585.87,7726.65
891.0,3429784.9628,4049297.2768,4047003.0441,295577.63,7726.66
892.0,3423150.2350,4052101.0060,4049799.6030,295569.39,7726.66
893.0,3416510.9224,4054899.3081,4052590.7217,295561.14,7726.66
894.0,3409867.0339,4057692.1792,4055376.3965,295552.89,7726.67
895.0,3403218.5784,4060479.6156,4058156.6235,295544.64,7726.67
896.0,3396565.5649,4063261.6136,4060931.3991,295536.38,7726.68
897.0,3389908.0021,4066038.1695,4063700.7195,295528.12,7726.68
898.0,3383245.8991,4068809.2796,4066464.5810,295519.87,7726.68
899.0,3376579.2647,4071574.9400,4069222.9799,295511.60,7726.69
900.0,3369908.1080,4074335.1472,4071975.9125,295503.34,7726.69
901.0,3363232.4378,4077089.8975,4074723.3751,295495.07,7726.69
902.0,3356552.2630,4079839.1870,4077465.3640,295486.80,7726.70
903.0,3349867.5927,4082583.0123,4080201.8755,295478.53,7726.70
904.0,3343178.4357,4085321.3695,4082932.9060,295470.26,7726.71
905.0,3336484.8011,4088054.2551,4085658.4518,295461.98,7726.71
906.0,3329786.6977,4090781.6653,4088378.5091,295453.71,7726.71
907.0,3323084.1346,4093503.5965,4091093.0744,295445.43,7726.72
908.0,3316377.1208,4096220.0451,4093802.1441,295437.14,7726.72
909.0,3309665.6652,4098931.0074,4096505.7144,295428.86,7726.73
910.0,3302949.7768,4101636.4798,4099203.7817,295420.57,7726.73
911.0,3296229.4646,4104336.4586,4101896.3425,295412.28,7726.73
912.0,3289504.7376,4107030.9403,4104583.3930,295403.99,7726.74
913.0,3282775.6048,4109719.9213,4107264.9298,295395.70,7726.74
914.0,3276042.0753,4112403.3979,4109940.9491,295387.41,7726.74
915.0,3269304.1580,4115081.3665,4112611.4474,295379.11,7726.75
916.0,3262561.8620,4117753.8236,4115276.4212,295370.81,7726.75
917.0,3255815.1963,4120420.7656,4117935.8667,295362.51,7726.76
918.0,3249064.1699,4123082.1889,4120589.7805,295354.20,7726.76
919.0,3242308.7919,4125738.0900,4123238.1590,295345.90,7726.76
920.0,3235549.0713,4128388.4652,4125880.9986,295337.59,7726.77
921.0,3228785.0172,4131033.3110,4128518.2958,295329.28,7726.77
922.0,3222016.6386,4133672.6240,4131150.0471,295320.97,7726.78
923.0,3215243.9447,4136306.4005,4133776.2488,295312.66,7726.78
924.0,3208466.9444,4138934.6370,4136396.8975,295304.34,7726.78
925.0,3201685.6469,4141557.3300,4139011.9896,295296.03,7726.79
926.0,3194900.0612,4144174.4761,4141621.5217,295287.71,7726.79
927.0,3188110.1964,4146786.0716,4144225.4902,295279.39,7726.80
928.0,3181316.0616,4149392.1131,4146823.8917,295271.06,7726.80
929.0,3174517.6660,4151992.5971,4149416.7225,295262.74,7726.80
930.0,3167715.0185,4154587.5201,4152003.9794,295254.41,7726.81
931.0,3160908.1284,4157176.8787,4154585.6587,295246.08,7726.81
932.0,3154097.0048,4159760.6693,4157161.7570,295237.75,7726.82
933.0,3147281.6567,4162338.8885,4159732.2708,295229.42,7726.82
934.0,3140462.0933,4164911.5329,4162297.1968,295221.09,7726.83
935.0,3133638.3237,4167478.5990,4164856.5314,295212.75,7726.83
936.0,3126810.3571,4170040.0834,4167410.2712,295204.42,7726.83
937.0,3119978.2026,4172595.9826,4169958.4127,295196.08,7726.84
938.0,3113141.8693,4175146.2932,4172500.9527,295187.74,7726.84
939.0,3106301.3665,4177691.0118,4175037.8875,295179.40,7726.85
940.0,3099456.7032,4180230.1350,4177569.2139,295171.05,7726.85
941.0,3092607.8887,4182763.6594,4180094.9284,295162.71,7726.85
942.0,3085754.9321,4185291.5815,4182615.0277,295154.36,7726.86
943.0,3078897.8426,4187813.8981,4185129.5082,295146.01,7726.86
944.0,3072036.6294,4190330.6057,4187638.3668,295137.66,7726.87
945.0,3065171.3016,4192841.7009,4190141.5999,295129.31,7726.87
946.0,3058301.8685,4195347.1805,4192639.2043,295120.96,7726.88
947.0,3051428.3393,4197847.0409,4195131.1765,295112.60,7726.88
948.0,3044550.7231,4200341.2790,4197617.5132,295104.25,7726.88
949.0,3037669.0292,4202829.8912,4200098.2112,295095.89,7726.89
950.0,3030783.2667,4205312.8744,4202573.2670,295087.53,7726.89
951.0,3023893.4450,4207790.2251,4205042.6773,295079.17,7726.90
952.0,3016999.5732,4210261.9401,4207506.4388,295070.81,7726.90
953.0,3010101.6606,4212728.0161,4209964.5481,295062.45,7726.91
954.0,3003199.7164,4215188.4497,4212417.0021,295054.08,7726.91
955.0,2996293.7499,4217643.2376,4214863.7974,295045.71,7726.91
956.0,2989383.7702,4220092.3766,4217304.9306,295037.35,7726.92
957.0,2982469.7867,4222535.8633,4219740.3986,295028.98,7726.92
958.0,2975551.8086,4224973.6946,4222170.1980,295020.61,7726.93
959.0,2968629.8452,4227405.8670,4224594.3256,295012.24,7726.93
960.0,2961703.9057,4229832.3775,4227012.7782,295003.86,7726.94
961.0,2954773.9995,4232253.2226,4229425.5524,294995.49,7726.94
962.0,2947840.1357,4234668.3992,4231832.6450,294987.11,7726.95
963.0,2940902.3238,4237077.9041,4234234.0528,294978.74,7726.95
964.0,2933960.5729,4239481.7340,4236629.7726,294970.36,7726.95
965.0,2927014.8924,4241879.8856,4239019.8011,294961.98,7726.96
966.0,2920065.2915,4244272.3559,4241404.1351,294953.60,7726.96
967.0,2913111.7797,4246659.1414,4243782.7715,294945.22,7726.97
968.0,2906154.3661,4249040.2392,4246155.7070,294936.84,7726.97
969.0,2899193.0601,4251415.6459,4248522.9384,294928.45,7726.98
970.0,2892227.8711,4253785.3584,4250884.4626,294920.07,7726.98
971.0,2885258.8083,4256149.3736,4253240.2764,294911.68,7726.99
972.0,2878285.8812,4258507.6882,4255590.3766,294903.30,7726.99
973.0,2871309.0989,4260860.2990,4257934.7600,294894.91,7726.99
974.0,2864328.4709,4263207.2030,4260273.4236,294886.52,7727.00
975.0,2857344.0066,4265548.3970,4262606.3641,294878.13,7727.00
976.0,2850355.7152,4267883.8778,4264933.5784,294869.74,7727.01
977.0,2843363.6062,4270213.6423,4267255.0634,294861.35,7727.01
978.0,2836367.6888,4272537.6875,4269570.8160,294852.95,7727.02
979.0,2829367.9725,4274856.0101,4271880.8330,294844.56,7727.02
980.0,2822364.4667,4277168.6070,4274185.1114,294836.16,7727.03
981.0,2815357.1806,4279475.4753,4276483.6480,294827.77,7727.03
982.0,2808346.1238,4281776.6117,4278776.4398,294819.37,7727.04
983.0,2801331.3055,4284072.0132,4281063.4837,294810.97,7727.04
984.0,2794312.7353,4286361.6768,4283344.7766,294802.57,7727.05
985.0,2787290.4224,4288645.5992,4285620.3154,294794.17,7727.05
986.0,2780264.3763,4290923.7776,4287890.0971,294785.77,7727.05
987.0,2773234.6063,4293196.2088,4290154.1186,294777.37,7727.06
988.0,2766201.1220,4295462.8897,4292412.3769,294768.97,7727.06
989.0,2759163.9327,4297723.8175,4294664.8689,294760.57,7727.07
990.0,2752123.0479,4299978.9889,4296911.5917,294752.16,7727.07
991.0,2745078.4769,4302228.4010,4299152.5421,294743.76,7727.08
992.0,2738030.2293,4304472.0508,4301387.7172,294735.36,7727.08
993.0,2730978.3144,4306709.9352,4303617.1140,294726.95,7727.09
994.0,2723922.7416,4308942.0513,4305840.7295,294718.54,7727.09
995.0,2716863.5206,4311168.3961,4308058.5607,294710.14,7727.10
996.0,2709800.6606,4313388.9666,4310270.6045,294701.73,7727.10
997.0,2702734.1711,4315603.7598,4312476.8581,294693.32,7727.11
998.0,2695664.0617,4317812.7727,4314677.3184,294684.91,7727.11
999.0,2688590.3418,4320016.0024,4316871.9826,294676.50,7727.12
1000.0,2681513.0208,4322213.4459,4319060.8475,294668.09,7727.12
1001.0,2674432.1082,4324405.1002,4321243.9104,294659.68,7727.13
1002.0,2667347.6135,4326590.9626,4323421.1683,294651.27,7727.13
1003.0,2660259.5463,4328771.0299,4325592.6182,294642.85,7727.14
1004.0,2653167.9159,4330945.2993,4327758.2572,294634.44,7727.14
1005.0,2646072.7319,4333113.7678,4329918.0824,294626.03,7727.15
1006.0,2638974.0038,4335276.4327,4332072.0909,294617.61,7727.15
1007.0,2631871.7411,4337433.2908,4334220.2798,294609.20,7727.16
1008.0,2624765.9533,4339584.3395,4336362.6462,294600.79,7727.16
1009.0,2617656.6499,4341729.5757,4338499.1873,294592.37,7727.17
1010.0,2610543.8404,4343868.9966,4340629.9001,294583.95,7727.17
1011.0,2603427.5344,4346002.5994,4342754.7818,294575.54,7727.18
1012.0,2596307.7414,4348130.3811,4344873.8295,294567.12,7727.18
1013.0,2589184.4709,4350252.3389,4346987.0404,294558.70,7727.19
1014.0,2582057.7325,4352368.4700,4349094.4116,294550.29,7727.19
1015.0,2574927.5357,4354478.7716,4351195.9404,294541.87,7727.20
1016.0,2567793.8901,4356583.2407,4353291.6238,294533.45,7727.20
1017.0,2560656.8051,4358681.8746,4355381.4591,294525.03,7727.21
1018.0,2553516.2904,4360774.6705,4357465.4434,294516.61,7727.21
1019.0,2546372.3555,4362861.6255,4359543.5739,294508.20,7727.22
1020.0,2539225.0101,4364942.7369,4361615.8479,294499.78,7727.22
1021.0,2532074.2636,4367018.0018,4363682.2626,294491.36,7727.23
1022.0,2524920.1256,4369087.4175,4365742.8151,294482.94,7727.23
1023.0,2517762.6057,4371150.9813,4367797.5027,294474.52,7727.24
1024.0,2510601.7135,4373208.6902,4369846.3226,294466.10,7727.24
1025.0,2503437.4587,4375260.5417,4371889.2722,294457.68,7727.25
1026.0,2496269.8507,4377306.5328,4373926.3485,294449.26,7727.25
1027.0,2489098.8992,4379346.6609,4375957.5490,294440.84,7727.26
1028.0,2481924.6137,4381380.9233,4377982.8708,294432.42,7727.26
1029.0,2474747.0040,4383409.3172,4380002.3112,294423.99,7727.27
1030.0,2467566.0795,4385431.8398,4382015.8676,294415.57,7727.27
1031.0,2460381.8500,4387448.4886,4384023.5371,294407.15,7727.28
1032.0,2453194.3250,4389459.2607,4386025.3171,294398.73,7727.28
1033.0,2446003.5142,4391464.1534,4388021.2050,294390.31,7727.29
1034.0,2438809.4271,4393463.1642,4390011.1979,294381.89,7727.29
1035.0,2431612.0735,4395456.2902,4391995.2933,294373.47,7727.30
1036.0,2424411.4629,4397443.5289,4393973.4885,294365.05,7727.30
1037.0,2417207.6051,4399424.8775,4395945.7808,294356.62,7727.31
1038.0,2410000.5095,4401400.3334,4397912.1675,294348.20,7727.31
1039.0,2402790.1860,4403369.8940,4399872.6460,294339.78,7727.32
1040.0,2395576.6442,4405333.5565,4401827.2137,294331.36,7727.32
1041.0,2388359.8936,4407291.3185,4403775.8679,294322.94,7727.33
1042.0,2381139.9440,4409243.1771,4405718.6061,294314.52,7727.33
1043.0,2373916.8051,4411189.1299,4407655.4255,294306.10,7727.34
1044.0,2366690.4864,4413129.1742,4409586.3236,294297.68,7727.35
1045.0,2359460.9978,4415063.3074,4411511.2978,294289.26,7727.35
1046.0,2352228.3488,4416991.5268,4413430.3455,294280.84,7727.36
1047.0,2344992.5492,4418913.8301,4415343.4642,294272.41,7727.36
1048.0,2337753.6086,4420830.2144,4417250.6511,294263.99,7727.37
1049.0,2330511.5368,4422740.6773,4419151.9038,294255.57,7727.37
1050.0,2323266.3434,4424645.2162,4421047.2198,294247.15,7727.38
1051.0,2316018.0382,4426543.8286,4422936.5964,294238.74,7727.38
1052.0,2308766.6307,4428436.5118,4424820.0311,294230.32,7727.39
1053.0,2301512.1309,4430323.2634,4426697.5213,294221.90,7727.39
1054.0,2294254.5483,4432204.0808,4428569.0646,294213.48,7727.40
1055.0,2286993.8927,4434078.9615,4430434.6585,294205.06,7727.40
1056.0,2279730.1738,4435947.9030,4432294.3004,294196.64,7727.41
1057.0,2272463.4013,4437810.9028,4434147.9877,294188.22,7727.42
1058.0,2265193.5850,4439667.9583,4435995.7181,294179.81,7727.42
1059.0,2257920.7345,4441519.0671,4437837.4891,294171.39,7727.43
1060.0,2250644.8598,4443364.2267,4439673.2980,294162.97,7727.43
1061.0,2243365.9704,4445203.4345,4441503.1425,294154.56,7727.44
1062.0,2236084.0761,4447036.6883,4443327.0202,294146.14,7727.44
1063.0,2228799.1867,4448863.9854,4445144.9285,294137.73,7727.45
1064.0,2221511.3119,4450685.3234,4446956.8650,294129.31,7727.45
1065.0,2214220.4615,4452500.6999,4448762.8272,294120.90,7727.46
1066.0,2206926.6453,4454310.1125,4450562.8128,294112.48,7727.47
1067.0,2199629.8730,4456113.5586,4452356.8193,294104.07,7727.47
1068.0,2192330.1543,4457911.0360,4454144.8443,294095.66,7727.48
1069.0,2185027.4992,4459702.5421,4455926.8853,294087.24,7727.48
1070.0,2177721.9172,4461488.0746,4457702.9401,294078.83,7727.49
1071.0,2170413.4183,4463267.6310,4459473.0061,294070.42,7727.49
1072.0,2163102.0123,4465041.2090,4461237.0810,294062.01,7727.50
1073.0,2155787.7088,4466808.8063,4462995.1624,294053.60,7727.51
1074.0,2148470.5177,4468570.4203,4464747.2480,294045.19,7727.51
1075.0,2141150.4488,4470326.0488,4466493.3354,294036.78,7727.52
1076.0,2133827.5118,4472075.6894,4468233.4222,294028.37,7727.52
1077.0,2126501.7167,4473819.3397,4469967.5062,294019.96,7727.53
1078.0,2119173.0732,4475556.9975,4471695.5848,294011.56,7727.53
1079.0,2111841.5911,4477288.6603,4473417.6560,294003.15,7727.54
1080.0,2104507.2803,4479014.3258,4475133.7172,293994.74,7727.55
1081.0,2097170.1505,4480733.9918,4476843.7662,293986.34,7727.55
1082.0,2089830.2116,4482447.6559,4478547.8007,293977.93,7727.56
1083.0,2082487.4734,4484155.3158,4480245.8184,293969.53,7727.56
1084.0,2075141.9458,4485856.9692,4481937.8170,293961.13,7727.57
1085.0,2067793.6385,4487552.6138,4483623.7942,293952.73,7727.57
1086.0,2060442.5614,4489242.2474,4485303.7478,293944.33,7727.58
1087.0,2053088.7245,4490925.8677,4486977.6755,293935.93,7727.59
1088.0,2045732.1374,4492603.4723,4488645.5750,293927.53,7727.59
1089.0,2038372.8101,4494275.0592,4490307.4441,293919.13,7727.60
1090.0,2031010.7524,4495940.6259,4491963.2805,293910.73,7727.60
1091.0,2023645.9742,4497600.1704,4493613.0820,293902.33,7727.61
1092.0,2016278.4853,4499253.6902,4495256.8465,293893.94,7727.62
1093.0,2008908.2956,4500901.1833,4496894.5716,293885.54,7727.62
1094.0,2001535.4149,4502542.6474,4498526.2551,293877.15,7727.63
1095.0,1994159.8533,4504178.0803,4500151.8949,293868.75,7727.63
1096.0,1986781.6204,4505807.4798,4501771.4888,293860.36,7727.64
1097.0,1979400.7262,4507430.8437,4503385.0346,293851.97,7727.64
1098.0,1972017.1807,4509048.1698,4504992.5301,293843.58,7727.65
1099.0,1964630.9935,4510659.4560,4506593.9731,293835.19,7727.66
1100.0,1957242.1748,4512264.7001,4508189.3615,293826.80,7727.66
1101.0,1949850.7343,4513863.8999,4509778.6931,293818.41,7727.67
1102.0,1942456.6819,4515457.0533,4511361.9659,293810.03,7727.67
1103.0,1935060.0276,4517044.1581,4512939.1775,293801.64,7727.68
1104.0,1927660.7813,4518625.2123,4514510.3260,293793.26,7727.69
1105.0,1920258.9528,4520200.2136,4516075.4092,293784.88,7727.69
1106.0,1912854.5520,4521769.1599,4517634.4250,293776.49,7727.70
1107.0,1905447.5890,4523332.0492,4519187.3713,293768.11,7727.70
1108.0,1898038.0736,4524888.8794,4520734.2460,293759.73,7727.71
1109.0,1890626.0157,4526439.6483,4522275.0469,293751.35,7727.72
1110.0,1883211.4253,4527984.3538,4523809.7722,293742.98,7727.72
1111.0,1875794.3122,4529522.9940,4525338.4195,293734.60,7727.73
1112.0,1868374.6865,4531055.5667,4526860.9870,293726.23,7727.74
1113.0,1860952.5580,4532582.0698,4528377.4725,293717.85,7727.74
1114.0,1853527.9366,4534102.5013,4529887.8740,293709.48,7727.75
1115.0,1846100.8325,4535616.8592,4531392.1895,293701.11,7727.75
1116.0,1838671.2554,4537125.1414,4532890.4168,293692.74,7727.76
1117.0,1831239.2153,4538627.3459,4534382.5541,293684.37,7727.77
1118.0,1823804.7222,4540123.4707,4535868.5993,293676.00,7727.77
1119.0,1816367.7860,4541613.5137,4537348.5504,293667.64,7727.78
1120.0,1808928.4167,4543097.4730,4538822.4053,293659.27,7727.78
1121.0,1801486.6243,4544575.3465,4540290.1622,293650.91,7727.79
1122.0,1794042.4187,4546047.1323,4541751.8189,293642.55,7727.80
1123.0,1786595.8099,4547512.8283,4543207.3736,293634.19,7727.80
1124.0,1779146.8078,4548972.4327,4544656.8243,293625.83,7727.81
1125.0,1771695.4224,4550425.9434,4546100.1690,293617.47,7727.82
1126.0,1764241.6638,4551873.3586,4547537.4058,293609.11,7727.82
1127.0,1756785.5419,4553314.6761,4548968.5327,293600.76,7727.83
1128.0,1749327.0666,4554749.8942,4550393.5478,293592.40,7727.83
1129.0,1741866.2480,4556179.0108,4551812.4492,293584.05,7727.84
1130.0,1734403.0960,4557602.0241,4553225.2349,293575.70,7727.85
1131.0,1726937.6207,4559018.9321,4554631.9031,293567.35,7727.85
1132.0,1719469.8321,4560429.7329,4556032.4518,293559.00,7727.86
1133.0,1711999.7400,4561834.4246,4557426.8792,293550.66,7727.87
1134.0,1704527.3547,4563233.0054,4558815.1834,293542.31,7727.87
1135.0,1697052.6859,4564625.4733,4560197.3625,293533.97,7727.88
1136.0,1689575.7439,4566011.8265,4561573.4146,293525.63,7727.89
1137.0,1682096.5385,4567392.0631,4562943.3379,293517.29,7727.89
1138.0,1674615.0798,4568766.1812,4564307.1305,293508.95,7727.90
1139.0,1667131.3778,4570134.1790,4565664.7906,293500.61,7727.90
1140.0,1659645.4425,4571496.0547,4567016.3163,293492.28,7727.91
1141.0,1652157.2840,4572851.8064,4568361.7059,293483.94,7727.92
1142.0,1644666.9123,4574201.4323,4569700.9574,293475.61,7727.92
1143.0,1637174.3374,4575544.9305,4571034.0692,293467.28,7727.93
1144.0,1629679.5693,4576882.2994,4572361.0393,293458.95,7727.94
1145.0,1622182.6181,4578213.5369,4573681.8660,293450.63,7727.94
1146.0,1614683.4939,4579538.6415,4574996.5476,293442.30,7727.95
1147.0,1607182.2066,4580857.6112,4576305.0822,293433.98,7727.96
1148.0,1599678.7663,4582170.4443,4577607.4680,293425.66,7727.96
1149.0,1592173.1830,4583477.1391,4578903.7034,293417.34,7727.97
1150.0,1584665.4669,4584777.6937,4580193.7865,293409.02,7727.98
1151.0,1577155.6279,4586072.1064,4581477.7156,293400.70,7727.98
1152.0,1569643.6762,4587360.3756,4582755.4890,293392.39,7727.99
1153.0,1562129.6217,4588642.4993,4584027.1049,293384.07,7728.00
1154.0,1554613.4745,4589918.4760,4585292.5617,293375.76,7728.00
1155.0,1547095.2448,4591188.3038,4586551.8576,293367.45,7728.01
1156.0,1539574.9425,4592451.9812,4587804.9908,293359.15,7728.02
1157.0,1532052.5778,4593709.5063,4589051.9598,293350.84,7728.02
1158.0,1524528.1607,4594960.8775,4590292.7629,293342.54,7728.03
1159.0,1517001.7013,4596206.0930,4591527.3983,293334.24,7728.04
1160.0,1509473.2097,4597445.1513,4592755.8643,293325.94,7728.04
1161.0,1501942.6959,4598678.0506,4593978.1594,293317.64,7728.05
1162.0,1494410.1700,4599904.7893,4595194.2819,293309.34,7728.06
1163.0,1486875.6422,4601125.3657,4596404.2300,293301.05,7728.06
1164.0,1479339.1225,4602339.7782,4597608.0023,293292.76,7728.07
1165.0,1471800.6210,4603548.0251,4598805.5970,293284.47,7728.08
1166.0,1464260.1478,4604750.1049,4599997.0125,293276.18,7728.08
1167.0,1456717.7130,4605946.0158,4601182.2473,293267.89,7728.09
1168.0,1449173.3267,4607135.7563,4602361.2996,293259.61,7728.10
1169.0,1441626.9991,4608319.3247,4603534.1680,293251.33,7728.10
1170.0,1434078.7401,4609496.7195,4604700.8508,293243.05,7728.11
1171.0,1426528.5599,4610667.9391,4605861.3465,293234.77,7728.12
1172.0,1418976.4687,4611832.9819,4607015.6535,293226.50,7728.12
1173.0,1411422.4765,4612991.8463,4608163.7701,293218.22,7728.13
1174.0,1403866.5935,4614144.5308,4609305.6950,293209.95,7728.14
1175.0,1396308.8298,4615291.0338,4610441.4264,293201.68,7728.14
1176.0,1388749.1954,4616431.3537,4611570.9630,293193.42,7728.15
1177.0,1381187.7006,4617565.4891,4612694.3030,293185.15,7728.16
1178.0,1373624.3555,4618693.4383,4613811.4452,293176.89,7728.16
1179.0,1366059.1701,4619815.1999,4614922.3878,293168.63,7728.17
1180.0,1358492.1546,4620930.7723,4616027.1294,293160.37,7728.18
1181.0,1350923.3192,4622040.1541,4617125.6685,293152.11,7728.19
1182.0,1343352.6740,4623143.3437,4618218.0037,293143.86,7728.19
1183.0,1335780.2290,4624240.3397,4619304.1334,293135.61,7728.20
1184.0,1328205.9946,4625331.1406,4620384.0562,293127.36,7728.21
1185.0,1320629.9807,4626415.7448,4621457.7706,293119.11,7728.21
1186.0,1313052.1976,4627494.1509,4622525.2751,293110.87,7728.22
1187.0,1305472.6554,4628566.3576,4623586.5683,293102.63,7728.23
1188.0,1297891.3643,4629632.3632,4624641.6488,293094.39,7728.23
1189.0,1290308.3343,4630692.1665,4625690.5152,293086.15,7728.24
1190.0,1282723.5757,4631745.7658,4626733.1659,293077.91,7728.25
1191.0,1275137.0987,4632793.1599,4627769.5997,293069.68,7728.25
1192.0,1267548.9133,4633834.3474,4628799.8150,293061.45,7728.26
1193.0,1259959.0297,4634869.3267,4629823.8106,293053.22,7728.27
1194.0,1252367.4582,4635898.0965,4630841.5849,293044.99,7728.28
1195.0,1244774.2088,4636920.6554,4631853.1367,293036.77,7728.28
1196.0,1237179.2918,4637937.0020,4632858.4645,293028.55,7728.29
1197.0,1229582.7173,4638947.1350,4633857.5670,293020.33,7728.30
1198.0,1221984.4954,4639951.0530,4634850.4429,293012.11,7728.30
1199.0,1214384.6365,4640948.7546,4635837.0907,293003.90,7728.31
1200.0,1206783.1506,4641940.2385,4636817.5092,292995.69,7728.32
1201.0,1199180.0479,4642925.5033,4637791.6969,292987.48,7728.33
1202.0,1191575.3386,4643904.5477,4638759.6527,292979.27,7728.33
1203.0,1183969.0329,4644877.3704,4639721.3752,292971.07,7728.34
1204.0,1176361.1409,4645843.9701,4640676.8630,292962.87,7728.35
1205.0,1168751.6730,4646804.3454,4641626.1149,292954.67,7728.35
1206.0,1161140.6392,4647758.4950,4642569.1296,292946.48,7728.36
1207.0,1153528.0497,4648706.4177,4643505.9058,292938.28,7728.37
1208.0,1145913.9148,4649648.1122,4644436.4423,292930.09,7728.38
1209.0,1138298.2447,4650583.5772,4645360.7377,292921.90,7728.38
1210.0,1130681.0495,4651512.8114,4646278.7908,292913.72,7728.39
1211.0,1123062.3394,4652435.8136,4647190.6003,292905.53,7728.40
1212.0,1115442.1247,4653352.5825,4648096.1651,292897.35,7728.41
1213.0,1107820.4156,4654263.1168,4648995.4839,292889.18,7728.41
1214.0,1100197.2222,4655167.4155,4649888.5555,292881.00,7728.42
1215.0,1092572.5548,4656065.4771,4650775.3786,292872.83,7728.43
1216.0,1084946.4236,4656957.3005,4651655.9520,292864.66,7728.43
1217.0,1077318.8387,4657842.8846,4652530.2747,292856.49,7728.44
1218.0,1069689.8105,4658722.2280,4653398.3452,292848.33,7728.45
1219.0,1062059.3492,4659595.3296,4654260.1626,292840.17,7728.46
1220.0,1054427.4649,4660462.1883,4655115.7256,292832.01,7728.46
1221.0,1046794.1679,4661322.8027,4655965.0330,292823.85,7728.47
1222.0,1039159.4683,4662177.1719,4656808.0837,292815.70,7728.48
1223.0,1031523.3765,4663025.2946,4657644.8765,292807.55,7728.49
1224.0,1023885.9027,4663867.1696,4658475.4104,292799.40,7728.49
1225.0,1016247.0571,4664702.7958,4659299.6841,292791.26,7728.50
1226.0,1008606.8498,4665532.1722,4660117.6966,292783.11,7728.51
1227.0,1000965.2912,4666355.2974,4660929.4467,292774.98,7728.52
1228.0,993322.3915,4667172.1706,4661734.9333,292766.84,7728.52
1229.0,985678.1610,4667982.7904,4662534.1554,292758.71,7728.53
1230.0,978032.6098,4668787.1559,4663327.1118,292750.58,7728.54
1231.0,970385.7482,4669585.2659,4664113.8014,292742.45,7728.55
1232.0,962737.5864,4670377.1194,4664894.2233,292734.32,7728.55
1233.0,955088.1347,4671162.7153,4665668.3763,292726.20,7728.56
1234.0,947437.4034,4671942.0524,4666436.2593,292718.08,7728.57
1235.0,939785.4026,4672715.1298,4667197.8714,292709.97,7728.58
1236.0,932132.1427,4673481.9464,4667953.2115,292701.85,7728.58
1237.0,924477.6339,4674242.5012,4668702.2785,292693.74,7728.59
1238.0,916821.8864,4674996.7931,4669445.0714,292685.64,7728.60
1239.0,909164.9105,4675744.8211,4670181.5893,292677.53,7728.61
1240.0,901506.7164,4676486.5841,4670911.8310,292669.43,7728.61
1241.0,893847.3145,4677222.0812,4671635.7957,292661.34,7728.62
1242.0,886186.7149,4677951.3114,4672353.4823,292653.24,7728.63
1243.0,878524.9279,4678674.2737,4673064.8899,292645.15,7728.64
1244.0,870861.9639,4679390.9670,4673770.0174,292637.06,7728.64
1245.0,863197.8330,4680101.3905,4674468.8639,292628.97,7728.65
1246.0,855532.5455,4680805.5431,4675161.4285,292620.89,7728.66
1247.0,847866.1117,4681503.4239,4675847.7102,292612.81,7728.67
1248.0,840198.5418,4682195.0319,4676527.7081,292604.74,7728.67
1249.0,832529.8462,4682880.3662,4677201.4212,292596.66,7728.68
1250.0,824860.0351,4683559.4259,4677868.8486,292588.59,7728.69
1251.0,817189.1188,4684232.2100,4678529.9895,292580.53,7728.70
1252.0,809517.1075,4684898.7177,4679184.8428,292572.46,7728.71
1253.0,801844.0115,4685558.9479,4679833.4078,292564.40,7728.71
1254.0,794169.8412,4686212.8998,4680475.6834,292556.34,7728.72
1255.0,786494.6067,4686860.5726,4681111.6689,292548.29,7728.73
1256.0,778818.3184,4687501.9652,4681741.3634,292540.24,7728.74
1257.0,771140.9866,4688137.0770,4682364.7659,292532.19,7728.74
1258.0,763462.6215,4688765.9069,4682981.8757,292524.15,7728.75
1259.0,755783.2334,4689388.4541,4683592.6919,292516.11,7728.76
1260.0,748102.8326,4690004.7178,4684197.2137,292508.07,7728.77
1261.0,740421.4294,4690614.6971,4684795.4402,292500.03,7728.78
1262.0,732739.0342,4691218.3913,4685387.3706,292492.00,7728.78
1263.0,725055.6570,4691815.7994,4685973.0042,292483.98,7728.79
1264.0,717371.3084,4692406.9206,4686552.3400,292475.95,7728.80
1265.0,709685.9985,4692991.7542,4687125.3773,292467.93,7728.81
1266.0,701999.7377,4693570.2994,4687692.1154,292459.91,7728.81
1267.0,694312.5363,4694142.5553,4688252.5533,292451.90,7728.82
1268.0,686624.4045,4694708.5212,4688806.6905,292443.89,7728.83
1269.0,678935.3526,4695268.1962,4689354.5260,292435.88,7728.84
1270.0,671245.3911,4695821.5797,4689896.0593,292427.87,7728.85
1271.0,663554.5300,4696368.6709,4690431.2894,292419.87,7728.85
1272.0,655862.7799,4696909.4689,4690960.2156,292411.87,7728.86
1273.0,648170.1509,4697443.9732,4691482.8374,292403.88,7728.87
1274.0,640476.6533,4697972.1829,4691999.1538,292395.89,7728.88
1275.0,632782.2976,4698494.0973,4692509.1642,292387.90,7728.89
1276.0,625087.0939,4699009.7157,4693012.8680,292379.92,7728.89
1277.0,617391.0527,4699519.0374,4693510.2644,292371.94,7728.90
1278.0,609694.1841,4700022.0617,4694001.3527,292363.96,7728.91
1279.0,601996.4986,4700518.7879,4694486.1322,292355.99,7728.92
1280.0,594298.0064,4701009.2153,4694964.6023,292348.02,7728.93
1281.0,586598.7178,4701493.3432,4695436.7624,292340.05,7728.93
1282.0,578898.6432,4701971.1710,4695902.6117,292332.09,7728.94
1283.0,571197.7929,4702442.6981,4696362.1496,292324.13,7728.95
1284.0,563496.1772,4702907.9236,4696815.3755,292316.17,7728.96
1285.0,555793.8063,4703366.8472,4697262.2888,292308.22,7728.97
1286.0,548090.6907,4703819.4680,4697702.8888,292300.27,7728.97
1287.0,540386.8407,4704265.7855,4698137.1749,292292.33,7728.98
1288.0,532682.2665,4704705.7990,4698565.1466,292284.39,7728.99
1289.0,524976.9786,4705139.5080,4698986.8032,292276.45,7729.00
1290.0,517270.9871,4705566.9118,4699402.1441,292268.52,7729.01
1291.0,509564.3025,4705988.0099,4699811.1689,292260.59,7729.02
1292.0,501856.9351,4706402.8016,4700213.8768,292252.66,7729.02
1293.0,494148.8951,4706811.2865,4700610.2674,292244.74,7729.03
1294.0,486440.1930,4707213.4638,4701000.3400,292236.82,7729.04
1295.0,478730.8390,4707609.3332,4701384.0942,292228.90,7729.05
1296.0,471020.8435,4707998.8939,4701761.5295,292220.99,7729.06
1297.0,463310.2168,4708382.1456,4702132.6452,292213.08,7729.06
1298.0,455598.9693,4708759.0876,4702497.4409,292205.18,7729.07
1299.0,447887.1112,4709129.7194,4702855.9160,292197.28,7729.08
1300.0,440174.6529,4709494.0406,4703208.0702,292189.38,7729.09
1301.0,432461.6048,4709852.0505,4703553.9027,292181.49,7729.10
1302.0,424747.9772,4710203.7488,4703893.4133,292173.60,7729.11
1303.0,417033.7803,4710549.1348,4704226.6014,292165.71,7729.11
1304.0,409319.0246,4710888.2082,4704553.4665,292157.83,7729.12
1305.0,401603.7204,4711220.9685,4704874.0083,292149.95,7729.13
1306.0,393887.8780,4711547.4151,4705188.2261,292142.08,7729.14
1307.0,386171.5078,4711867.5477,4705496.1197,292134.21,7729.15
1308.0,378454.6200,4712181.3658,4705797.6885,292126.34,7729.16
1309.0,370737.2251,4712488.8690,4706092.9321,292118.48,7729.16
1310.0,363019.3334,4712790.0567,4706381.8502,292110.62,7729.17
1311.0,355300.9552,4713084.9287,4706664.4423,292102.76,7729.18
1312.0,347582.1009,4713373.4844,4706940.7079,292094.91,7729.19
1313.0,339862.7807,4713655.7235,4707210.6469,292087.06,7729.20
1314.0,332143.0052,4713931.6456,4707474.2586,292079.22,7729.21
1315.0,324422.7845,4714201.2503,4707731.5428,292071.38,7729.21
1316.0,316702.1290,4714464.5371,4707982.4991,292063.55,7729.22
1317.0,308981.0492,4714721.5059,4708227.1272,292055.71,7729.23
1318.0,301259.5552,4714972.1560,4708465.4267,292047.89,7729.24
1319.0,293537.6576,4715216.4873,4708697.3972,292040.06,7729.25
1320.0,285815.3665,4715454.4994,4708923.0384,292032.24,7729.26
1321.0,278092.6925,4715686.1919,4709142.3501,292024.43,7729.27
1322.0,270369.6457,4715911.5645,4709355.3318,292016.62,7729.27
1323.0,262646.2367,4716130.6169,4709561.9833,292008.81,7729.28
1324.0,254922.4756,4716343.3487,4709762.3042,292001.01,7729.29
1325.0,247198.3729,4716549.7597,4709956.2944,291993.21,7729.30
1326.0,239473.9390,4716749.8496,4710143.9535,291985.41,7729.31
1327.0,231749.1841,4716943.6180,4710325.2812,291977.62,7729.32
1328.0,224024.1186,4717131.0647,4710500.2773,291969.83,7729.33
1329.0,216298.7530,4717312.1895,4710668.9415,291962.05,7729.33
1330.0,208573.0974,4717486.9920,4710831.2736,291954.27,7729.34
1331.0,200847.1623,4717655.4720,4710987.2733,291946.49,7729.35
1332.0,193120.9581,4717817.6293,4711136.9404,291938.72,7729.36
1333.0,185394.4951,4717973.4635,4711280.2747,291930.96,7729.37
1334.0,177667.7836,4718122.9746,4711417.2760,291923.19,7729.38
1335.0,169940.8340,4718266.1623,4711547.9440,291915.44,7729.39
1336.0,162213.6566,4718403.0263,4711672.2786,291907.68,7729.39
1337.0,154486.2619,4718533.5664,4711790.2795,291899.93,7729.40
1338.0,146758.6601,4718657.7825,4711901.9467,291892.18,7729.41
1339.0,139030.8617,4718775.6744,4712007.2799,291884.44,7729.42
1340.0,131302.8769,4718887.2419,4712106.2790,291876.71,7729.43
1341.0,123574.7162,4718992.4848,4712198.9437,291868.97,7729.44
1342.0,115846.3899,4719091.4029,4712285.2741,291861.24,7729.45
1343.0,108117.9083,4719183.9961,4712365.2698,291853.52,7729.45
1344.0,100389.2818,4719270.2644,4712438.9309,291845.80,7729.46
1345.0,92660.5208,4719350.2074,4712506.2571,291838.08,7729.47
1346.0,84931.6357,4719423.8251,4712567.2484,291830.37,7729.48
1347.0,77202.6367,4719491.1174,4712621.9047,291822.66,7729.49
1348.0,69473.5342,4719552.0842,4712670.2258,291814.96,7729.50
1349.0,61744.3387,4719606.7253,4712712.2117,291807.26,7729.51
1350.0,54015.0604,4719655.0407,4712747.8624,291799.56,7729.52
1351.0,46285.7097,4719697.0303,4712777.1776,291791.87,7729.53
1352.0,38556.2970,4719732.6939,4712800.1574,291784.18,7729.53
1353.0,30826.8327,4719762.0316,4712816.8018,291776.50,7729.54
1354.0,23097.3270,4719785.0433,4712827.1106,291768.83,7729.55
1355.0,15367.7904,4719801.7289,4712831.0839,291761.15,7729.56
1356.0,7638.2333,4719812.0883,4712828.7216,291753.48,7729.57
1357.0,-91.3341,4719816.1216,4712820.0237,291745.82,7729.58
1358.0,-7820.9014,4719813.8288,4712804.9901,291738.16,7729.59
1359.0,-15550.4581,4719805.2097,4712783.6210,291730.50,7729.60
1360.0,-23279.9940,4719790.2643,4712755.9162,291722.85,7729.60
1361.0,-31009.4987,4719768.9928,4712721.8759,291715.20,7729.61
1362.0,-38738.9617,4719741.3951,4712681.5000,291707.56,7729.62
1363.0,-46468.3729,4719707.4711,4712634.7885,291699.92,7729.63
1364.0,-54197.7217,4719667.2210,4712581.7416,291692.29,7729.64
1365.0,-61926.9979,4719620.6448,4712522.3592,291684.66,7729.65
1366.0,-69656.1910,4719567.7424,4712456.6414,291677.03,7729.66
1367.0,-77385.2908,4719508.5140,4712384.5883,291669.41,7729.67
1368.0,-85114.2868,4719442.9596,4712306.1999,291661.80,7729.68
1369.0,-92843.1687,4719371.0792,4712221.4764,291654.19,7729.69
1370.0,-100571.9262,4719292.8730,4712130.4178,291646.58,7729.69
1371.0,-108300.5488,4719208.3410,4712033.0242,291638.98,7729.70
1372.0,-116029.0262,4719117.4834,4711929.2957,291631.38,7729.71
1373.0,-123757.3481,4719020.3001,4711819.2325,291623.79,7729.72
1374.0,-131485.5041,4718916.7914,4711702.8347,291616.20,7729.73
1375.0,-139213.4839,4718806.9573,4711580.1024,291608.61,7729.74
1376.0,-146941.2770,4718690.7980,4711451.0357,291601.03,7729.75
1377.0,-154668.8731,4718568.3136,4711315.6349,291593.46,7729.76
1378.0,-162396.2618,4718439.5042,4711173.9000,291585.89,7729.77
1379.0,-170123.4329,4718304.3700,4711025.8312,291578.32,7729.78
1380.0,-177850.3759,4718162.9111,4710871.4287,291570.76,7729.78
1381.0,-185577.0805,4718015.1278,4710710.6927,291563.21,7729.79
1382.0,-193303.5363,4717861.0201,4710543.6234,291555.65,7729.80
1383.0,-201029.7330,4717700.5883,4710370.2210,291548.11,7729.81
1384.0,-208755.6602,4717533.8326,4710190.4857,291540.56,7729.82
1385.0,-216481.3076,4717360.7531,4710004.4177,291533.03,7729.83
1386.0,-224206.6647,4717181.3501,4709812.0172,291525.49,7729.84
1387.0,-231931.7213,4716995.6238,4709613.2845,291517.96,7729.85
1388.0,-239656.4669,4716803.5745,4709408.2198,291510.44,7729.86
1389.0,-247380.8913,4716605.2022,4709196.8234,291502.92,7729.87
1390.0,-255104.9840,4716400.5074,4708979.0955,291495.41,7729.88
1391.0,-262828.7348,4716189.4902,4708755.0365,291487.90,7729.89
1392.0,-270552.1332,4715972.1509,4708524.6465,291480.39,7729.90
1393.0,-278275.1689,4715748.4898,4708287.9258,291472.89,7729.90
1394.0,-285997.8316,4715518.5071,4708044.8748,291465.39,7729.91
1395.0,-293720.1108,4715282.2031,4707795.4938,291457.90,7729.92
1396.0,-301441.9963,4715039.5782,4707539.7831,291450.42,7729.93
1397.0,-309163.4777,4714790.6326,4707277.7429,291442.94,7729.94
1398.0,-316884.5447,4714535.3666,4707009.3737,291435.46,7729.95
1399.0,-324605.1868,4714273.7806,4706734.6757,291427.99,7729.96
1400.0,-332325.3937,4714005.8749,4706453.6494,291420.52,7729.97
1401.0,-340045.1551,4713731.6498,4706166.2950,291413.06,7729.98
1402.0,-347764.4607,4713451.1056,4705872.6129,291405.60,7729.99
1403.0,-355483.3000,4713164.2427,4705572.6035,291398.15,7730.00
1404.0,-363201.6628,4712871.0616,4705266.2672,291390.70,7730.01
1405.0,-370919.5386,4712571.5624,4704953.6043,291383.26,7730.02
1406.0,-378636.9172,4712265.7457,4704634.6153,291375.82,7730.03
1407.0,-386353.7882,4711953.6118,4704309.3005,291368.39,7730.03
1408.0,-394070.1412,4711635.1611,4703977.6604,291360.96,7730.04
1409.0,-401785.9659,4711310.3940,4703639.6955,291353.53,7730.05
1410.0,-409501.2520,4710979.3109,4703295.4060,291346.11,7730.06
1411.0,-417215.9890,4710641.9122,4702944.7925,291338.70,7730.07
1412.0,-424930.1667,4710298.1984,4702587.8554,291331.29,7730.08
1413.0,-432643.7747,4709948.1699,4702224.5952,291323.89,7730.09
1414.0,-440356.8027,4709591.8271,4701855.0123,291316.49,7730.10
1415.0,-448069.2404,4709229.1705,4701479.1072,291309.10,7730.11
1416.0,-455781.0773,4708860.2006,4701096.8803,291301.71,7730.12
1417.0,-463492.3031,4708484.9178,4700708.3323,291294.32,7730.13
1418.0,-471202.9076,4708103.3226,4700313.4635,291286.94,7730.14
1419.0,-478912.8803,4707715.4154,4699912.2745,291279.57,7730.15
1420.0,-486622.2109,4707321.1969,4699504.7658,291272.20,7730.16
1421.0,-494330.8892,4706920.6675,4699090.9379,291264.84,7730.17
1422.0,-502038.9046,4706513.8276,4698670.7913,291257.48,7730.18
1423.0,-509746.2470,4706100.6779,4698244.3266,291250.12,7730.19
1424.0,-517452.9060,4705681.2188,4697811.5444,291242.77,7730.20
1425.0,-525158.8712,4705255.4510,4697372.4451,291235.43,7730.20
1426.0,-532864.1324,4704823.3748,4696927.0294,291228.09,7730.21
1427.0,-540568.6791,4704384.9910,4696475.2978,291220.75,7730.22
1428.0,-548272.5010,4703940.2999,4696017.2510,291213.43,7730.23
1429.0,-555975.5879,4703489.3024,4695552.8894,291206.10,7730.24
1430.0,-563677.9293,4703031.9988,4695082.2137,291198.78,7730.25
1431.0,-571379.5150,4702568.3898,4694605.2246,291191.47,7730.26
1432.0,-579080.3346,4702098.4759,4694121.9225,291184.16,7730.27
1433.0,-586780.3778,4701622.2579,4693632.3082,291176.86,7730.28
1434.0,-594479.6343,4701139.7363,4693136.3823,291169.56,7730.29
1435.0,-602178.0937,4700650.9117,4692634.1454,291162.26,7730.30
1436.0,-609875.7458,4700155.7847,4692125.5982,291154.98,7730.31
1437.0,-617572.5801,4699654.3561,4691610.7413,291147.69,7730.32
1438.0,-625268.5864,4699146.6263,4691089.5754,291140.41,7730.33
1439.0,-632963.7544,4698632.5962,4690562.1012,291133.14,7730.34
1440.0,-640658.0736,4698112.2663,4690028.3193,291125.87,7730.35
1441.0,-648351.5339,4697585.6374,4689488.2305,291118.61,7730.36
1442.0,-656044.1249,4697052.7101,4688941.8354,291111.35,7730.37
1443.0,-663735.8363,4696513.4850,4688389.1348,291104.10,7730.38
1444.0,-671426.6577,4695967.9630,4687830.1294,291096.85,7730.39
1445.0,-679116.5788,4695416.1446,4687264.8198,291089.61,7730.40
1446.0,-686805.5894,4694858.0307,4686693.2069,291082.37,7730.41
1447.0,-694493.6791,4694293.6219,4686115.2914,291075.14,7730.42
1448.0,-702180.8376,4693722.9190,4685531.0740,291067.92,7730.43
1449.0,-709867.0546,4693145.9227,4684940.5554,291060.69,7730.44
1450.0,-717552.3197,4692562.6337,4684343.7366,291053.48,7730.45
1451.0,-725236.6228,4691973.0528,4683740.6181,291046.27,7730.46
1452.0,-732919.9534,4691377.1808,4683131.2009,291039.06,7730.47
1453.0,-740602.3012,4690775.0185,4682515.4857,291031.86,7730.48
1454.0,-748283.6560,4690166.5666,4681893.4733,291024.67,7730.49
1455.0,-755964.0075,4689551.8259,4681265.1645,291017.48,7730.50
1456.0,-763643.3453,4688930.7972,4680630.5601,291010.29,7730.51
1457.0,-771321.6592,4688303.4813,4679989.6611,291003.11,7730.52
1458.0,-778998.9388,4687669.8791,4679342.4681,290995.94,7730.52
1459.0,-786675.1738,4687029.9913,4678688.9820,290988.77,7730.53
1460.0,-794350.3540,4686383.8188,4678029.2038,290981.61,7730.54
1461.0,-802024.4691,4685731.3625,4677363.1342,290974.45,7730.55
1462.0,-809697.5087,4685072.6231,4676690.7742,290967.30,7730.56
1463.0,-817369.4625,4684407.6016,4676012.1245,290960.15,7730.57
1464.0,-825040.3204,4683736.2987,4675327.1861,290953.01,7730.58
1465.0,-832710.0719,4683058.7155,4674635.9600,290945.87,7730.59
1466.0,-840378.7069,4682374.8527,4673938.4469,290938.74,7730.60
1467.0,-848046.2149,4681684.7112,4673234.6478,290931.61,7730.61
1468.0,-855712.5858,4680988.2920,4672524.5636,290924.49,7730.62
1469.0,-863377.8092,4680285.5959,4671808.1953,290917.38,7730.63
1470.0,-871041.8748,4679576.6239,4671085.5437,290910.27,7730.64
1471.0,-878704.7724,4678861.3768,4670356.6099,290903.17,7730.65
1472.0,-886366.4917,4678139.8557,4669621.3947,290896.07,7730.66
1473.0,-894027.0225,4677412.0615,4668879.8992,290888.97,7730.67
1474.0,-901686.3543,4676677.9950,4668132.1244,290881.88,7730.68
1475.0,-909344.4770,4675937.6574,4667378.0711,290874.80,7730.69
1476.0,-917001.3803,4675191.0494,4666617.7403,290867.72,7730.70
1477.0,-924657.0539,4674438.1722,4665851.1332,290860.65,7730.71
1478.0,-932311.4875,4673679.0267,4665078.2506,290853.59,7730.72
1479.0,-939964.6710,4672913.6138,4664299.0936,290846.53,7730.73
1480.0,-947616.5939,4672141.9346,4663513.6632,290839.47,7730.74
1481.0,-955267.2460,4671363.9901,4662721.9605,290832.42,7730.75
1482.0,-962916.6171,4670579.7813,4661923.9864,290825.38,7730.76
1483.0,-970564.6969,4669789.3092,4661119.7421,290818.34,7730.77
1484.0,-978211.4752,4668992.5749,4660309.2285,290811.30,7730.78
1485.0,-985856.9416,4668189.5794,4659492.4468,290804.27,7730.79
1486.0,-993501.0860,4667380.3237,4658669.3979,290797.25,7730.80
1487.0,-1001143.8980,4666564.8089,4657840.0831,290790.23,7730.81
1488.0,-1008785.3675,4665743.0361,4657004.5033,290783.22,7730.82
1489.0,-1016425.4841,4664915.0064,4656162.6597,290776.22,7730.83
1490.0,-1024064.2376,4664080.7208,4655314.5534,290769.22,7730.84
1491.0,-1031701.6177,4663240.1804,4654460.1855,290762.22,7730.85
1492.0,-1039337.6143,4662393.3863,4653599.5570,290755.23,7730.86
1493.0,-1046972.2170,4661540.3396,4652732.6692,290748.25,7730.87
1494.0,-1054605.4157,4660681.0415,4651859.5232,290741.27,7730.89
1495.0,-1062237.2000,4659815.4930,4650980.1201,290734.30,7730.90
1496.0,-1069867.5598,4658943.6954,4650094.4611,290727.33,7730.91
1497.0,-1077496.4847,4658065.6496,4649202.5474,290720.37,7730.92
1498.0,-1085123.9646,4657181.3570,4648304.3800,290713.41,7730.93
1499.0,-1092749.9892,4656290.8186,4647399.9602,290706.46,7730.94
1500.0,-1100374.5483,4655394.0357,4646489.2892,290699.52,7730.95
1501.0,-1107997.6317,4654491.0093,4645572.3682,290692.58,7730.96
1502.0,-1115619.2291,4653581.7407,4644649.1984,290685.64,7730.97
1503.0,-1123239.3303,4652666.2310,4643719.7810,290678.72,7730.98
1504.0,-1130857.9250,4651744.4815,4642784.1171,290671.79,7730.99
1505.0,-1138475.0031,4650816.4934,4641842.2082,290664.88,7731.00
1506.0,-1146090.5544,4649882.2678,4640894.0553,290657.97,7731.01
1507.0,-1153704.5685,4648941.8061,4639939.6597,290651.06,7731.02
1508.0,-1161317.0353,4647995.1094,4638979.0228,290644.16,7731.03
1509.0,-1168927.9446,4647042.1790,4638012.1457,290637.27,7731.04
1510.0,-1176537.2861,4646083.0161,4637039.0297,290630.38,7731.05
1511.0,-1184145.0496,4645117.6220,4636059.6761,290623.50,7731.06
1512.0,-1191751.2250,4644145.9980,4635074.0862,290616.62,7731.07
1513.0,-1199355.8020,4643168.1453,4634082.2613,290609.75,7731.08
1514.0,-1206958.7705,4642184.0652,4633084.2027,290602.88,7731.09
1515.0,-1214560.1201,4641193.7590,4632079.9117,290596.02,7731.10
1516.0,-1222159.8407,4640197.2280,4631069.3896,290589.17,7731.11
1517.0,-1229757.9222,4639194.4736,4630052.6378,290582.32,7731.12
1518.0,-1237354.3542,4638185.4969,4629029.6576,290575.47,7731.13
1519.0,-1244949.1267,4637170.2994,4628000.4503,290568.64,7731.14
1520.0,-1252542.2294,4636148.8824,4626965.0174,290561.81,7731.15
1521.0,-1260133.6521,4635121.2473,4625923.3601,290554.98,7731.16
1522.0,-1267723.3846,4634087.3953,4624875.4798,290548.16,7731.17
1523.0,-1275311.4168,4633047.3278,4623821.3780,290541.35,7731.18
1524.0,-1282897.7384,4632001.0462,4622761.0560,290534.54,7731.19
1525.0,-1290482.3394,4630948.5519,4621694.5152,290527.74,7731.20
1526.0,-1298065.2094,4629889.8462,4620621.7569,290520.94,7731.21
1527.0,-1305646.3383,4628824.9306,4619542.7828,290514.15,7731.22
1528.0,-1313225.7160,4627753.8065,4618457.5940,290507.36,7731.24
1529.0,-1320803.3323,4626676.4752,4617366.1922,290500.58,7731.25
1530.0,-1328379.1769,4625592.9381,4616268.5786,290493.81,7731.26
1531.0,-1335953.2398,4624503.1968,4615164.7548,290487.04,7731.27
1532.0,-1343525.5107,4623407.2526,4614054.7223,290480.28,7731.28
1533.0,-1351095.9796,4622305.1069,4612938.4824,290473.52,7731.29
1534.0,-1358664.6361,4621196.7612,4611816.0367,290466.77,7731.30
1535.0,-1366231.4703,4620082.2171,4610687.3866,290460.03,7731.31
1536.0,-1373796.4718,4618961.4758,4609552.5336,290453.29,7731.32
1537.0,-1381359.6306,4617834.5390,4608411.4793,290446.55,7731.33
1538.0,-1388920.9365,4616701.4081,4607264.2251,290439.83,7731.34
1539.0,-1396480.3793,4615562.0845,4606110.7725,290433.11,7731.35
1540.0,-1404037.9490,4614416.5698,4604951.1231,290426.39,7731.36
1541.0,-1411593.6353,4613264.8655,4603785.2784,290419.68,7731.37
1542.0,-1419147.4281,4612106.9731,4602613.2399,290412.98,7731.38
1543.0,-1426699.3173,4610942.8942,4601435.0092,290406.28,7731.39
1544.0,-1434249.2927,4609772.6302,4600250.5878,290399.59,7731.40
1545.0,-1441797.3442,4608596.1827,4599059.9774,290392.90,7731.41
1546.0,-1449343.4617,4607413.5532,4597863.1794,290386.22,7731.42
1547.0,-1456887.6350,4606224.7433,4596660.1954,290379.55,7731.43
1548.0,-1464429.8539,4605029.7547,4595451.0271,290372.88,7731.44
1549.0,-1471970.1085,4603828.5887,4594235.6761,290366.21,7731.46
1550.0,-1479508.3885,4602621.2471,4593014.1438,290359.56,7731.47
1551.0,-1487044.6839,4601407.7314,4591786.4321,290352.91,7731.48
1552.0,-1494578.9844,4600188.0432,4590552.5424,290346.26,7731.49
1553.0,-1502111.2800,4598962.1841,4589312.4764,290339.62,7731.50
1554.0,-1509641.5606,4597730.1557,4588066.2357,290332.99,7731.51
1555.0,-1517169.8161,4596491.9597,4586813.8221,290326.36,7731.52
1556.0,-1524696.0364,4595247.5977,4585555.2371,290319.74,7731.53
1557.0,-1532220.2112,4593997.0712,4584290.4824,290313.13,7731.54
1558.0,-1539742.3307,4592740.3821,4583019.5596,290306.52,7731.55
1559.0,-1547262.3845,4591477.5319,4581742.4706,290299.91,7731.56
1560.0,-1554780.3627,4590208.5223,4580459.2169,290293.32,7731.57
1561.0,-1562296.2552,4588933.3549,4579169.8002,290286.73,7731.58
1562.0,-1569810.0518,4587652.0315,4577874.2223,290280.14,7731.59
1563.0,-1577321.7425,4586364.5537,4576572.4848,290273.56,7731.60
1564.0,-1584831.3172,4585070.9232,4575264.5896,290266.99,7731.62
1565.0,-1592338.7658,4583771.1418,4573950.5382,290260.42,7731.63
1566.0,-1599844.0782,4582465.2111,4572630.3325,290253.86,7731.64
1567.0,-1607347.2443,4581153.1328,4571303.9742,290247.30,7731.65
1568.0,-1614848.2541,4579834.9088,4569971.4650,290240.75,7731.66
1569.0,-1622347.0975,4578510.5407,4568632.8068,290234.21,7731.67
1570.0,-1629843.7643,4577180.0303,4567288.0012,290227.67,7731.68
1571.0,-1637338.2447,4575843.3793,4565937.0501,290221.14,7731.69
1572.0,-1644830.5284,4574500.5895,4564579.9552,290214.62,7731.70
1573.0,-1652320.6054,4573151.6627,4563216.7184,290208.10,7731.71
1574.0,-1659808.4657,4571796.6006,4561847.3415,290201.58,7731.72
1575.0,-1667294.0992,4570435.4051,4560471.8262,290195.08,7731.73
1576.0,-1674777.4958,4569068.0779,4559090.1743,290188.58,7731.74
1577.0,-1682258.6456,4567694.6208,4557702.3878,290182.08,7731.75
1578.0,-1689737.5383,4566315.0356,4556308.4685,290175.59,7731.77
1579.0,-1697214.1641,4564929.3243,4554908.4181,290169.11,7731.78
1580.0,-1704688.5129,4563537.4885,4553502.2385,290162.63,7731.79
1581.0,-1712160.5745,4562139.5301,4552089.9317,290156.16,7731.80
1582.0,-1719630.3391,4560735.4511,4550671.4994,290149.70,7731.81
1583.0,-1727097.7965,4559325.2531,4549246.9436,290143.24,7731.82
1584.0,-1734562.9367,4557908.9381,4547816.2662,290136.78,7731.83
1585.0,-1742025.7498,4556486.5080,4546379.4689,290130.34,7731.84
1586.0,-1749486.2256,4555057.9646,4544936.5538,290123.90,7731.85
1587.0,-1756944.3541,4553623.3099,4543487.5227,290117.46,7731.86
1588.0,-1764400.1254,4552182.5457,4542032.3777,290111.03,7731.87
1589.0,-1771853.5294,4550735.6738,4540571.1204,290104.61,7731.88
1590.0,-1779304.5561,4549282.6963,4539103.7531,290098.20,7731.89
1591.0,-1786753.1955,4547823.6151,4537630.2774,290091.79,7731.91
1592.0,-1794199.4375,4546358.4320,4536150.6955,290085.38,7731.92
1593.0,-1801643.2723,4544887.1490,4534665.0093,290078.99,7731.93
1594.0,-1809084.6897,4543409.7681,4533173.2208,290072.59,7731.94
1595.0,-1816523.6799,4541926.2911,4531675.3318,290066.21,7731.95
1596.0,-1823960.2327,4540436.7201,4530171.3445,290059.83,7731.96
1597.0,-1831394.3382,4538941.0571,4528661.2608,290053.46,7731.97
1598.0,-1838825.9865,4537439.3039,4527145.0826,290047.09,7731.98
1599.0,-1846255.1675,4535931.4627,4525622.8121,290040.73,7731.99
1600.0,-1853681.8712,4534417.5353,4524094.4512,290034.37,7732.00
1601.0,-1861106.0877,4532897.5238,4522560.0020,290028.03,7732.01
1602.0,-1868527.8070,4531371.4301,4521019.4665,290021.68,7732.03
1603.0,-1875947.0192,4529839.2564,4519472.8466,290015.35,7732.04
1604.0,-1883363.7142,4528301.0046,4517920.1446,290009.02,7732.05
1605.0,-1890777.8821,4526756.6767,4516361.3624,290002.69,7732.06
1606.0,-1898189.5129,4525206.2749,4514796.5021,289996.38,7732.07
1607.0,-1905598.5967,4523649.8011,4513225.5658,289990.06,7732.08
1608.0,-1913005.1235,4522087.2574,4511648.5555,289983.76,7732.09
1609.0,-1920409.0834,4520518.6458,4510065.4734,289977.46,7732.10
1610.0,-1927810.4665,4518943.9685,4508476.3216,289971.17,7732.11
1611.0,-1935209.2627,4517363.2275,4506881.1021,289964.88,7732.12
1612.0,-1942605.4621,4515776.4250,4505279.8171,289958.60,7732.14
1613.0,-1949999.0548,4514183.5629,4503672.4686,289952.33,7732.15
1614.0,-1957390.0309,4512584.6435,4502059.0589,289946.06,7732.16
1615.0,-1964778.3804,4510979.6688,4500439.5901,289939.80,7732.17
1616.0,-1972164.0935,4509368.6409,4498814.0643,289933.54,7732.18
1617.0,-1979547.1601,4507751.5621,4497182.4836,289927.29,7732.19
1618.0,-1986927.5703,4506128.4343,4495544.8503,289921.05,7732.20
1619.0,-1994305.3143,4504499.2598,4493901.1665,289914.81,7732.21
1620.0,-2001680.3822,4502864.0407,4492251.4344,289908.58,7732.22
1621.0,-2009052.7639,4501222.7793,4490595.6562,289902.36,7732.23
1622.0,-2016422.4497,4499575.4775,4488933.8340,289896.14,7732.25
1623.0,-2023789.4295,4497922.1377,4487265.9701,289889.93,7732.26
1624.0,-2031153.6936,4496262.7620,4485592.0667,289883.72,7732.27
1625.0,-2038515.2319,4494597.3527,4483912.1260,289877.52,7732.28
1626.0,-2045874.0347,4492925.9118,4482226.1503,289871.33,7732.29
1627.0,-2053230.0920,4491248.4417,4480534.1417,289865.14,7732.30
1628.0,-2060583.3939,4489564.9445,4478836.1026,289858.96,7732.31
1629.0,-2067933.9306,4487875.4225,4477132.0351,289852.79,7732.32
1630.0,-2075281.6922,4486179.8779,4475421.9416,289846.62,7732.33
1631.0,-2082626.6688,4484478.3129,4473705.8242,289840.46,7732.34
1632.0,-2089968.8505,4482770.7299,4471983.6854,289834.30,7732.36
1633.0,-2097308.2274,4481057.1310,4470255.5273,289828.15,7732.37
1634.0,-2104644.7898,4479337.5186,4468521.3523,289822.01,7732.38
1635.0,-2111978.5277,4477611.8948,4466781.1627,289815.87,7732.39
1636.0,-2119309.4313,4475880.2621,4465034.9607,289809.74,7732.40
1637.0,-2126637.4906,4474142.6226,4463282.7488,289803.62,7732.41
1638.0,-2133962.6960,4472398.9787,4461524.5291,289797.50,7732.42
1639.0,-2141285.0375,4470649.3327,4459760.3042,289791.39,7732.43
1640.0,-2148604.5053,4468893.6869,4457990.0762,289785.29,7732.44
1641.0,-2155921.0895,4467132.0436,4456213.8475,289779.19,7732.46
1642.0,-2163234.7804,4465364.4052,4454431.6206,289773.10,7732.47
1643.0,-2170545.5680,4463590.7740,4452643.3978,289767.01,7732.48
1644.0,-2177853.4426,4461811.1523,4450849.1814,289760.93,7732.49
1645.0,-2185158.3943,4460025.5425,4449048.9738,289754.86,7732.50
1646.0,-2192460.4134,4458233.9470,4447242.7775,289748.79,7732.51
1647.0,-2199759.4899,4456436.3682,4445430.5947,289742.73,7732.52
1648.0,-2207055.6141,4454632.8084,4443612.4280,289736.68,7732.53
1649.0,-2214348.7762,4452823.2699,4441788.2798,289730.63,7732.55
1650.0,-2221638.9664,4451007.7553,4439958.1524,289724.59,7732.56
1651.0,-2228926.1748,4449186.2669,4438122.0483,289718.55,7732.57
1652.0,-2236210.3917,4447358.8071,4436279.9700,289712.52,7732.58
1653.0,-2243491.6073,4445525.3784,4434431.9198,289706.50,7732.59
1654.0,-2250769.8118,4443685.9831,4432577.9003,289700.48,7732.60
1655.0,-2258044.9954,4441840.6237,4430717.9139,289694.47,7732.61
1656.0,-2265317.1483,4439989.3027,4428851.9630,289688.47,7732.62
1657.0,-2272586.2608,4438132.0225,4426980.0502,289682.47,7732.63
1658.0,-2279852.3231,4436268.7855,4425102.1780,289676.48,7732.65
1659.0,-2287115.3253,4434399.5943,4423218.3488,289670.50,7732.66
1660.0,-2294375.2579,4432524.4513,4421328.5651,289664.52,7732.67
1661.0,-2301632.1108,4430643.3590,4419432.8295,289658.55,7732.68
1662.0,-2308885.8746,4428756.3198,4417531.1444,289652.58,7732.69
1663.0,-2316136.5392,4426863.3364,4415623.5125,289646.63,7732.70
1664.0,-2323384.0952,4424964.4111,4413709.9362,289640.67,7732.71
1665.0,-2330628.5325,4423059.5465,4411790.4180,289634.73,7732.72
1666.0,-2337869.8417,4421148.7452,4409864.9606,289628.79,7732.74
1667.0,-2345108.0128,4419232.0097,4407933.5665,289622.85,7732.75
1668.0,-2352343.0362,4417309.3424,4405996.2382,289616.93,7732.76
1669.0,-2359574.9021,4415380.7460,4404052.9784,289611.01,7732.77
1670.0,-2366803.6009,4413446.2230,4402103.7896,289605.09,7732.78
1671.0,-2374029.1228,4411505.7760,4400148.6744,289599.19,7732.79
1672.0,-2381251.4580,4409559.4075,4398187.6354,289593.28,7732.80
1673.0,-2388470.5969,4407607.1202,4396220.6752,289587.39,7732.81
1674.0,-2395686.5297,4405648.9165,4394247.7964,289581.50,7732.83
1675.0,-2402899.2468,4403684.7992,4392269.0017,289575.62,7732.84
1676.0,-2410108.7385,4401714.7708,4390284.2936,289569.74,7732.85
1677.0,-2417314.9950,4399738.8339,4388293.6749,289563.88,7732.86
1678.0,-2424518.0067,4397756.9911,4386297.1482,289558.01,7732.87
1679.0,-2431717.7639,4395769.2451,4384294.7161,289552.16,7732.88
1680.0,-2438914.2569,4393775.5985,4382286.3812,289546.31,7732.89
1681.0,-2446107.4760,4391776.0540,4380272.1463,289540.46,7732.90
1682.0,-2453297.4115,4389770.6142,4378252.0141,289534.63,7732.92
1683.0,-2460484.0538,4387759.2817,4376225.9872,289528.80,7732.93
1684.0,-2467667.3933,4385742.0592,4374194.0683,289522.97,7732.94
1685.0,-2474847.4202,4383718.9495,4372156.2601,289517.16,7732.95
1686.0,-2482024.1248,4381689.9551,4370112.5654,289511.35,7732.96
1687.0,-2489197.4977,4379655.0788,4368062.9868,289505.54,7732.97
1688.0,-2496367.5290,4377614.3233,4366007.5271,289499.74,7732.98
1689.0,-2503534.2091,4375567.6913,4363946.1890,289493.95,7733.00
1690.0,-2510697.5285,4373515.1854,4361878.9752,289488.17,7733.01
1691.0,-2517857.4775,4371456.8085,4359805.8886,289482.39,7733.02
1692.0,-2525014.0464,4369392.5632,4357726.9318,289476.61,7733.03
1693.0,-2532167.2256,4367322.4523,4355642.1077,289470.85,7733.04
1694.0,-2539317.0055,4365246.4786,4353551.4190,289465.09,7733.05
1695.0,-2546463.3765,4363164.6447,4351454.8684,289459.34,7733.06
1696.0,-2553606.3289,4361076.9534,4349352.4588,289453.59,7733.07
1697.0,-2560745.8532,4358983.4076,4347244.1930,289447.85,7733.09
1698.0,-2567881.9398,4356884.0100,4345130.0738,289442.12,7733.10
1699.0,-2575014.5790,4354778.7634,4343010.1040,289436.39,7733.11
1700.0,-2582143.7613,4352667.6705,4340884.2863,289430.67,7733.12
1701.0,-2589269.4771,4350550.7342,4338752.6238,289424.96,7733.13
1702.0,-2596391.7167,4348427.9573,4336615.1191,289419.25,7733.14
1703.0,-2603510.4706,4346299.3426,4334471.7751,289413.55,7733.15
1704.0,-2610625.7293,4344164.8929,4332322.5947,289407.85,7733.17
1705.0,-2617737.4831,4342024.6110,4330167.5808,289402.17,7733.18
1706.0,-2624845.7225,4339878.4999,4328006.7361,289396.48,7733.19
1707.0,-2631950.4379,4337726.5623,4325840.0637,289390.81,7733.20
1708.0,-2639051.6198,4335568.8011,4323667.5663,289385.14,7733.21
1709.0,-2646149.2586,4333405.2192,4321489.2469,289379.48,7733.22
1710.0,-2653243.3447,4331235.8194,4319305.1083,289373.82,7733.23
1711.0,-2660333.8687,4329060.6046,4317115.1535,289368.18,7733.25
1712.0,-2667420.8210,4326879.5777,4314919.3854,289362.53,7733.26
1713.0,-2674504.1919,4324692.7416,4312717.8069,289356.90,7733.27
1714.0,-2681583.9721,4322500.0993,4310510.4210,289351.27,7733.28
1715.0,-2688660.1520,4320301.6535,4308297.2305,289345.64,7733.29
1716.0,-2695732.7221,4318097.4072,4306078.2385,289340.03,7733.30
1717.0,-2702801.6728,4315887.3635,4303853.4478,289334.42,7733.31
1718.0,-2709866.9946,4313671.5251,4301622.8615,289328.82,7733.33
1719.0,-2716928.6780,4311449.8950,4299386.4825,289323.22,7733.34
1720.0,-2723986.7136,4309222.4762,4297144.3138,289317.63,7733.35
1721.0,-2731041.0918,4306989.2717,4294896.3583,289312.04,7733.36
1722.0,-2738091.8032,4304750.2844,4292642.6192,289306.47,7733.37
1723.0,-2745138.8382,4302505.5172,4290383.0993,289300.90,7733.38
1724.0,-2752182.1873,4300254.9732,4288117.8017,289295.33,7733.39
1725.0,-2759221.8412,4297998.6554,4285846.7295,289289.77,7733.41
1726.0,-2766257.7903,4295736.5667,4283569.8855,289284.22,7733.42
1727.0,-2773290.0251,4293468.7101,4281287.2729,289278.68,7733.43
1728.0,-2780318.5362,4291195.0887,4278998.8947,289273.14,7733.44
1729.0,-2787343.3141,4288915.7055,4276704.7540,289267.61,7733.45
1730.0,-2794364.3494,4286630.5635,4274404.8537,289262.08,7733.46
1731.0,-2801381.6326,4284339.6657,4272099.1971,289256.57,7733.47
1732.0,-2808395.1542,4282043.0152,4269787.7871,289251.05,7733.49
1733.0,-2815404.9050,4279740.6151,4267470.6268,289245.55,7733.50
1734.0,-2822410.8753,4277432.4683,4265147.7193,289240.05,7733.51
1735.0,-2829413.0558,4275118.5780,4262819.0677,289234.56,7733.52
1736.0,-2836411.4370,4272798.9472,4260484.6752,289229.07,7733.53
1737.0,-2843406.0096,4270473.5791,4258144.5447,289223.59,7733.54
1738.0,-2850396.7641,4268142.4766,4255798.6795,289218.12,7733.55
1739.0,-2857383.6911,4265805.6430,4253447.0827,289212.66,7733.57
1740.0,-2864366.7812,4263463.0812,4251089.7573,289207.20,7733.58
1741.0,-2871346.0250,4261114.7945,4248726.7066,289201.74,7733.59
1742.0,-2878321.4132,4258760.7859,4246357.9337,289196.30,7733.60
1743.0,-2885292.9362,4256401.0586,4243983.4417,289190.86,7733.61
1744.0,-2892260.5848,4254035.6157,4241603.2339,289185.42,7733.62
1745.0,-2899224.3495,4251664.4603,4239217.3133,289180.00,7733.63
1746.0,-2906184.2211,4249287.5956,4236825.6832,289174.58,7733.65
1747.0,-2913140.1900,4246905.0248,4234428.3467,289169.16,7733.66
1748.0,-2920092.2470,4244516.7509,4232025.3071,289163.76,7733.67
1749.0,-2927040.3827,4242122.7773,4229616.5675,289158.36,7733.68
1750.0,-2933984.5877,4239723.1071,4227202.1312,289152.96,7733.69
1751.0,-2940924.8527,4237317.7434,4224782.0014,289147.58,7733.70
1752.0,-2947861.1684,4234906.6895,4222356.1813,289142.19,7733.72
1753.0,-2954793.5254,4232489.9485,4219924.6741,289136.82,7733.73
1754.0,-2961721.9143,4230067.5238,4217487.4831,289131.45,7733.74
1755.0,-2968646.3259,4227639.4184,4215044.6116,289126.09,7733.75
1756.0,-2975566.7508,4225205.6356,4212596.0627,289120.74,7733.76
1757.0,-2982483.1798,4222766.1787,4210141.8398,289115.39,7733.77
1758.0,-2989395.6034,4220321.0509,4207681.9461,289110.05,7733.78
1759.0,-2996304.0125,4217870.2555,4205216.3849,289104.71,7733.80
1760.0,-3003208.3976,4215413.7957,4202745.1595,289099.39,7733.81
1761.0,-3010108.7495,4212951.6747,4200268.2733,289094.06,7733.82
1762.0,-3017005.0590,4210483.8959,4197785.7294,289088.75,7733.83
1763.0,-3023897.3166,4208010.4626,4195297.5312,289083.44,7733.84
1764.0,-3030785.5132,4205531.3779,4192803.6820,289078.14,7733.85
1765.0,-3037669.6395,4203046.6453,4190304.1851,289072.84,7733.87
1766.0,-3044549.6862,4200556.2680,4187799.0440,289067.56,7733.88
1767.0,-3051425.6439,4198060.2493,4185288.2619,289062.27,7733.89
1768.0,-3058297.5036,4195558.5926,4182771.8421,289057.00,7733.90
1769.0,-3065165.2559,4193051.3012,4180249.7881,289051.73,7733.91
1770.0,-3072028.8916,4190538.3783,4177722.1032,289046.47,7733.92
1771.0,-3078888.4013,4188019.8274,4175188.7907,289041.21,7733.93
1772.0,-3085743.7760,4185495.6519,4172649.8541,289035.96,7733.95
1773.0,-3092595.0064,4182965.8549,4170105.2967,289030.72,7733.96
1774.0,-3099442.0832,4180430.4400,4167555.1219,289025.48,7733.97
1775.0,-3106284.9972,4177889.4105,4164999.3332,289020.25,7733.98
1776.0,-3113123.7392,4175342.7698,4162437.9339,289015.03,7733.99
1777.0,-3119958.2999,4172790.5212,4159870.9275,289009.82,7734.00
1778.0,-3126788.6703,4170232.6682,4157298.3173,289004.61,7734.02
1779.0,-3133614.8411,4167669.2142,4154720.1068,288999.40,7734.03
1780.0,-3140436.8030,4165100.1625,4152136.2995,288994.21,7734.04
1781.0,-3147254.5470,4162525.5166,4149546.8988,288989.02,7734.05
1782.0,-3154068.0638,4159945.2799,4146951.9082,288983.83,7734.06
1783.0,-3160877.3442,4157359.4559,4144351.3310,288978.66,7734.07
1784.0,-3167682.3792,4154768.0480,4141745.1709,288973.49,7734.08
1785.0,-3174483.1594,4152171.0595,4139133.4312,288968.32,7734.10
1786.0,-3181279.6758,4149568.4941,4136516.1155,288963.17,7734.11
1787.0,-3188071.9191,4146960.3551,4133893.2272,288958.02,7734.12
1788.0,-3194859.8804,4144346.6461,4131264.7698,288952.87,7734.13
1789.0,-3201643.5503,4141727.3704,4128630.7469,288947.74,7734.14
1790.0,-3208422.9198,4139102.5316,4125991.1620,288942.61,7734.15
1791.0,-3215197.9798,4136472.1332,4123346.0186,288937.48,7734.17
1792.0,-3221968.7210,4133836.1787,4120695.3202,288932.36,7734.18
1793.0,-3228735.1345,4131194.6715,4118039.0703,288927.25,7734.19
1794.0,-3235497.2110,4128547.6153,4115377.2726,288922.15,7734.20
1795.0,-3242254.9415,4125895.0134,4112709.9305,288917.05,7734.21
1796.0,-3249008.3168,4123236.8696,4110037.0476,288911.96,7734.22
1797.0,-3255757.3279,4120573.1872,4107358.6275,288906.88,7734.23
1798.0,-3262501.9657,4117903.9698,4104674.6738,288901.80,7734.25
1799.0,-3269242.2211,4115229.2210,4101985.1900,288896.73,7734.26
1800.0,-3275978.0850,4112548.9444,4099290.1797,288891.66,7734.27
1801.0,-3282709.5484,4109863.1435,4096589.6466,288886.61,7734.28
1802.0,-3289436.6021,4107171.8218,4093883.5942,288881.56,7734.29
1803.0,-3296159.2371,4104474.9831,4091172.0262,288876.51,7734.30
1804.0,-3302877.4443,4101772.6308,4088454.9461,288871.47,7734.32
1805.0,-3309591.2148,4099064.7685,4085732.3577,288866.44,7734.33
1806.0,-3316300.5394,4096351.3999,4083004.2645,288861.42,7734.34
1807.0,-3323005.4091,4093632.5286,4080270.6701,288856.40,7734.35
1808.0,-3329705.8149,4090908.1582,4077531.5783,288851.39,7734.36
1809.0,-3336401.7477,4088178.2923,4074786.9927,288846.38,7734.37
1810.0,-3343093.1986,4085442.9345,4072036.9169,288841.38,7734.38
1811.0,-3349780.1585,4082702.0886,4069281.3546,288836.39,7734.40
1812.0,-3356462.6184,4079955.7581,4066520.3095,288831.41,7734.41
1813.0,-3363140.5692,4077203.9467,4063753.7854,288826.43,7734.42
1814.0,-3369814.0021,4074446.6580,4060981.7858,288821.46,7734.43
1815.0,-3376482.9080,4071683.8958,4058204.3145,288816.49,7734.44
1816.0,-3383147.2779,4068915.6637,4055421.3752,288811.53,7734.45
1817.0,-3389807.1029,4066141.9654,4052632.9716,288806.58,7734.47
1818.0,-3396462.3739,4063362.8046,4049839.1074,288801.63,7734.48
1819.0,-3403113.0820,4060578.1850,4047039.7865,288796.69,7734.49
1820.0,-3409759.2183,4057788.1103,4044235.0124,288791.76,7734.50
1821.0,-3416400.7737,4054992.5842,4041424.7890,288786.84,7734.51
1822.0,-3423037.7394,4052191.6104,4038609.1200,288781.92,7734.52
1823.0,-3429670.1064,4049385.1928,4035788.0091,288777.00,7734.54
1824.0,-3436297.8657,4046573.3349,4032961.4602,288772.10,7734.55
1825.0,-3442921.0084,4043756.0406,4030129.4770,288767.20,7734.56
1826.0,-3449539.5256,4040933.3136,4027292.0633,288762.31,7734.57
1827.0,-3456153.4084,4038105.1576,4024449.2229,288757.42,7734.58
1828.0,-3462762.6479,4035271.5765,4021600.9596,288752.54,7734.59
1829.0,-3469367.2351,4032432.5740,4018747.2772,288747.67,7734.60
1830.0,-3475967.1611,4029588.1539,4015888.1795,288742.80,7734.62
1831.0,-3482562.4171,4026738.3200,4013023.6703,288737.94,7734.63
1832.0,-3489152.9942,4023883.0760,4010153.7535,288733.09,7734.64
1833.0,-3495738.8834,4021022.4258,4007278.4328,288728.24,7734.65
1834.0,-3502320.0760,4018156.3732,4004397.7122,288723.40,7734.66
1835.0,-3508896.5630,4015284.9220,4001511.5955,288718.57,7734.67
1836.0,-3515468.3356,4012408.0761,3998620.0864,288713.74,7734.69
1837.0,-3522035.3848,4009525.8392,3995723.1890,288708.92,7734.70
1838.0,-3528597.7020,4006638.2152,3992820.9071,288704.11,7734.71
1839.0,-3535155.2781,4003745.2079,3989913.2445,288699.30,7734.72
1840.0,-3541708.1044,4000846.8213,3987000.2052,288694.50,7734.73
1841.0,-3548256.1721,3997943.0591,3984081.7929,288689.70,7734.74
1842.0,-3554799.4723,3995033.9253,3981158.0117,288684.92,7734.75
1843.0,-3561337.9962,3992119.4236,3978228.8655,288680.14,7734.77
1844.0,-3567871.7349,3989199.5581,3975294.3581,288675.36,7734.78
1845.0,-3574400.6798,3986274.3326,3972354.4934,288670.59,7734.79
1846.0,-3580924.8219,3983343.7509,3969409.2755,288665.83,7734.80
1847.0,-3587444.1524,3980407.8170,3966458.7082,288661.08,7734.81
1848.0,-3593958.6627,3977466.5349,3963502.7955,288656.33,7734.82
1849.0,-3600468.3439,3974519.9083,3960541.5413,288651.59,7734.84
1850.0,-3606973.1872,3971567.9413,3957574.9497,288646.85,7734.85
1851.0,-3613473.1838,3968610.6378,3954603.0244,288642.13,7734.86
1852.0,-3619968.3251,3965648.0017,3951625.7697,288637.41,7734.87
1853.0,-3626458.6022,3962680.0370,3948643.1893,288632.69,7734.88
1854.0,-3632944.0064,3959706.7477,3945655.2873,288627.98,7734.89
1855.0,-3639424.5289,3956728.1376,3942662.0677,288623.28,7734.90
1856.0,-3645900.1610,3953744.2107,3939663.5346,288618.59,7734.92
1857.0,-3652370.8940,3950754.9711,3936659.6918,288613.90,7734.93
1858.0,-3658836.7192,3947760.4228,3933650.5434,288609.21,7734.94
1859.0,-3665297.6278,3944760.5696,3930636.0935,288604.54,7734.95
1860.0,-3671753.6111,3941755.4157,3927616.3461,288599.87,7734.96
1861.0,-3678204.6604,3938744.9650,3924591.3052,288595.21,7734.97
1862.0,-3684650.7671,3935729.2215,3921560.9748,288590.55,7734.99
1863.0,-3691091.9224,3932708.1893,3918525.3591,288585.90,7735.00
1864.0,-3697528.1176,3929681.8724,3915484.4620,288581.26,7735.01
1865.0,-3703959.3441,3926650.2747,3912438.2877,288576.62,7735.02
1866.0,-3710385.5931,3923613.4005,3909386.8401,288572.00,7735.03
1867.0,-3716806.8561,3920571.2536,3906330.1235,288567.37,7735.04
1868.0,-3723223.1243,3917523.8382,3903268.1418,288562.76,7735.05
1869.0,-3729634.3892,3914471.1584,3900200.8992,288558.15,7735.07
1870.0,-3736040.6420,3911413.2181,3897128.3998,288553.54,7735.08
1871.0,-3742441.8742,3908350.0215,3894050.6477,288548.95,7735.09
1872.0,-3748838.0770,3905281.5727,3890967.6470,288544.36,7735.10
1873.0,-3755229.2419,3902207.8757,3887879.4018,288539.77,7735.11
1874.0,-3761615.3602,3899128.9346,3884785.9163,288535.20,7735.12
1875.0,-3767996.4234,3896044.7537,3881687.1945,288530.63,7735.13
1876.0,-3774372.4228,3892955.3369,3878583.2407,288526.06,7735.15
1877.0,-3780743.3499,3889860.6883,3875474.0590,288521.51,7735.16
1878.0,-3787109.1959,3886760.8122,3872359.6535,288516.96,7735.17
1879.0,-3793469.9524,3883655.7127,3869240.0285,288512.41,7735.18
1880.0,-3799825.6108,3880545.3938,3866115.1880,288507.87,7735.19
1881.0,-3806176.1625,3877429.8598,3862985.1363,288503.34,7735.20
1882.0,-3812521.5989,3874309.1148,3859849.8776,288498.82,7735.22
1883.0,-3818861.9115,3871183.1629,3856709.4160,288494.30,7735.23
1884.0,-3825197.0917,3868052.0083,3853563.7558,288489.79,7735.24
1885.0,-3831527.1310,3864915.6553,3850412.9012,288485.28,7735.25
1886.0,-3837852.0208,3861774.1079,3847256.8563,288480.79,7735.26
1887.0,-3844171.7526,3858627.3705,3844095.6254,288476.29,7735.27
1888.0,-3850486.3179,3855475.4470,3840929.2128,288471.81,7735.28
1889.0,-3856795.7082,3852318.3419,3837757.6226,288467.33,7735.30
1890.0,-3863099.9149,3849156.0593,3834580.8591,288462.86,7735.31
1891.0,-3869398.9296,3845988.6034,3831398.9266,288458.39,7735.32
1892.0,-3875692.7437,3842815.9784,3828211.8293,288453.94,7735.33
1893.0,-3881981.3487,3839638.1885,3825019.5715,288449.48,7735.34
1894.0,-3888264.7363,3836455.2381,3821822.1575,288445.04,7735.35
1895.0,-3894542.8978,3833267.1314,3818619.5915,288440.60,7735.36
1896.0,-3900815.8248,3830073.8725,3815411.8778,288436.17,7735.38
1897.0,-3907083.5090,3826875.4658,3812199.0207,288431.74,7735.39
1898.0,-3913345.9417,3823671.9156,3808981.0246,288427.32,7735.40
1899.0,-3919603.1146,3820463.2260,3805757.8936,288422.91,7735.41
1900.0,-3925855.0192,3817249.4015,3802529.6322,288418.50,7735.42
1901.0,-3932101.6470,3814030.4462,3799296.2447,288414.10,7735.43
1902.0,-3938342.9898,3810806.3645,3796057.7353,288409.71,7735.44
1903.0,-3944579.0389,3807577.1607,3792814.1085,288405.32,7735.46
1904.0,-3950809.7861,3804342.8391,3789565.3685,288400.94,7735.47
1905.0,-3957035.2229,3801103.4040,3786311.5197,288396.56,7735.48
1906.0,-3963255.3409,3797858.8597,3783052.5665,288392.20,7735.49
1907.0,-3969470.1317,3794609.2105,3779788.5133,288387.84,7735.50
1908.0,-3975679.5870,3791354.4609,3776519.3643,288383.48,7735.51
1909.0,-3981883.6983,3788094.6151,3773245.1240,288379.13,7735.52
1910.0,-3988082.4572,3784829.6775,3769965.7967,288374.79,7735.54
1911.0,-3994275.8555,3781559.6524,3766681.3869,288370.46,7735.55
1912.0,-4000463.8848,3778284.5442,3763391.8989,288366.13,7735.56
1913.0,-4006646.5366,3775004.3573,3760097.3372,288361.81,7735.57
1914.0,-4012823.8027,3771719.0961,3756797.7062,288357.49,7735.58
1915.0,-4018995.6748,3768428.7649,3753493.0102,288353.18,7735.59
1916.0,-4025162.1444,3765133.3682,3750183.2537,288348.88,7735.60
1917.0,-4031323.2033,3761832.9103,3746868.4412,288344.59,7735.62
1918.0,-4037478.8432,3758527.3956,3743548.5770,288340.30,7735.63
1919.0,-4043629.0558,3755216.8286,3740223.6656,288336.01,7735.64
1920.0,-4049773.8326,3751901.2137,3736893.7115,288331.74,7735.65
1921.0,-4055913.1656,3748580.5552,3733558.7191,288327.47,7735.66
1922.0,-4062047.0463,3745254.8577,3730218.6930,288323.20,7735.67
1923.0,-4068175.4665,3741924.1256,3726873.6375,288318.95,7735.68
1924.0,-4074298.4180,3738588.3633,3723523.5571,288314.70,7735.70
1925.0,-4080415.8923,3735247.5752,3720168.4564,288310.45,7735.71
1926.0,-4086527.8814,3731901.7659,3716808.3397,288306.22,7735.72
1927.0,-4092634.3770,3728550.9398,3713443.2118,288301.99,7735.73
1928.0,-4098735.3708,3725195.1014,3710073.0769,288297.76,7735.74
1929.0,-4104830.8545,3721834.2551,3706697.9397,288293.54,7735.75
1930.0,-4110920.8200,3718468.4055,3703317.8047,288289.33,7735.76
1931.0,-4117005.2590,3715097.5570,3699932.6763,288285.13,7735.77
1932.0,-4123084.1633,3711721.7142,3696542.5592,288280.93,7735.79
1933.0,-4129157.5247,3708340.8815,3693147.4578,288276.74,7735.80
1934.0,-4135225.3351,3704955.0634,3689747.3768,288272.55,7735.81
1935.0,-4141287.5861,3701564.2646,3686342.3206,288268.37,7735.82
1936.0,-4147344.2697,3698168.4894,3682932.2939,288264.20,7735.83
1937.0,-4153395.3777,3694767.7425,3679517.3011,288260.03,7735.84
1938.0,-4159440.9018,3691362.0284,3676097.3469,288255.87,7735.85
1939.0,-4165480.8340,3687951.3516,3672672.4359,288251.72,7735.86
1940.0,-4171515.1660,3684535.7167,3669242.5726,288247.57,7735.88
1941.0,-4177543.8898,3681115.1283,3665807.7617,288243.43,7735.89
1942.0,-4183566.9971,3677689.5909,3662368.0077,288239.30,7735.90
1943.0,-4189584.4799,3674259.1091,3658923.3152,288235.17,7735.91
1944.0,-4195596.3300,3670823.6875,3655473.6889,288231.05,7735.92
1945.0,-4201602.5394,3667383.3306,3652019.1334,288226.94,7735.93
1946.0,-4207603.0998,3663938.0431,3648559.6533,288222.83,7735.94
1947.0,-4213598.0033,3660487.8296,3645095.2533,288218.73,7735.96
1948.0,-4219587.2417,3657032.6947,3641625.9379,288214.63,7735.97
1949.0,-4225570.8069,3653572.6429,3638151.7119,288210.54,7735.98
1950.0,-4231548.6908,3650107.6789,3634672.5799,288206.46,7735.99
1951.0,-4237520.8854,3646637.8074,3631188.5465,288202.39,7736.00
1952.0,-4243487.3826,3643163.0330,3627699.6164,288198.32,7736.01
1953.0,-4249448.1744,3639683.3603,3624205.7944,288194.25,7736.02
1954.0,-4255403.2526,3636198.7940,3620707.0850,288190.20,7736.03
1955.0,-4261352.6093,3632709.3387,3617203.4930,288186.15,7736.05
1956.0,-4267296.2365,3629214.9990,3613695.0231,288182.10,7736.06
1957.0,-4273234.1260,3625715.7797,3610181.6799,288178.07,7736.07
1958.0,-4279166.2699,3622211.6855,3606663.4682,288174.04,7736.08
1959.0,-4285092.6602,3618702.7210,3603140.3927,288170.01,7736.09
1960.0,-4291013.2889,3615188.8908,3599612.4581,288165.99,7736.10
1961.0,-4296928.1479,3611670.1998,3596079.6691,288161.98,7736.11
1962.0,-4302837.2293,3608146.6526,3592542.0305,288157.98,7736.12
1963.0,-4308740.5252,3604618.2538,3588999.5471,288153.98,7736.13
1964.0,-4314638.0274,3601085.0083,3585452.2235,288149.99,7736.15
1965.0,-4320529.7281,3597546.9207,3581900.0645,288146.00,7736.16
1966.0,-4326415.6194,3594003.9958,3578343.0749,288142.02,7736.17
1967.0,-4332295.6931,3590456.2383,3574781.2594,288138.05,7736.18
1968.0,-4338169.9415,3586903.6530,3571214.6229,288134.08,7736.19
1969.0,-4344038.3566,3583346.2445,3567643.1701,288130.12,7736.20
1970.0,-4349900.9304,3579784.0177,3564066.9057,288126.17,7736.21
1971.0,-4355757.6551,3576216.9773,3560485.8347,288122.22,7736.22
1972.0,-4361608.5227,3572645.1281,3556899.9617,288118.28,7736.24
1973.0,-4367453.5254,3569068.4748,3553309.2916,288114.35,7736.25
1974.0,-4373292.6551,3565487.0223,3549713.8292,288110.42,7736.26
1975.0,-4379125.9041,3561900.7753,3546113.5794,288106.50,7736.27
1976.0,-4384953.2645,3558309.7385,3542508.5469,288102.58,7736.28
1977.0,-4390774.7283,3554713.9169,3538898.7366,288098.67,7736.29
1978.0,-4396590.2878,3551113.3153,3535284.1533,288094.77,7736.30
1979.0,-4402399.9351,3547507.9383,3531664.8019,288090.87,7736.31
1980.0,-4408203.6622,3543897.7909,3528040.6873,288086.98,7736.32
1981.0,-4414001.4615,3540282.8779,3524411.8142,288083.10,7736.34
1982.0,-4419793.3250,3536663.2041,3520778.1876,288079.22,7736.35
1983.0,-4425579.2449,3533038.7743,3517139.8122,288075.35,7736.36
1984.0,-4431359.2135,3529409.5934,3513496.6931,288071.49,7736.37
1985.0,-4437133.2228,3525775.6663,3509848.8351,288067.63,7736.38
1986.0,-4442901.2652,3522136.9978,3506196.2431,288063.78,7736.39
1987.0,-4448663.3327,3518493.5927,3502538.9219,288059.93,7736.40
1988.0,-4454419.4177,3514845.4560,3498876.8765,288056.09,7736.41
1989.0,-4460169.5123,3511192.5925,3495210.1119,288052.26,7736.42
1990.0,-4465913.6088,3507535.0071,3491538.6328,288048.43,7736.43
1991.0,-4471651.6994,3503872.7047,3487862.4442,288044.61,7736.45
1992.0,-4477383.7764,3500205.6902,3484181.5512,288040.80,7736.46
1993.0,-4483109.8320,3496533.9684,3480495.9585,288036.99,7736.47
1994.0,-4488829.8585,3492857.5444,3476805.6712,288033.19,7736.48
1995.0,-4494543.8481,3489176.4230,3473110.6941,288029.40,7736.49
1996.0,-4500251.7932,3485490.6091,3469411.0323,288025.61,7736.50
1997.0,-4505953.6860,3481800.1077,3465706.6908,288021.82,7736.51
1998.0,-4511649.5188,3478104.9237,3461997.6744,288018.05,7736.52
1999.0,-4517339.2839,3474405.0621,3458283.9882,288014.28,7736.53
2000.0,-4523022.9736,3470700.5277,3454565.6371,288010.52,7736.55
2001.0,-4528700.5803,3466991.3256,3450842.6261,288006.76,7736.56
2002.0,-4534372.0963,3463277.4607,3447114.9602,288003.01,7736.57
2003.0,-4540037.5139,3459558.9379,3443382.6445,287999.27,7736.58
2004.0,-4545696.8254,3455835.7624,3439645.6839,287995.53,7736.59
2005.0,-4551350.0233,3452107.9389,3435904.0835,287991.80,7736.60
2006.0,-4556997.0998,3448375.4726,3432157.8482,287988.07,7736.61
2007.0,-4562638.0474,3444638.3683,3428406.9831,287984.35,7736.62
2008.0,-4568272.8584,3440896.6312,3424651.4932,287980.64,7736.63
2009.0,-4573901.5251,3437150.2662,3420891.3835,287976.93,7736.64
2010.0,-4579524.0401,3433399.2783,3417126.6592,287973.23,7736.65
2011.0,-4585140.3957,3429643.6725,3413357.3252,287969.54,7736.67
2012.0,-4590750.5842,3425883.4539,3409583.3866,287965.85,7736.68
2013.0,-4596354.5982,3422118.6275,3405804.8485,287962.17,7736.69
2014.0,-4601952.4300,3418349.1983,3402021.7160,287958.50,7736.70
2015.0,-4607544.0721,3414575.1714,3398233.9940,287954.83,7736.71
2016.0,-4613129.5170,3410796.5518,3394441.6878,287951.17,7736.72
2017.0,-4618708.7570,3407013.3445,3390644.8023,287947.51,7736.73
2018.0,-4624281.7846,3403225.5548,3386843.3428,287943.86,7736.74
2019.0,-4629848.5923,3399433.1875,3383037.3142,287940.22,7736.75
2020.0,-4635409.1726,3395636.2478,3379226.7217,287936.58,7736.76
2021.0,-4640963.5180,3391834.7407,3375411.5705,287932.95,7736.77
2022.0,-4646511.6209,3388028.6714,3371591.8655,287929.32,7736.79
2023.0,-4652053.4738,3384218.0449,3367767.6120,287925.71,7736.80
2024.0,-4657589.0693,3380402.8664,3363938.8151,287922.09,7736.81
2025.0,-4663118.3999,3376583.1409,3360105.4799,287918.49,7736.82
2026.0,-4668641.4581,3372758.8735,3356267.6116,287914.89,7736.83
2027.0,-4674158.2364,3368930.0694,3352425.2153,287911.29,7736.84
2028.0,-4679668.7274,3365096.7337,3348578.2962,287907.71,7736.85
2029.0,-4685172.9236,3361258.8716,3344726.8595,287904.13,7736.86
2030.0,-4690670.8176,3357416.4880,3340870.9102,287900.55,7736.87
2031.0,-4696162.4020,3353569.5883,3337010.4536,287896.98,7736.88
2032.0,-4701647.6693,3349718.1775,3333145.4949,287893.42,7736.89
2033.0,-4707126.6121,3345862.2609,3329276.0393,287889.86,7736.90
2034.0,-4712599.2230,3342001.8434,3325402.0919,287886.31,7736.91
2035.0,-4718065.4946,3338136.9304,3321523.6579,287882.77,7736.93
2036.0,-4723525.4195,3334267.5270,3317640.7426,287879.23,7736.94
2037.0,-4728978.9904,3330393.6384,3313753.3512,287875.70,7736.95
2038.0,-4734426.1998,3326515.2698,3309861.4888,287872.18,7736.96
2039.0,-4739867.0404,3322632.4262,3305965.1608,287868.66,7736.97
2040.0,-4745301.5048,3318745.1131,3302064.3723,287865.15,7736.98
2041.0,-4750729.5857,3314853.3355,3298159.1286,287861.64,7736.99
2042.0,-4756151.2758,3310957.0986,3294249.4349,287858.14,7737.00
2043.0,-4761566.5677,3307056.4078,3290335.2965,287854.65,7737.01
2044.0,-4766975.4541,3303151.2681,3286416.7186,287851.16,7737.02
2045.0,-4772377.9277,3299241.6848,3282493.7065,287847.68,7737.03
2046.0,-4777773.9812,3295327.6632,3278566.2654,287844.20,7737.04
2047.0,-4783163.6072,3291409.2085,3274634.4007,287840.73,7737.05
2048.0,-4788546.7985,3287486.3260,3270698.1176,287837.27,7737.06
2049.0,-4793923.5479,3283559.0208,3266757.4214,287833.81,7737.08
2050.0,-4799293.8479,3279627.2983,3262812.3173,287830.36,7737.09
2051.0,-4804657.6915,3275691.1637,3258862.8108,287826.92,7737.10
2052.0,-4810015.0713,3271750.6223,3254908.9070,287823.48,7737.11
2053.0,-4815365.9800,3267805.6794,3250950.6113,287820.05,7737.12
2054.0,-4820710.4105,3263856.3402,3246987.9290,287816.62,7737.13
2055.0,-4826048.3555,3259902.6100,3243020.8655,287813.20,7737.14
2056.0,-4831379.8078,3255944.4941,3239049.4260,287809.79,7737.15
2057.0,-4836704.7602,3251981.9979,3235073.6159,287806.38,7737.16
2058.0,-4842023.2055,3248015.1266,3231093.4405,287802.98,7737.17
2059.0,-4847335.1365,3244043.8855,3227108.9052,287799.58,7737.18
2060.0,-4852640.5460,3240068.2800,3223120.0154,287796.20,7737.19
2061.0,-4857939.4268,3236088.3154,3219126.7763,287792.81,7737.20
2062.0,-4863231.7717,3232103.9970,3215129.1933,287789.44,7737.21
2063.0,-4868517.5737,3228115.3301,3211127.2719,287786.06,7737.22
2064.0,-4873796.8255,3224122.3201,3207121.0174,287782.70,7737.23
2065.0,-4879069.5200,3220124.9723,3203110.4351,287779.34,7737.24
2066.0,-4884335.6502,3216123.2922,3199095.5305,287775.99,7737.26
2067.0,-4889595.2087,3212117.2849,3195076.3090,287772.64,7737.27
2068.0,-4894848.1886,3208106.9560,3191052.7759,287769.30,7737.28
2069.0,-4900094.5828,3204092.3108,3187024.9367,287765.97,7737.29
2070.0,-4905334.3841,3200073.3546,3182992.7967,287762.64,7737.30
2071.0,-4910567.5854,3196050.0928,3178956.3614,287759.32,7737.31
2072.0,-4915794.1798,3192022.5309,3174915.6362,287756.00,7737.32
2073.0,-4921014.1600,3187990.6742,3170870.6266,287752.70,7737.33
2074.0,-4926227.5190,3183954.5281,3166821.3379,287749.39,7737.34
2075.0,-4931434.2499,3179914.0980,3162767.7756,287746.09,7737.35
2076.0,-4936634.3455,3175869.3894,3158709.9452,287742.80,7737.36
2077.0,-4941827.7988,3171820.4077,3154647.8520,287739.52,7737.37
2078.0,-4947014.6028,3167767.1582,3150581.5017,287736.24,7737.38
2079.0,-4952194.7504,3163709.6464,3146510.8995,287732.97,7737.39
2080.0,-4957368.2348,3159647.8777,3142436.0511,287729.70,7737.40
2081.0,-4962535.0487,3155581.8577,3138356.9618,287726.44,7737.41
2082.0,-4967695.1854,3151511.5917,3134273.6372,287723.18,7737.42
2083.0,-4972848.6377,3147437.0851,3130186.0827,287719.94,7737.43
2084.0,-4977995.3987,3143358.3435,3126094.3038,287716.69,7737.44
2085.0,-4983135.4615,3139275.3723,3121998.3060,287713.46,7737.45
2086.0,-4988268.8191,3135188.1770,3117898.0949,287710.23,7737.46
2087.0,-4993395.4645,3131096.7630,3113793.6759,287707.00,7737.47
2088.0,-4998515.3909,3127001.1359,3109685.0546,287703.78,7737.48
2089.0,-5003628.5912,3122901.3011,3105572.2365,287700.57,7737.49
2090.0,-5008735.0586,3118797.2640,3101455.2270,287697.37,7737.50
2091.0,-5013834.7861,3114689.0303,3097334.0318,287694.17,7737.52
2092.0,-5018927.7669,3110576.6054,3093208.6563,287690.97,7737.53
2093.0,-5024013.9941,3106459.9949,3089079.1062,287687.78,7737.54
2094.0,-5029093.4607,3102339.2041,3084945.3869,287684.60,7737.55
2095.0,-5034166.1600,3098214.2388,3080807.5041,287681.42,7737.56
2096.0,-5039232.0850,3094085.1043,3076665.4632,287678.25,7737.57
2097.0,-5044291.2289,3089951.8062,3072519.2699,287675.09,7737.58
2098.0,-5049343.5848,3085814.3501,3068368.9297,287671.93,7737.59
2099.0,-5054389.1459,3081672.7415,3064214.4482,287668.78,7737.60
2100.0,-5059427.9054,3077526.9859,3060055.8310,287665.63,7737.61
2101.0,-5064459.8565,3073377.0890,3055893.0836,287662.50,7737.62
2102.0,-5069484.9923,3069223.0562,3051726.2118,287659.36,7737.63
2103.0,-5074503.3060,3065064.8932,3047555.2210,287656.23,7737.64
2104.0,-5079514.7909,3060902.6054,3043380.1168,287653.11,7737.65
2105.0,-5084519.4402,3056736.1986,3039200.9050,287650.00,7737.66
2106.0,-5089517.2470,3052565.6782,3035017.5910,287646.89,7737.67
2107.0,-5094508.2047,3048391.0499,3030830.1806,287643.78,7737.68
2108.0,-5099492.3065,3044212.3192,3026638.6793,287640.68,7737.69
2109.0,-5104469.5456,3040029.4918,3022443.0929,287637.59,7737.70
2110.0,-5109439.9153,3035842.5732,3018243.4268,287634.51,7737.71
2111.0,-5114403.4089,3031651.5691,3014039.6869,287631.43,7737.72
2112.0,-5119360.0196,3027456.4851,3009831.8786,287628.35,7737.73
2113.0,-5124309.7407,3023257.3268,3005620.0078,287625.28,7737.74
2114.0,-5129252.5656,3019054.0999,3001404.0800,287622.22,7737.75
2115.0,-5134188.4875,3014846.8099,2997184.1009,287619.16,7737.76
2116.0,-5139117.4998,3010635.4625,2992960.0762,287616.11,7737.77
2117.0,-5144039.5958,3006420.0634,2988732.0115,287613.07,7737.78
2118.0,-5148954.7688,3002200.6182,2984499.9126,287610.03,7737.79
2119.0,-5153863.0122,2997977.1326,2980263.7852,287607.00,7737.80
2120.0,-5158764.3193,2993749.6122,2976023.6349,287603.97,7737.81
2121.0,-5163658.6836,2989518.0627,2971779.4674,287600.95,7737.82
2122.0,-5168546.0983,2985282.4897,2967531.2885,287597.94,7737.83
2123.0,-5173426.5568,2981042.8990,2963279.1038,287594.93,7737.84
2124.0,-5178300.0526,2976799.2962,2959022.9191,287591.93,7737.85
2125.0,-5183166.5791,2972551.6870,2954762.7401,287588.93,7737.86
2126.0,-5188026.1296,2968300.0772,2950498.5726,287585.94,7737.87
2127.0,-5192878.6976,2964044.4723,2946230.4222,287582.95,7737.88
2128.0,-5197724.2765,2959784.8782,2941958.2946,287579.97,7737.89
2129.0,-5202562.8598,2955521.3005,2937682.1958,287577.00,7737.90
2130.0,-5207394.4408,2951253.7449,2933402.1313,287574.03,7737.91
2131.0,-5212219.0131,2946982.2172,2929118.1070,287571.07,7737.92
2132.0,-5217036.5702,2942706.7231,2924830.1286,287568.12,7737.93
2133.0,-5221847.1055,2938427.2683,2920538.2019,287565.17,7737.94
2134.0,-5226650.6124,2934143.8586,2916242.3326,287562.22,7737.95
2135.0,-5231447.0845,2929856.4996,2911942.5266,287559.29,7737.96
2136.0,-5236236.5154,2925565.1973,2907638.7895,287556.35,7737.97
2137.0,-5241018.8984,2921269.9572,2903331.1273,287553.43,7737.98
2138.0,-5245794.2271,2916970.7852,2899019.5456,287550.51,7737.99
2139.0,-5250562.4952,2912667.6871,2894704.0504,287547.59,7738.00
2140.0,-5255323.6960,2908360.6685,2890384.6474,287544.69,7738.01
2141.0,-5260077.8232,2904049.7353,2886061.3423,287541.78,7738.02
2142.0,-5264824.8703,2899734.8933,2881734.1411,287538.89,7738.03
2143.0,-5269564.8309,2895416.1483,2877403.0495,287536.00,7738.04
2144.0,-5274297.6986,2891093.5059,2873068.0734,287533.11,7738.05
2145.0,-5279023.4670,2886766.9721,2868729.2186,287530.23,7738.06
2146.0,-5283742.1296,2882436.5527,2864386.4909,287527.36,7738.07
2147.0,-5288453.6801,2878102.2534,2860039.8962,287524.49,7738.08
2148.0,-5293158.1121,2873764.0800,2855689.4403,287521.63,7738.09
2149.0,-5297855.4192,2869422.0385,2851335.1292,287518.77,7738.10
2150.0,-5302545.5951,2865076.1345,2846976.9685,287515.92,7738.11
2151.0,-5307228.6334,2860726.3739,2842614.9642,287513.08,7738.12
2152.0,-5311904.5278,2856372.7627,2838249.1222,287510.24,7738.12
2153.0,-5316573.2719,2852015.3065,2833879.4484,287507.41,7738.13
2154.0,-5321234.8594,2847654.0113,2829505.9485,287504.58,7738.14
2155.0,-5325889.2840,2843288.8828,2825128.6286,287501.76,7738.15
2156.0,-5330536.5394,2838919.9270,2820747.4944,287498.95,7738.16
2157.0,-5335176.6193,2834547.1498,2816362.5520,287496.14,7738.17
2158.0,-5339809.5174,2830170.5569,2811973.8071,287493.33,7738.18
2159.0,-5344435.2275,2825790.1543,2807581.2657,287490.54,7738.19
2160.0,-5349053.7432,2821405.9478,2803184.9337,287487.75,7738.20
2161.0,-5353665.0584,2817017.9432,2798784.8171,287484.96,7738.21
2162.0,-5358269.1667,2812626.1466,2794380.9216,287482.18,7738.22
2163.0,-5362866.0620,2808230.5638,2789973.2534,287479.40,7738.23
2164.0,-5367455.7379,2803831.2007,2785561.8182,287476.64,7738.24
2165.0,-5372038.1884,2799428.0631,2781146.6220,287473.87,7738.25
2166.0,-5376613.4072,2795021.1570,2776727.6709,287471.12,7738.26
2167.0,-5381181.3880,2790610.4884,2772304.9706,287468.36,7738.27
2168.0,-5385742.1247,2786196.0630,2767878.5272,287465.62,7738.28
2169.0,-5390295.6112,2781777.8869,2763448.3466,287462.88,7738.29
2170.0,-5394841.8412,2777355.9660,2759014.4348,287460.15,7738.30
2171.0,-5399380.8086,2772930.3062,2754576.7978,287457.42,7738.31
2172.0,-5403912.5072,2768500.9134,2750135.4415,287454.69,7738.32
2173.0,-5408436.9310,2764067.7936,2745690.3719,287451.98,7738.33
2174.0,-5412954.0737,2759630.9528,2741241.5950,287449.27,7738.34
2175.0,-5417463.9293,2755190.3968,2736789.1167,287446.56,7738.34
2176.0,-5421966.4916,2750746.1317,2732332.9432,287443.86,7738.35
2177.0,-5426461.7546,2746298.1634,2727873.0802,287441.17,7738.36
2178.0,-5430949.7121,2741846.4978,2723409.5340,287438.48,7738.37
2179.0,-5435430.3581,2737391.1410,2718942.3104,287435.80,7738.38
2180.0,-5439903.6865,2732932.0990,2714471.4155,287433.12,7738.39
2181.0,-5444369.6913,2728469.3776,2709996.8553,287430.45,7738.40
2182.0,-5448828.3663,2724002.9830,2705518.6358,287427.79,7738.41
2183.0,-5453279.7056,2719532.9210,2701036.7631,287425.13,7738.42
2184.0,-5457723.7031,2715059.1978,2696551.2432,287422.47,7738.43
2185.0,-5462160.3529,2710581.8192,2692062.0821,287419.82,7738.44
2186.0,-5466589.6488,2706100.7914,2687569.2858,287417.18,7738.45
2187.0,-5471011.5848,2701616.1203,2683072.8605,287414.54,7738.46
2188.0,-5475426.1551,2697127.8119,2678572.8121,287411.91,7738.47
2189.0,-5479833.3536,2692635.8723,2674069.1468,287409.29,7738.48
2190.0,-5484233.1743,2688140.3075,2669561.8705,287406.67,7738.48
2191.0,-5488625.6113,2683641.1235,2665050.9894,287404.06,7738.49
2192.0,-5493010.6587,2679138.3263,2660536.5095,287401.45,7738.50
2193.0,-5497388.3104,2674631.9221,2656018.4370,287398.84,7738.51
2194.0,-5501758.5605,2670121.9169,2651496.7778,287396.25,7738.52
2195.0,-5506121.4032,2665608.3166,2646971.5381,287393.66,7738.53
2196.0,-5510476.8325,2661091.1274,2642442.7240,287391.07,7738.54
2197.0,-5514824.8425,2656570.3554,2637910.3415,287388.49,7738.55
2198.0,-5519165.4274,2652046.0065,2633374.3968,287385.92,7738.56
2199.0,-5523498.5811,2647518.0869,2628834.8959,287383.35,7738.57
2200.0,-5527824.2980,2642986.6027,2624291.8451,287380.78,7738.58
2201.0,-5532142.5720,2638451.5599,2619745.2504,287378.23,7738.59
2202.0,-5536453.3974,2633912.9647,2615195.1178,287375.68,7738.59
2203.0,-5540756.7683,2629370.8230,2610641.4537,287373.13,7738.60
2204.0,-5545052.6789,2624825.1411,2606084.2640,287370.59,7738.61
2205.0,-5549341.1233,2620275.9250,2601523.5549,287368.05,7738.62
2206.0,-5553622.0958,2615723.1808,2596959.3326,287365.53,7738.63
2207.0,-5557895.5905,2611166.9146,2592391.6032,287363.00,7738.64
2208.0,-5562161.6016,2606607.1326,2587820.3728,287360.48,7738.65
2209.0,-5566420.1234,2602043.8409,2583245.6477,287357.97,7738.66
2210.0,-5570671.1501,2597477.0456,2578667.4339,287355.46,7738.67
2211.0,-5574914.6760,2592906.7528,2574085.7377,287352.96,7738.68
2212.0,-5579150.6952,2588332.9687,2569500.5652,287350.47,7738.68
2213.0,-5583379.2020,2583755.6993,2564911.9225,287347.98,7738.69
2214.0,-5587600.1908,2579174.9510,2560319.8160,287345.49,7738.70
2215.0,-5591813.6557,2574590.7297,2555724.2516,287343.02,7738.71
2216.0,-5596019.5911,2570003.0417,2551125.2357,287340.54,7738.72
2217.0,-5600217.9913,2565411.8931,2546522.7745,287338.07,7738.73
2218.0,-5604408.8506,2560817.2902,2541916.8740,287335.61,7738.74
2219.0,-5608592.1632,2556219.2389,2537307.5406,287333.16,7738.75
2220.0,-5612767.9236,2551617.7456,2532694.7804,287330.71,7738.76
2221.0,-5616936.1261,2547012.8164,2528078.5997,287328.26,7738.77
2222.0,-5621096.7649,2542404.4575,2523459.0047,287325.82,7738.77
2223.0,-5625249.8346,2537792.6751,2518836.0015,287323.39,7738.78
2224.0,-5629395.3294,2533177.4753,2514209.5965,287320.96,7738.79
2225.0,-5633533.2437,2528558.8644,2509579.7958,287318.54,7738.80
2226.0,-5637663.5719,2523936.8486,2504946.6056,287316.12,7738.81
2227.0,-5641786.3084,2519311.4341,2500310.0324,287313.71,7738.82
2228.0,-5645901.4477,2514682.6271,2495670.0821,287311.30,7738.83
2229.0,-5650008.9841,2510050.4337,2491026.7612,287308.90,7738.84
2230.0,-5654108.9121,2505414.8603,2486380.0759,287306.50,7738.84
2231.0,-5658201.2261,2500775.9131,2481730.0324,287304.11,7738.85
2232.0,-5662285.9206,2496133.5982,2477076.6371,287301.73,7738.86
2233.0,-5666362.9900,2491487.9220,2472419.8960,287299.35,7738.87
2234.0,-5670432.4288,2486838.8906,2467759.8157,287296.98,7738.88
2235.0,-5674494.2315,2482186.5103,2463096.4022,287294.61,7738.89
2236.0,-5678548.3926,2477530.7874,2458429.6619,287292.25,7738.90
2237.0,-5682594.9065,2472871.7281,2453759.6012,287289.89,7738.90
2238.0,-5686633.7679,2468209.3386,2449086.2262,287287.54,7738.91
2239.0,-5690664.9712,2463543.6253,2444409.5433,287285.19,7738.92
2240.0,-5694688.5109,2458874.5944,2439729.5587,287282.85,7738.93
2241.0,-5698704.3816,2454202.2521,2435046.2789,287280.52,7738.94
2242.0,-5702712.5779,2449526.6048,2430359.7100,287278.19,7738.95
2243.0,-5706713.0943,2444847.6587,2425669.8584,287275.87,7738.96
2244.0,-5710705.9254,2440165.4201,2420976.7305,287273.55,7738.97
2245.0,-5714691.0657,2435479.8953,2416280.3325,287271.24,7738.97
2246.0,-5718668.5100,2430791.0906,2411580.6708,287268.93,7738.98
2247.0,-5722638.2527,2426099.0123,2406877.7517,287266.63,7738.99
2248.0,-5726600.2885,2421403.6666,2402171.5815,287264.33,7739.00
2249.0,-5730554.6120,2416705.0600,2397462.1666,287262.04,7739.01
2250.0,-5734501.2179,2412003.1987,2392749.5134,287259.75,7739.02
2251.0,-5738440.1008,2407298.0890,2388033.6281,287257.47,7739.02
2252.0,-5742371.2554,2402589.7373,2383314.5172,287255.20,7739.03
2253.0,-5746294.6763,2397878.1498,2378592.1869,287252.93,7739.04
2254.0,-5750210.3582,2393163.3330,2373866.6438,287250.67,7739.05
2255.0,-5754118.2959,2388445.2931,2369137.8940,287248.41,7739.06
2256.0,-5758018.4839,2383724.0364,2364405.9441,287246.16,7739.07
2257.0,-5761910.9170,2378999.5694,2359670.8003,287243.91,7739.08
2258.0,-5765795.5900,2374271.8984,2354932.4691,287241.67,7739.08
2259.0,-5769672.4976,2369541.0297,2350190.9568,287239.43,7739.09
2260.0,-5773541.6344,2364806.9696,2345446.2698,287237.20,7739.10
2261.0,-5777402.9953,2360069.7246,2340698.4146,287234.97,7739.11
2262.0,-5781256.5751,2355329.3010,2335947.3975,287232.75,7739.12
2263.0,-5785102.3684,2350585.7052,2331193.2249,287230.54,7739.12
2264.0,-5788940.3701,2345838.9435,2326435.9033,287228.33,7739.13
2265.0,-5792770.5750,2341089.0224,2321675.4390,287226.13,7739.14
2266.0,-5796592.9779,2336335.9482,2316911.8385,287223.93,7739.15
2267.0,-5800407.5735,2331579.7272,2312145.1081,287221.73,7739.16
2268.0,-5804214.3568,2326820.3660,2307375.2544,287219.55,7739.17
2269.0,-5808013.3225,2322057.8708,2302602.2837,287217.36,7739.17
2270.0,-5811804.4656,2317292.2481,2297826.2024,287215.19,7739.18
2271.0,-5815587.7808,2312523.5043,2293047.0171,287213.01,7739.19
2272.0,-5819363.2630,2307751.6458,2288264.7341,287210.85,7739.20
2273.0,-5823130.9071,2302976.6790,2283479.3600,287208.69,7739.21
2274.0,-5826890.7081,2298198.6104,2278690.9010,287206.53,7739.22
2275.0,-5830642.6607,2293417.4462,2273899.3638,287204.38,7739.22
2276.0,-5834386.7599,2288633.1931,2269104.7547,287202.24,7739.23
2277.0,-5838123.0007,2283845.8573,2264307.0802,287200.10,7739.24
2278.0,-5841851.3779,2279055.4454,2259506.3469,287197.96,7739.25
2279.0,-5845571.8865,2274261.9638,2254702.5611,287195.83,7739.26
2280.0,-5849284.5215,2269465.4189,2249895.7293,287193.71,7739.26
2281.0,-5852989.2777,2264665.8171,2245085.8580,287191.59,7739.27
2282.0,-5856686.1503,2259863.1650,2240272.9538,287189.48,7739.28
2283.0,-5860375.1341,2255057.4689,2235457.0230,287187.37,7739.29
2284.0,-5864056.2243,2250248.7354,2230638.0722,287185.27,7739.30
2285.0,-5867729.4157,2245436.9708,2225816.1079,287183.17,7739.30
2286.0,-5871394.7033,2240622.1817,2220991.1366,287181.08,7739.31
2287.0,-5875052.0823,2235804.3746,2216163.1647,287179.00,7739.32
2288.0,-5878701.5477,2230983.5558,2211332.1989,287176.92,7739.33
2289.0,-5882343.0945,2226159.7319,2206498.2455,287174.84,7739.34
2290.0,-5885976.7177,2221332.9094,2201661.3112,287172.77,7739.34
2291.0,-5889602.4124,2216503.0948,2196821.4024,287170.71,7739.35
2292.0,-5893220.1738,2211670.2945,2191978.5257,287168.65,7739.36
2293.0,-5896829.9969,2206834.5151,2187132.6876,287166.59,7739.37
2294.0,-5900431.8768,2201995.7630,2182283.8946,287164.54,7739.37
2295.0,-5904025.8086,2197154.0448,2177432.1533,287162.50,7739.38
2296.0,-5907611.7874,2192309.3669,2172577.4702,287160.46,7739.39
2297.0,-5911189.8085,2187461.7359,2167719.8518,287158.43,7739.40
2298.0,-5914759.8668,2182611.1583,2162859.3048,287156.40,7739.41
2299.0,-5918321.9577,2177757.6407,2157995.8356,287154.38,7739.41
2300.0,-5921876.0761,2172901.1894,2153129.4508,287152.36,7739.42
2301.0,-5925422.2174,2168041.8111,2148260.1571,287150.35,7739.43
2302.0,-5928960.3767,2163179.5124,2143387.9608,287148.34,7739.44
2303.0,-5932490.5493,2158314.2996,2138512.8687,287146.34,7739.44
2304.0,-5936012.7302,2153446.1795,2133634.8873,287144.35,7739.45
2305.0,-5939526.9148,2148575.1584,2128754.0232,287142.35,7739.46
2306.0,-5943033.0982,2143701.2431,2123870.2829,287140.37,7739.47
2307.0,-5946531.2758,2138824.4399,2118983.6730,287138.39,7739.48
2308.0,-5950021.4427,2133944.7556,2114094.2002,287136.41,7739.48
2309.0,-5953503.5943,2129062.1966,2109201.8710,287134.44,7739.49
2310.0,-5956977.7257,2124176.7694,2104306.6920,287132.48,7739.50
2311.0,-5960443.8324,2119288.4808,2099408.6698,287130.52,7739.51
2312.0,-5963901.9095,2114397.3372,2094507.8110,287128.57,7739.51
2313.0,-5967351.9524,2109503.3453,2089604.1223,287126.62,7739.52
2314.0,-5970793.9564,2104606.5116,2084697.6103,287124.67,7739.53
2315.0,-5974227.9169,2099706.8426,2079788.2815,287122.73,7739.54
2316.0,-5977653.8291,2094804.3450,2074876.1426,287120.80,7739.54
2317.0,-5981071.6885,2089899.0255,2069961.2002,287118.87,7739.55
2318.0,-5984481.4903,2084990.8904,2065043.4609,287116.95,7739.56
2319.0,-5987883.2300,2080079.9466,2060122.9314,287115.03,7739.57
2320.0,-5991276.9030,2075166.2005,2055199.6184,287113.12,7739.57
2321.0,-5994662.5046,2070249.6588,2050273.5284,287111.21,7739.58
2322.0,-5998040.0302,2065330.3281,2045344.6680,287109.31,7739.59
2323.0,-6001409.4753,2060408.2150,2040413.0441,287107.41,7739.60
2324.0,-6004770.8353,2055483.3261,2035478.6631,287105.52,7739.60
2325.0,-6008124.1055,2050555.6681,2030541.5318,287103.64,7739.61
2326.0,-6011469.2816,2045625.2476,2025601.6568,287101.75,7739.62
2327.0,-6014806.3589,2040692.0711,2020659.0447,287099.88,7739.62
2328.0,-6018135.3329,2035756.1454,2015713.7023,287098.01,7739.63
2329.0,-6021456.1990,2030817.4771,2010765.6362,287096.14,7739.64
2330.0,-6024768.9529,2025876.0729,2005814.8531,287094.28,7739.65
2331.0,-6028073.5899,2020931.9392,2000861.3597,287092.43,7739.65
2332.0,-6031370.1056,2015985.0829,1995905.1626,287090.57,7739.66
2333.0,-6034658.4955,2011035.5106,1990946.2686,287088.73,7739.67
2334.0,-6037938.7552,2006083.2289,1985984.6843,287086.89,7739.68
2335.0,-6041210.8802,2001128.2445,1981020.4164,287085.05,7739.68
2336.0,-6044474.8660,1996170.5641,1976053.4716,287083.23,7739.69
2337.0,-6047730.7082,1991210.1943,1971083.8566,287081.40,7739.70
2338.0,-6050978.4025,1986247.1417,1966111.5782,287079.58,7739.70
2339.0,-6054217.9443,1981281.4132,1961136.6429,287077.77,7739.71
2340.0,-6057449.3294,1976313.0153,1956159.0576,287075.96,7739.72
2341.0,-6060672.5532,1971341.9547,1951178.8290,287074.15,7739.73
2342.0,-6063887.6115,1966368.2381,1946195.9638,287072.35,7739.73
2343.0,-6067094.4999,1961391.8723,1941210.4686,287070.56,7739.74
2344.0,-6070293.2140,1956412.8639,1936222.3503,287068.77,7739.75
2345.0,-6073483.7494,1951431.2195,1931231.6155,287066.99,7739.75
2346.0,-6076666.1020,1946446.9460,1926238.2710,287065.21,7739.76
2347.0,-6079840.2672,1941460.0500,1921242.3235,287063.44,7739.77
2348.0,-6083006.2408,1936470.5382,1916243.7798,287061.67,7739.78
2349.0,-6086164.0186,1931478.4173,1911242.6466,287059.91,7739.78
2350.0,-6089313.5961,1926483.6941,1906238.9307,287058.15,7739.79
2351.0,-6092454.9693,1921486.3752,1901232.6387,287056.39,7739.80
2352.0,-6095588.1337,1916486.4674,1896223.7776,287054.65,7739.80
2353.0,-6098713.0851,1911483.9774,1891212.3539,287052.90,7739.81
2354.0,-6101829.8194,1906478.9120,1886198.3746,287051.17,7739.82
2355.0,-6104938.3322,1901471.2779,1881181.8463,287049.43,7739.82
2356.0,-6108038.6193,1896461.0817,1876162.7758,287047.71,7739.83
2357.0,-6111130.6765,1891448.3304,1871141.1699,287045.98,7739.84
2358.0,-6114214.4997,1886433.0305,1866117.0353,287044.27,7739.84
2359.0,-6117290.0846,1881415.1888,1861090.3790,287042.55,7739.85
2360.0,-6120357.4271,1876394.8122,1856061.2075,287040.85,7739.86
2361.0,-6123416.5230,1871371.9073,1851029.5278,287039.14,7739.86
2362.0,-6126467.3682,1866346.4809,1845995.3466,287037.45,7739.87
2363.0,-6129509.9584,1861318.5398,1840958.6706,287035.76,7739.88
2364.0,-6132544.2896,1856288.0908,1835919.5068,287034.07,7739.88
2365.0,-6135570.3577,1851255.1405,1830877.8619,287032.39,7739.89
2366.0,-6138588.1585,1846219.6958,1825833.7427,287030.71,7739.90
2367.0,-6141597.6879,1841181.7635,1820787.1560,287029.04,7739.90
2368.0,-6144598.9419,1836141.3503,1815738.1086,287027.37,7739.91
2369.0,-6147591.9164,1831098.4630,1810686.6073,287025.71,7739.92
2370.0,-6150576.6073,1826053.1084,1805632.6590,287024.05,7739.92
2371.0,-6153553.0106,1821005.2933,1800576.2705,287022.40,7739.93
2372.0,-6156521.1221,1815955.0245,1795517.4486,287020.75,7739.94
2373.0,-6159480.9380,1810902.3087,1790456.2001,287019.11,7739.94
2374.0,-6162432.4542,1805847.1528,1785392.5318,287017.48,7739.95
2375.0,-6165375.6666,1800789.5636,1780326.4507,287015.84,7739.96
2376.0,-6168310.5713,1795729.5479,1775257.9635,287014.22,7739.96
2377.0,-6171237.1642,1790667.1125,1770187.0770,287012.60,7739.97
2378.0,-6174155.4415,1785602.2642,1765113.7982,287010.98,7739.98
2379.0,-6177065.3991,1780535.0098,1760038.1338,287009.37,7739.98
2380.0,-6179967.0331,1775465.3562,1754960.0907,287007.76,7739.99
2381.0,-6182860.3395,1770393.3101,1749879.6758,287006.16,7740.00
2382.0,-6185745.3145,1765318.8784,1744796.8960,287004.56,7740.00
2383.0,-6188621.9541,1760242.0679,1739711.7580,287002.97,7740.01
2384.0,-6191490.2543,1755162.8855,1734624.2688,287001.38,7740.02
2385.0,-6194350.2114,1750081.3379,1729534.4351,286999.80,7740.02
2386.0,-6197201.8213,1744997.4321,1724442.2640,286998.23,7740.03
2387.0,-6200045.0804,1739911.1749,1719347.7622,286996.65,7740.03
2388.0,-6202879.9846,1734822.5730,1714250.9367,286995.09,7740.04
2389.0,-6205706.5301,1729731.6334,1709151.7943,286993.53,7740.05
2390.0,-6208524.7131,1724638.3630,1704050.3419,286991.97,7740.05
2391.0,-6211334.5298,1719542.7685,1698946.5864,286990.42,7740.06
2392.0,-6214135.9763,1714444.8568,1693840.5346,286988.87,7740.07
2393.0,-6216929.0489,1709344.6348,1688732.1936,286987.33,7740.07
2394.0,-6219713.7437,1704242.1094,1683621.5701,286985.79,7740.08
2395.0,-6222490.0569,1699137.2874,1678508.6710,286984.26,7740.08
2396.0,-6225257.9849,1694030.1756,1673393.5034,286982.73,7740.09
2397.0,-6228017.5238,1688920.7811,1668276.0740,286981.21,7740.10
2398.0,-6230768.6699,1683809.1106,1663156.3897,286979.69,7740.10
2399.0,-6233511.4194,1678695.1710,1658034.4576,286978.18,7740.11
2400.0,-6236245.7687,1673578.9692,1652910.2845,286976.67,7740.12
2401.0,-6238971.7139,1668460.5121,1647783.8773,286975.17,7740.12
2402.0,-6241689.2515,1663339.8066,1642655.2430,286973.67,7740.13
2403.0,-6244398.3777,1658216.8595,1637524.3885,286972.18,7740.13
2404.0,-6247099.0888,1653091.6779,1632391.3206,286970.69,7740.14
2405.0,-6249791.3812,1647964.2685,1627256.0464,286969.21,7740.15
2406.0,-6252475.2512,1642834.6383,1622118.5727,286967.73,7740.15
2407.0,-6255150.6951,1637702.7941,1616978.9066,286966.26,7740.16
2408.0,-6257817.7094,1632568.7430,1611837.0548,286964.79,7740.16
2409.0,-6260476.2904,1627432.4917,1606693.0245,286963.33,7740.17
2410.0,-6263126.4344,1622294.0473,1601546.8225,286961.87,7740.18
2411.0,-6265768.1380,1617153.4165,1596398.4558,286960.42,7740.18
2412.0,-6268401.3974,1612010.6065,1591247.9313,286958.97,7740.19
2413.0,-6271026.2092,1606865.6240,1586095.2559,286957.52,7740.19
2414.0,-6273642.5698,1601718.4760,1580940.4368,286956.09,7740.20
2415.0,-6276250.4755,1596569.1694,1575783.4807,286954.65,7740.21
2416.0,-6278849.9229,1591417.7112,1570624.3947,286953.22,7740.21
2417.0,-6281440.9085,1586264.1083,1565463.1857,286951.80,7740.22
2418.0,-6284023.4286,1581108.3676,1560299.8607,286950.38,7740.22
2419.0,-6286597.4799,1575950.4961,1555134.4267,286948.97,7740.23
2420.0,-6289163.0587,1570790.5007,1549966.8906,286947.56,7740.23
2421.0,-6291720.1617,1565628.3884,1544797.2595,286946.15,7740.24
2422.0,-6294268.7853,1560464.1661,1539625.5402,286944.75,7740.25
2423.0,-6296808.9261,1555297.8408,1534451.7399,286943.36,7740.25
2424.0,-6299340.5806,1550129.4194,1529275.8654,286941.97,7740.26
2425.0,-6301863.7454,1544958.9089,1524097.9238,286940.58,7740.26
2426.0,-6304378.4171,1539786.3162,1518917.9220,286939.20,7740.27
2427.0,-6306884.5922,1534611.6483,1513735.8671,286937.83,7740.27
2428.0,-6309382.2674,1529434.9123,1508551.7661,286936.46,7740.28
2429.0,-6311871.4392,1524256.1149,1503365.6259,286935.09,7740.29
2430.0,-6314352.1043,1519075.2633,1498177.4535,286933.73,7740.29
2431.0,-6316824.2592,1513892.3644,1492987.2561,286932.37,7740.30
2432.0,-6319287.9007,1508707.4251,1487795.0404,286931.02,7740.30
2433.0,-6321743.0254,1503520.4525,1482600.8137,286929.68,7740.31
2434.0,-6324189.6300,1498331.4536,1477404.5829,286928.34,7740.31
2435.0,-6326627.7110,1493140.4353,1472206.3550,286927.00,7740.32
2436.0,-6329057.2653,1487947.4046,1467006.1370,286925.67,7740.32
2437.0,-6331478.2895,1482752.3685,1461803.9360,286924.34,7740.33
2438.0,-6333890.7803,1477555.3340,1456599.7590,286923.02,7740.34
2439.0,-6336294.7345,1472356.3081,1451393.6130,286921.70,7740.34
2440.0,-6338690.1487,1467155.2978,1446185.5050,286920.39,7740.35
2441.0,-6341077.0198,1461952.3101,1440975.4421,286919.08,7740.35
2442.0,-6343455.3444,1456747.3521,1435763.4314,286917.78,7740.36
2443.0,-6345825.1194,1451540.4307,1430549.4798,286916.48,7740.36
2444.0,-6348186.3415,1446331.5529,1425333.5943,286915.19,7740.37
2445.0,-6350539.0076,1441120.7257,1420115.7822,286913.90,7740.37
2446.0,-6352883.1143,1435907.9562,1414896.0503,286912.61,7740.38
2447.0,-6355218.6586,1430693.2514,1409674.4058,286911.34,7740.38
2448.0,-6357545.6372,1425476.6184,1404450.8556,286910.06,7740.39
2449.0,-6359864.0471,1420258.0640,1399225.4070,286908.79,7740.39
2450.0,-6362173.8850,1415037.5954,1393998.0668,286907.53,7740.40
2451.0,-6364475.1478,1409815.2196,1388768.8422,286906.27,7740.40
2452.0,-6366767.8324,1404590.9437,1383537.7402,286905.01,7740.41
2453.0,-6369051.9356,1399364.7746,1378304.7679,286903.76,7740.41
2454.0,-6371327.4545,1394136.7194,1373069.9324,286902.52,7740.42
2455.0,-6373594.3857,1388906.7851,1367833.2407,286901.28,7740.42
2456.0,-6375852.7264,1383674.9788,1362594.7000,286900.04,7740.43
2457.0,-6378102.4734,1378441.3076,1357354.3172,286898.81,7740.43
2458.0,-6380343.6237,1373205.7784,1352112.0995,286897.58,7740.44
2459.0,-6382576.1741,1367968.3984,1346868.0539,286896.36,7740.45
2460.0,-6384800.1218,1362729.1746,1341622.1876,286895.14,7740.45
2461.0,-6387015.4636,1357488.1140,1336374.5076,286893.93,7740.46
2462.0,-6389222.1966,1352245.2237,1331125.0210,286892.73,7740.46
2463.0,-6391420.3177,1347000.5107,1325873.7349,286891.52,7740.47
2464.0,-6393609.8240,1341753.9822,1320620.6564,286890.33,7740.47
2465.0,-6395790.7124,1336505.6452,1315365.7926,286889.13,7740.48
2466.0,-6397962.9801,1331255.5067,1310109.1506,286887.94,7740.48
2467.0,-6400126.6241,1326003.5739,1304850.7375,286886.76,7740.48
2468.0,-6402281.6413,1320749.8538,1299590.5603,286885.58,7740.49
2469.0,-6404428.0290,1315494.3535,1294328.6263,286884.41,7740.49
2470.0,-6406565.7842,1310237.0800,1289064.9424,286883.24,7740.50
2471.0,-6408694.9039,1304978.0405,1283799.5159,286882.07,7740.50
2472.0,-6410815.3854,1299717.2420,1278532.3539,286880.91,7740.51
2473.0,-6412927.2256,1294454.6916,1273263.4633,286879.76,7740.51
2474.0,-6415030.4217,1289190.3964,1267992.8515,286878.61,7740.52
2475.0,-6417124.9710,1283924.3635,1262720.5254,286877.46,7740.52
2476.0,-6419210.8704,1278656.6000,1257446.4922,286876.32,7740.53
2477.0,-6421288.1173,1273387.1130,1252170.7591,286875.19,7740.53
2478.0,-6423356.7087,1268115.9095,1246893.3332,286874.05,7740.54
2479.0,-6425416.6418,1262842.9968,1241614.2215,286872.93,7740.54
2480.0,-6427467.9139,1257568.3818,1236333.4313,286871.81,7740.55
2481.0,-6429510.5222,1252292.0717,1231050.9696,286870.69,7740.55
2482.0,-6431544.4639,1247014.0736,1225766.8436,286869.58,7740.56
2483.0,-6433569.7362,1241734.3946,1220481.0605,286868.47,7740.56
2484.0,-6435586.3363,1236453.0419,1215193.6273,286867.36,7740.57
2485.0,-6437594.2616,1231170.0224,1209904.5513,286866.27,7740.57
2486.0,-6439593.5093,1225885.3435,1204613.8395,286865.17,7740.57
2487.0,-6441584.0767,1220599.0121,1199321.4992,286864.08,7740.58
2488.0,-6443565.9610,1215311.0353,1194027.5374,286863.00,7740.58
2489.0,-6445539.1597,1210021.4204,1188731.9614,286861.92,7740.59
2490.0,-6447503.6699,1204730.1745,1183434.7782,286860.84,7740.59
2491.0,-6449459.4891,1199437.3046,1178135.9951,286859.77,7740.60
2492.0,-6451406.6145,1194142.8179,1172835.6192,286858.71,7740.60
2493.0,-6453345.0436,1188846.7215,1167533.6576,286857.65,7740.61
2494.0,-6455274.7736,1183549.0226,1162230.1175,286856.59,7740.61
2495.0,-6457195.8020,1178249.7284,1156925.0062,286855.54,7740.61
2496.0,-6459108.1262,1172948.8458,1151618.3306,286854.49,7740.62
2497.0,-6461011.7435,1167646.3822,1146310.0982,286853.45,7740.62
2498.0,-6462906.6514,1162342.3445,1141000.3159,286852.41,7740.63
2499.0,-6464792.8473,1157036.7401,1135688.9910,286851.38,7740.63
2500.0,-6466670.3286,1151729.5759,1130376.1306,286850.35,7740.64
2501.0,-6468539.0928,1146420.8593,1125061.7420,286849.32,7740.64
2502.0,-6470399.1373,1141110.5973,1119745.8323,286848.31,7740.64
2503.0,-6472250.4596,1135798.7970,1114428.4087,286847.29,7740.65
2504.0,-6474093.0572,1130485.4657,1109109.4784,286846.28,7740.65
2505.0,-6475926.9276,1125170.6105,1103789.0485,286845.28,7740.66
2506.0,-6477752.0683,1119854.2385,1098467.1263,286844.28,7740.66
2507.0,-6479568.4768,1114536.3570,1093143.7190,286843.28,7740.67
2508.0,-6481376.1506,1109216.9730,1087818.8337,286842.29,7740.67
2509.0,-6483175.0873,1103896.0938,1082492.4776,286841.30,7740.67
2510.0,-6484965.2844,1098573.7266,1077164.6580,286840.32,7740.68
2511.0,-6486746.7396,1093249.8784,1071835.3820,286839.34,7740.68
2512.0,-6488519.4503,1087924.5565,1066504.6569,286838.37,7740.69
2513.0,-6490283.4142,1082597.7680,1061172.4898,286837.40,7740.69
2514.0,-6492038.6288,1077269.5201,1055838.8879,286836.44,7740.69
2515.0,-6493785.0919,1071939.8200,1050503.8585,286835.48,7740.70
2516.0,-6495522.8009,1066608.6750,1045167.4088,286834.53,7740.70
2517.0,-6497251.7536,1061276.0920,1039829.5460,286833.58,7740.71
2518.0,-6498971.9476,1055942.0785,1034490.2773,286832.63,7740.71
2519.0,-6500683.3806,1050606.6414,1029149.6098,286831.69,7740.71
2520.0,-6502386.0501,1045269.7881,1023807.5509,286830.76,7740.72
2521.0,-6504079.9540,1039931.5257,1018464.1078,286829.82,7740.72
2522.0,-6505765.0900,1034591.8614,1013119.2876,286828.90,7740.73
2523.0,-6507441.4556,1029250.8024,1007773.0976,286827.98,7740.73
2524.0,-6509109.0487,1023908.3560,1002425.5451,286827.06,7740.73
2525.0,-6510767.8669,1018564.5292,997076.6371,286826.15,7740.74
2526.0,-6512417.9081,1013219.3293,991726.3811,286825.24,7740.74
2527.0,-6514059.1699,1007872.7635,986374.7842,286824.33,7740.74
2528.0,-6515691.6502,1002524.8390,981021.8536,286823.44,7740.75
2529.0,-6517315.3467,997175.5631,975667.5966,286822.54,7740.75
2530.0,-6518930.2572,991824.9429,970312.0203,286821.65,7740.76
2531.0,-6520536.3796,986472.9856,964955.1322,286820.77,7740.76
2532.0,-6522133.7116,981119.6984,959596.9393,286819.89,7740.76
2533.0,-6523722.2510,975765.0886,954237.4490,286819.01,7740.77
2534.0,-6525301.9958,970409.1634,948876.6684,286818.14,7740.77
2535.0,-6526872.9437,965051.9300,943514.6049,286817.27,7740.77
2536.0,-6528435.0926,959693.3956,938151.2656,286816.41,7740.78
2537.0,-6529988.4404,954333.5674,932786.6579,286815.55,7740.78
2538.0,-6531532.9850,948972.4527,927420.7889,286814.70,7740.79
2539.0,-6533068.7243,943610.0586,922053.6659,286813.85,7740.79
2540.0,-6534595.6562,938246.3925,916685.2963,286813.01,7740.79
2541.0,-6536113.7786,932881.4615,911315.6871,286812.17,7740.80
2542.0,-6537623.0894,927515.2729,905944.8458,286811.33,7740.80
2543.0,-6539123.5867,922147.8339,900572.7795,286810.50,7740.80
2544.0,-6540615.2683,916779.1517,895199.4955,286809.68,7740.81
2545.0,-6542098.1323,911409.2336,889825.0011,286808.86,7740.81
2546.0,-6543572.1765,906038.0868,884449.3035,286808.04,7740.81
2547.0,-6545037.3991,900665.7185,879072.4100,286807.23,7740.82
2548.0,-6546493.7980,895292.1360,873694.3279,286806.42,7740.82
2549.0,-6547941.3713,889917.3465,868315.0645,286805.62,7740.82
2550.0,-6549380.1169,884541.3573,862934.6269,286804.82,7740.83
2551.0,-6550810.0329,879164.1757,857553.0226,286804.03,7740.83
2552.0,-6552231.1174,873785.8087,852170.2587,286803.24,7740.83
2553.0,-6553643.3684,868406.2638,846786.3426,286802.46,7740.84
2554.0,-6555046.7840,863025.5482,841401.2815,286801.68,7740.84
2555.0,-6556441.3624,857643.6691,836015.0826,286800.90,7740.84
2556.0,-6557827.1015,852260.6337,830627.7534,286800.13,7740.85
2557.0,-6559203.9996,846876.4493,825239.3010,286799.36,7740.85
2558.0,-6560572.0548,841491.1233,819849.7327,286798.60,7740.85
2559.0,-6561931.2651,836104.6627,814459.0559,286797.85,7740.86
2560.0,-6563281.6288,830717.0750,809067.2778,286797.09,7740.86
2561.0,-6564623.1440,825328.3673,803674.4057,286796.34,7740.86
2562.0,-6565955.8088,819938.5470,798280.4469,286795.60,7740.86
2563.0,-6567279.6216,814547.6212,792885.4087,286794.86,7740.87
2564.0,-6568594.5804,809155.5973,787489.2984,286794.13,7740.87
2565.0,-6569900.6835,803762.4825,782092.1232,286793.40,7740.87
2566.0,-6571197.9291,798368.2841,776693.8906,286792.67,7740.88
2567.0,-6572486.3154,792973.0093,771294.6076,286791.95,7740.88
2568.0,-6573765.8408,787576.6655,765894.2818,286791.24,7740.88
2569.0,-6575036.5034,782179.2599,760492.9203,286790.52,7740.89
2570.0,-6576298.3015,776780.7997,755090.5305,286789.82,7740.89
2571.0,-6577551.2334,771381.2923,749687.1197,286789.11,7740.89
2572.0,-6578795.2974,765980.7450,744282.6951,286788.42,7740.89
2573.0,-6580030.4918,760579.1649,738877.2642,286787.72,7740.90
2574.0,-6581256.8150,755176.5595,733470.8341,286787.03,7740.90
2575.0,-6582474.2652,749772.9359,728063.4122,286786.35,7740.90
2576.0,-6583682.8408,744368.3015,722655.0059,286785.67,7740.91
2577.0,-6584882.5402,738962.6635,717245.6223,286784.99,7740.91
2578.0,-6586073.3617,733556.0293,711835.2689,286784.32,7740.91
2579.0,-6587255.3037,728148.4061,706423.9530,286783.66,7740.91
2580.0,-6588428.3647,722739.8012,701011.6818,286782.99,7740.92
2581.0,-6589592.5429,717330.2219,695598.4627,286782.34,7740.92
2582.0,-6590747.8369,711919.6754,690184.3030,286781.68,7740.92
2583.0,-6591894.2450,706508.1692,684769.2101,286781.03,7740.92
2584.0,-6593031.7657,701095.7104,679353.1912,286780.39,7740.93
2585.0,-6594160.3974,695682.3064,673936.2536,286779.75,7740.93
2586.0,-6595280.1387,690267.9645,668518.4047,286779.12,7740.93
2587.0,-6596390.9880,684852.6920,663099.6519,286778.49,7740.93
2588.0,-6597492.9437,679436.4961,657680.0024,286777.86,7740.94
2589.0,-6598586.0044,674019.3842,652259.4636,286777.24,7740.94
2590.0,-6599670.1686,668601.3635,646838.0427,286776.62,7740.94
2591.0,-6600745.4348,663182.4414,641415.7472,286776.01,7740.94
2592.0,-6601811.8016,657762.6253,635992.5844,286775.40,7740.95
2593.0,-6602869.2675,652341.9223,630568.5615,286774.80,7740.95
2594.0,-6603917.8310,646920.3397,625143.6859,286774.20,7740.95
2595.0,-6604957.4908,641497.8850,619717.9651,286773.60,7740.95
2596.0,-6605988.2454,636074.5654,614291.4062,286773.01,7740.96
2597.0,-6607010.0934,630650.3883,608864.0166,286772.43,7740.96
2598.0,-6608023.0335,625225.3608,603435.8037,286771.85,7740.96
2599.0,-6609027.0642,619799.4904,598006.7749,286771.27,7740.96
2600.0,-6610022.1842,614372.7844,592576.9373,286770.70,7740.97
2601.0,-6611008.3922,608945.2500,587146.2985,286770.13,7740.97
2602.0,-6611985.6867,603516.8947,581714.8657,286769.57,7740.97
2603.0,-6612954.0666,598087.7256,576282.6463,286769.01,7740.97
2604.0,-6613913.5303,592657.7502,570849.6476,286768.45,7740.98
2605.0,-6614864.0767,587226.9757,565415.8769,286767.90,7740.98
2606.0,-6615805.7045,581795.4095,559981.3417,286767.36,7740.98
2607.0,-6616738.4123,576363.0589,554546.0492,286766.82,7740.98
2608.0,-6617662.1989,570929.9313,549110.0069,286766.28,7740.98
2609.0,-6618577.0631,565496.0338,543673.2220,286765.75,7740.99
2610.0,-6619483.0036,560061.3739,538235.7019,286765.22,7740.99
2611.0,-6620380.0191,554625.9589,532797.4540,286764.70,7740.99
2612.0,-6621268.1085,549189.7962,527358.4856,286764.18,7740.99
2613.0,-6622147.2705,543752.8930,521918.8041,286763.67,7740.99
2614.0,-6623017.5040,538315.2566,516478.4168,286763.16,7741.00
2615.0,-6623878.8077,532876.8945,511037.3311,286762.65,7741.00
2616.0,-6624731.1805,527437.8139,505595.5544,286762.15,7741.00
2617.0,-6625574.6212,521998.0222,500153.0939,286761.66,7741.00
2618.0,-6626409.1288,516557.5267,494709.9571,286761.17,7741.00
2619.0,-6627234.7019,511116.3348,489266.1513,286760.68,7741.01
2620.0,-6628051.3396,505674.4537,483821.6839,286760.20,7741.01
2621.0,-6628859.0407,500231.8908,478376.5622,286759.72,7741.01
2622.0,-6629657.8041,494788.6535,472930.7937,286759.24,7741.01
2623.0,-6630447.6288,489344.7491,467484.3856,286758.78,7741.01
2624.0,-6631228.5136,483900.1849,462037.3453,286758.31,7741.02
2625.0,-6632000.4575,478454.9683,456589.6803,286757.85,7741.02
2626.0,-6632763.4594,473009.1066,451141.3978,286757.39,7741.02
2627.0,-6633517.5183,467562.6071,445692.5052,286756.94,7741.02
2628.0,-6634262.6332,462115.4773,440243.0099,286756.50,7741.02
2629.0,-6634998.8031,456667.7243,434792.9193,286756.05,7741.02
2630.0,-6635726.0269,451219.3557,429342.2407,286755.62,7741.03
2631.0,-6636444.3037,445770.3787,423890.9816,286755.18,7741.03
2632.0,-6637153.6325,440320.8007,418439.1492,286754.75,7741.03
2633.0,-6637854.0123,434870.6290,412986.7510,286754.33,7741.03
2634.0,-6638545.4422,429419.8709,407533.7943,286753.91,7741.03
2635.0,-6639227.9212,423968.5339,402080.2865,286753.49,7741.03
2636.0,-6639901.4485,418516.6253,396626.2349,286753.08,7741.04
2637.0,-6640566.0230,413064.1524,391171.6471,286752.67,7741.04
2638.0,-6641221.6439,407611.1225,385716.5302,286752.27,7741.04
2639.0,-6641868.3103,402157.5431,380260.8917,286751.87,7741.04
2640.0,-6642506.0214,396703.4214,374804.7390,286751.48,7741.04
2641.0,-6643134.7761,391248.7649,369348.0795,286751.09,7741.04
2642.0,-6643754.5738,385793.5809,363890.9205,286750.71,7741.05
2643.0,-6644365.4135,380337.8767,358433.2694,286750.33,7741.05
2644.0,-6644967.2945,374881.6597,352975.1337,286749.95,7741.05
2645.0,-6645560.2158,369424.9372,347516.5205,286749.58,7741.05
2646.0,-6646144.1767,363967.7167,342057.4375,286749.21,7741.05
2647.0,-6646719.1765,358510.0054,336597.8919,286748.85,7741.05
2648.0,-6647285.2142,353051.8107,331137.8911,286748.49,7741.05
2649.0,-6647842.2892,347593.1401,325677.4425,286748.14,7741.06
2650.0,-6648390.4007,342134.0007,320216.5535,286747.79,7741.06
2651.0,-6648929.5479,336674.4001,314755.2314,286747.44,7741.06
2652.0,-6649459.7301,331214.3455,309293.4837,286747.10,7741.06
2653.0,-6649980.9466,325753.8444,303831.3178,286746.77,7741.06
2654.0,-6650493.1967,320292.9040,298368.7410,286746.44,7741.06
2655.0,-6650996.4797,314831.5318,292905.7607,286746.11,7741.06
2656.0,-6651490.7949,309369.7352,287442.3843,286745.79,7741.06
2657.0,-6651976.1415,303907.5214,281978.6193,286745.47,7741.06
2658.0,-6652452.5191,298444.8978,276514.4729,286745.15,7741.07
2659.0,-6652919.9269,292981.8718,271049.9525,286744.84,7741.07
2660.0,-6653378.3642,287518.4509,265585.0657,286744.54,7741.07
2661.0,-6653827.8305,282054.6422,260119.8196,286744.24,7741.07
2662.0,-6654268.3252,276590.4533,254654.2219,286743.94,7741.07
2663.0,-6654699.8476,271125.8914,249188.2797,286743.65,7741.07
2664.0,-6655122.3971,265660.9640,243722.0006,286743.37,7741.07
2665.0,-6655535.9733,260195.6784,238255.3919,286743.08,7741.07
2666.0,-6655940.5754,254730.0420,232788.4610,286742.80,7741.07
2667.0,-6656336.2031,249264.0621,227321.2153,286742.53,7741.08
2668.0,-6656722.8556,243797.7462,221853.6622,286742.26,7741.08
2669.0,-6657100.5326,238331.1015,216385.8091,286742.00,7741.08
2670.0,-6657469.2335,232864.1355,210917.6633,286741.74,7741.08
2671.0,-6657828.9577,227396.8555,205449.2324,286741.48,7741.08
2672.0,-6658179.7049,221929.2690,199980.5236,286741.23,7741.08
2673.0,-6658521.4744,216461.3832,194511.5444,286740.98,7741.08
2674.0,-6658854.2660,210993.2055,189042.3022,286740.74,7741.08
2675.0,-6659178.0790,205524.7434,183572.8043,286740.50,7741.08
2676.0,-6659492.9131,200056.0042,178103.0582,286740.27,7741.08
2677.0,-6659798.7678,194586.9952,172633.0712,286740.04,7741.08
2678.0,-6660095.6428,189117.7239,167162.8508,286739.81,7741.08
2679.0,-6660383.5376,183648.1976,161692.4043,286739.59,7741.09
2680.0,-6660662.4517,178178.4237,156221.7392,286739.37,7741.09
2681.0,-6660932.3850,172708.4096,150750.8629,286739.16,7741.09
2682.0,-6661193.3369,167238.1626,145279.7826,286738.95,7741.09
2683.0,-6661445.3071,161767.6901,139808.5060,286738.75,7741.09
2684.0,-6661688.2954,156296.9995,134337.0402,286738.55,7741.09
2685.0,-6661922.3012,150826.0982,128865.3928,286738.36,7741.09
2686.0,-6662147.3244,145354.9935,123393.5712,286738.17,7741.09
2687.0,-6662363.3647,139883.6928,117921.5827,286737.98,7741.09
2688.0,-6662570.4216,134412.2036,112449.4347,286737.80,7741.09
2689.0,-6662768.4950,128940.5331,106977.1347,286737.63,7741.09
2690.0,-6662957.5846,123468.6888,101504.6900,286737.45,7741.09
2691.0,-6663137.6901,117996.6780,96032.1080,286737.29,7741.09
2692.0,-6663308.8113,112524.5081,90559.3962,286737.12,7741.09
2693.0,-6663470.9479,107052.1866,85086.5620,286736.96,7741.09
2694.0,-6663624.0997,101579.7206,79613.6127,286736.81,7741.09
2695.0,-6663768.2666,96107.1178,74140.5557,286736.66,7741.09
2696.0,-6663903.4483,90634.3853,68667.3985,286736.52,7741.09
2697.0,-6664029.6446,85161.5307,63194.1484,286736.37,7741.09
2698.0,-6664146.8553,79688.5613,57720.8129,286736.24,7741.09
2699.0,-6664255.0804,74215.4844,52247.3993,286736.11,7741.09
2700.0,-6664354.3197,68742.3075,46773.9152,286735.98,7741.10
2701.0,-6664444.5729,63269.0379,41300.3677,286735.85,7741.10
2702.0,-6664525.8400,57795.6829,35826.7644,286735.73,7741.10
2703.0,-6664598.1210,52322.2501,30353.1127,286735.62,7741.10
2704.0,-6664661.4156,46848.7468,24879.4200,286735.51,7741.10
2705.0,-6664715.7238,41375.1803,19405.6936,286735.40,7741.10
2706.0,-6664761.0456,35901.5580,13931.9410,286735.30,7741.10
2707.0,-6664797.3808,30427.8873,8458.1695,286735.21,7741.10
2708.0,-6664824.7294,24954.1756,2984.3867,286735.11,7741.10
2709.0,-6664843.0914,19480.4303,-2489.4002,286735.03,7741.10
2710.0,-6664852.4668,14006.6587,-7963.1837,286734.94,7741.10
2711.0,-6664852.8555,8532.8683,-13436.9564,286734.86,7741.10
2712.0,-6664844.2576,3059.0663,-18910.7110,286734.79,7741.10
2713.0,-6664826.6730,-2414.7397,-24384.4399,286734.72,7741.10
2714.0,-6664800.1018,-7888.5425,-29858.1358,286734.65,7741.10
2715.0,-6664764.5439,-13362.3346,-35331.7914,286734.59,7741.10
2716.0,-6664719.9996,-18836.1087,-40805.3992,286734.53,7741.10
2717.0,-6664666.4688,-24309.8574,-46278.9517,286734.48,7741.10
2718.0,-6664603.9515,-29783.5733,-51752.4417,286734.43,7741.10
2719.0,-6664532.4480,-35257.2490,-57225.8617,286734.39,7741.10
2720.0,-6664451.9582,-40730.8772,-62699.2042,286734.35,7741.10
2721.0,-6664362.4823,-46204.4504,-68172.4620,286734.31,7741.10
2722.0,-6664264.0204,-51677.9613,-73645.6275,286734.28,7741.10
2723.0,-6664156.5727,-57151.4025,-79118.6934,286734.26,7741.10
2724.0,-6664040.1392,-62624.7667,-84591.6523,286734.24,7741.10
2725.0,-6663914.7202,-68098.0464,-90064.4968,286734.22,7741.10
2726.0,-6663780.3158,-73571.2342,-95537.2195,286734.21,7741.09
2727.0,-6663636.9262,-79044.3228,-101009.8130,286734.20,7741.09
2728.0,-6663484.5516,-84517.3049,-106482.2699,286734.19,7741.09
2729.0,-6663323.1922,-89990.1729,-111954.5827,286734.19,7741.09
2730.0,-6663152.8482,-95462.9197,-117426.7441,286734.20,7741.09
2731.0,-6662973.5198,-100935.5376,-122898.7467,286734.21,7741.09
2732.0,-6662785.2074,-106408.0195,-128370.5831,286734.22,7741.09
2733.0,-6662587.9111,-111880.3579,-133842.2458,286734.24,7741.09
2734.0,-6662381.6312,-117352.5454,-139313.7276,286734.26,7741.09
2735.0,-6662166.3680,-122824.5746,-144785.0209,286734.29,7741.09
2736.0,-6661942.1219,-128296.4383,-150256.1184,286734.32,7741.09
2737.0,-6661708.8930,-133768.1289,-155727.0127,286734.36,7741.09
2738.0,-6661466.6817,-139239.6392,-161197.6964,286734.40,7741.09
2739.0,-6661215.4884,-144710.9616,-166668.1621,286734.44,7741.09
2740.0,-6660955.3133,-150182.0890,-172138.4023,286734.49,7741.09
2741.0,-6660686.1569,-155653.0138,-177608.4098,286734.54,7741.09
2742.0,-6660408.0195,-161123.7288,-183078.1770,286734.60,7741.09
2743.0,-6660120.9015,-166594.2264,-188547.6967,286734.66,7741.09
2744.0,-6659824.8033,-172064.4995,-194016.9613,286734.73,7741.09
2745.0,-6659519.7252,-177534.5405,-199485.9635,286734.80,7741.09
2746.0,-6659205.6678,-183004.3421,-204954.6960,286734.88,7741.09
2747.0,-6658882.6313,-188473.8970,-210423.1513,286734.96,7741.08
2748.0,-6658550.6163,-193943.1977,-215891.3219,286735.04,7741.08
2749.0,-6658209.6232,-199412.2369,-221359.2007,286735.13,7741.08
2750.0,-6657859.6525,-204881.0071,-226826.7800,286735.22,7741.08
2751.0,-6657500.7047,-210349.5012,-232294.0526,286735.32,7741.08
2752.0,-6657132.7801,-215817.7116,-237761.0110,286735.42,7741.08
2753.0,-6656755.8794,-221285.6309,-243227.6478,286735.53,7741.08
2754.0,-6656370.0031,-226753.2519,-248693.9557,286735.64,7741.08
2755.0,-6655975.1517,-232220.5672,-254159.9273,286735.76,7741.08
2756.0,-6655571.3256,-237687.5693,-259625.5552,286735.88,7741.08
2757.0,-6655158.5255,-243154.2509,-265090.8319,286736.00,7741.08
2758.0,-6654736.7520,-248620.6046,-270555.7501,286736.13,7741.08
2759.0,-6654306.0055,-254086.6231,-276020.3024,286736.26,7741.07
2760.0,-6653866.2867,-259552.2990,-281484.4814,286736.40,7741.07
2761.0,-6653417.5962,-265017.6249,-286948.2798,286736.54,7741.07
2762.0,-6652959.9346,-270482.5934,-292411.6901,286736.69,7741.07
2763.0,-6652493.3025,-275947.1972,-297874.7049,286736.84,7741.07
2764.0,-6652017.7006,-281411.4290,-303337.3168,286737.00,7741.07
2765.0,-6651533.1294,-286875.2813,-308799.5186,286737.16,7741.07
2766.0,-6651039.5897,-292338.7467,-314261.3027,286737.32,7741.07
2767.0,-6650537.0821,-297801.8180,-319722.6618,286737.49,7741.07
2768.0,-6650025.6073,-303264.4878,-325183.5885,286737.66,7741.06
2769.0,-6649505.1661,-308726.7486,-330644.0755,286737.84,7741.06
2770.0,-6648975.7590,-314188.5931,-336104.1153,286738.02,7741.06
2771.0,-6648437.3869,-319650.0140,-341563.7005,286738.21,7741.06
2772.0,-6647890.0505,-325111.0038,-347022.8239,286738.40,7741.06
2773.0,-6647333.7504,-330571.5553,-352481.4779,286738.60,7741.06
2774.0,-6646768.4875,-336031.6611,-357939.6552,286738.80,7741.06
2775.0,-6646194.2626,-341491.3138,-363397.3484,286739.00,7741.06
2776.0,-6645611.0763,-346950.5060,-368854.5503,286739.21,7741.06
2777.0,-6645018.9296,-352409.2304,-374311.2532,286739.42,7741.05
2778.0,-6644417.8232,-357867.4796,-379767.4500,286739.64,7741.05
2779.0,-6643807.7579,-363325.2462,-385223.1332,286739.86,7741.05
2780.0,-6643188.7346,-368782.5230,-390678.2954,286740.09,7741.05
2781.0,-6642560.7541,-374239.3025,-396132.9293,286740.32,7741.05
2782.0,-6641923.8172,-379695.5774,-401587.0274,286740.56,7741.05
2783.0,-6641277.9249,-385151.3404,-407040.5825,286740.80,7741.05
2784.0,-6640623.0780,-390606.5840,-412493.5871,286741.04,7741.04
2785.0,-6639959.2773,-396061.3009,-417946.0338,286741.29,7741.04
2786.0,-6639286.5239,-401515.4838,-423397.9154,286741.55,7741.04
2787.0,-6638604.8185,-406969.1253,-428849.2243,286741.80,7741.04
2788.0,-6637914.1622,-412422.2181,-434299.9533,286742.07,7741.04
2789.0,-6637214.5559,-417874.7548,-439750.0950,286742.33,7741.04
2790.0,-6636506.0005,-423326.7280,-445199.6420,286742.60,7741.03
2791.0,-6635788.4970,-428778.1305,-450648.5869,286742.88,7741.03
2792.0,-6635062.0464,-434228.9548,-456096.9223,286743.16,7741.03
2793.0,-6634326.6496,-439679.1936,-461544.6410,286743.44,7741.03
2794.0,-6633582.3077,-445128.8396,-466991.7355,286743.73,7741.03
2795.0,-6632829.0216,-450577.8854,-472438.1984,286744.03,7741.03
2796.0,-6632066.7925,-456026.3237,-477884.0225,286744.33,7741.02
2797.0,-6631295.6212,-461474.1470,-483329.2003,286744.63,7741.02
2798.0,-6630515.5090,-466921.3482,-488773.7245,286744.94,7741.02
2799.0,-6629726.4568,-472367.9198,-494217.5876,286745.25,7741.02
2800.0,-6628928.4657,-477813.8545,-499660.7825,286745.56,7741.02
2801.0,-6628121.5368,-483259.1449,-505103.3016,286745.88,7741.02
2802.0,-6627305.6712,-488703.7837,-510545.1377,286746.21,7741.01
2803.0,-6626480.8700,-494147.7636,-515986.2833,286746.54,7741.01
2804.0,-6625647.1343,-499591.0773,-521426.7311,286746.87,7741.01
2805.0,-6624804.4653,-505033.7173,-526866.4738,286747.21,7741.01
2806.0,-6623952.8640,-510475.6763,-532305.5040,286747.55,7741.01
2807.0,-6623092.3318,-515916.9471,-537743.8144,286747.90,7741.00
2808.0,-6622222.8697,-521357.5223,-543181.3975,286748.25,7741.00
2809.0,-6621344.4789,-526797.3945,-548618.2461,286748.61,7741.00
2810.0,-6620457.1606,-532236.5564,-554054.3528,286748.97,7741.00
2811.0,-6619560.9161,-537675.0007,-559489.7103,286749.34,7741.00
2812.0,-6618655.7464,-543112.7200,-564924.3111,286749.71,7740.99
2813.0,-6617741.6530,-548549.7071,-570358.1479,286750.08,7740.99
2814.0,-6616818.6369,-553985.9545,-575791.2135,286750.46,7740.99
2815.0,-6615886.6996,-559421.4550,-581223.5004,286750.84,7740.99
2816.0,-6614945.8421,-564856.2012,-586655.0013,286751.23,7740.99
2817.0,-6613996.0659,-570290.1858,-592085.7089,286751.62,7740.98
2818.0,-6613037.3722,-575723.4015,-597515.6158,286752.02,7740.98
2819.0,-6612069.7623,-581155.8410,-602944.7147,286752.42,7740.98
2820.0,-6611093.2375,-586587.4969,-608372.9982,286752.83,7740.98
2821.0,-6610107.7992,-592018.3619,-613800.4590,286753.24,7740.98
2822.0,-6609113.4487,-597448.4286,-619227.0898,286753.65,7740.97
2823.0,-6608110.1873,-602877.6899,-624652.8832,286754.07,7740.97
2824.0,-6607098.0164,-608306.1383,-630077.8319,286754.49,7740.97
2825.0,-6606076.9374,-613733.7665,-635501.9285,286754.92,7740.97
2826.0,-6605046.9517,-619160.5672,-640925.1658,286755.36,7740.96
2827.0,-6604008.0607,-624586.5331,-646347.5363,286755.79,7740.96
2828.0,-6602960.2657,-630011.6569,-651769.0328,286756.23,7740.96
2829.0,-6601903.5683,-635435.9313,-657189.6479,286756.68,7740.96
2830.0,-6600837.9698,-640859.3489,-662609.3743,286757.13,7740.95
2831.0,-6599763.4717,-646281.9025,-668028.2047,286757.59,7740.95
2832.0,-6598680.0755,-651703.5847,-673446.1317,286758.05,7740.95
2833.0,-6597587.7827,-657124.3882,-678863.1480,286758.51,7740.95
2834.0,-6596486.5946,-662544.3058,-684279.2464,286758.98,7740.95
2835.0,-6595376.5129,-667963.3300,-689694.4193,286759.45,7740.94
2836.0,-6594257.5390,-673381.4537,-695108.6597,286759.93,7740.94
2837.0,-6593129.6744,-678798.6695,-700521.9600,286760.42,7740.94
2838.0,-6591992.9207,-684214.9701,-705934.3131,286760.90,7740.93
2839.0,-6590847.2795,-689630.3482,-711345.7116,286761.39,7740.93
2840.0,-6589692.7522,-695044.7964,-716756.1481,286761.89,7740.93
2841.0,-6588529.3405,-700458.3076,-722165.6154,286762.39,7740.93
2842.0,-6587357.0460,-705870.8744,-727574.1062,286762.90,7740.92
2843.0,-6586175.8701,-711282.4895,-732981.6131,286763.41,7740.92
2844.0,-6584985.8147,-716693.1456,-738388.1288,286763.92,7740.92
2845.0,-6583786.8811,-722102.8355,-743793.6460,286764.44,7740.92
2846.0,-6582579.0712,-727511.5517,-749198.1574,286764.96,7740.91
2847.0,-6581362.3865,-732919.2872,-754601.6557,286765.49,7740.91
2848.0,-6580136.8287,-738326.0344,-760004.1337,286766.02,7740.91
2849.0,-6578902.3994,-743731.7862,-765405.5839,286766.56,7740.91
2850.0,-6577659.1004,-749136.5353,-770805.9991,286767.10,7740.90
2851.0,-6576406.9333,-754540.2744,-776205.3720,286767.65,7740.90
2852.0,-6575145.8998,-759942.9962,-781603.6953,286768.20,7740.90
2853.0,-6573876.0017,-765344.6934,-787000.9617,286768.75,7740.89
2854.0,-6572597.2406,-770745.3588,-792397.1638,286769.31,7740.89
2855.0,-6571309.6183,-776144.9850,-797792.2945,286769.88,7740.89
2856.0,-6570013.1366,-781543.5648,-803186.3464,286770.45,7740.89
2857.0,-6568707.7972,-786941.0909,-808579.3122,286771.02,7740.88
2858.0,-6567393.6019,-792337.5561,-813971.1846,286771.60,7740.88
2859.0,-6566070.5525,-797732.9530,-819361.9564,286772.18,7740.88
2860.0,-6564738.6507,-803127.2744,-824751.6202,286772.77,7740.87
2861.0,-6563397.8985,-808520.5131,-830140.1687,286773.36,7740.87
2862.0,-6562048.2976,-813912.6616,-835527.5948,286773.96,7740.87
2863.0,-6560689.8498,-819303.7129,-840913.8910,286774.56,7740.86
2864.0,-6559322.5570,-824693.6595,-846299.0501,286775.16,7740.86
2865.0,-6557946.4211,-830082.4944,-851683.0649,286775.77,7740.86
2866.0,-6556561.4439,-835470.2101,-857065.9281,286776.39,7740.86
2867.0,-6555167.6273,-840856.7994,-862447.6323,286777.01,7740.85
2868.0,-6553764.9732,-846242.2551,-867828.1703,286777.63,7740.85
2869.0,-6552353.4836,-851626.5699,-873207.5348,286778.26,7740.85
2870.0,-6550933.1602,-857009.7366,-878585.7186,286778.89,7740.84
2871.0,-6549504.0052,-862391.7478,-883962.7144,286779.53,7740.84
2872.0,-6548066.0203,-867772.5964,-889338.5150,286780.17,7740.84
2873.0,-6546619.2076,-873152.2751,-894713.1129,286780.82,7740.83
2874.0,-6545163.5690,-878530.7766,-900086.5011,286781.47,7740.83
2875.0,-6543699.1066,-883908.0937,-905458.6722,286782.12,7740.83
2876.0,-6542225.8222,-889284.2192,-910829.6189,286782.78,7740.82
2877.0,-6540743.7180,-894659.1457,-916199.3341,286783.45,7740.82
2878.0,-6539252.7958,-900032.8661,-921567.8104,286784.12,7740.82
2879.0,-6537753.0579,-905405.3732,-926935.0406,286784.79,7740.81
2880.0,-6536244.5061,-910776.6595,-932301.0174,286785.47,7740.81
2881.0,-6534727.1425,-916146.7181,-937665.7336,286786.16,7740.81
2882.0,-6533200.9692,-921515.5415,-943029.1819,286786.84,7740.80
2883.0,-6531665.9883,-926883.1226,-948391.3551,286787.54,7740.80
2884.0,-6530122.2019,-932249.4541,-953752.2460,286788.23,7740.80
2885.0,-6528569.6121,-937614.5288,-959111.8472,286788.94,7740.79
2886.0,-6527008.2209,-942978.3394,-964470.1516,286789.64,7740.79
2887.0,-6525438.0305,-948340.8788,-969827.1518,286790.35,7740.79
2888.0,-6523859.0430,-953702.1397,-975182.8408,286791.07,7740.78
2889.0,-6522271.2606,-959062.1149,-980537.2111,286791.79,7740.78
2890.0,-6520674.6854,-964420.7971,-985890.2556,286792.51,7740.77
2891.0,-6519069.3197,-969778.1792,-991241.9671,286793.24,7740.77
2892.0,-6517455.1655,-975134.2539,-996592.3383,286793.98,7740.77
2893.0,-6515832.2252,-980489.0140,-1001941.3620,286794.72,7740.76
2894.0,-6514200.5008,-985842.4523,-1007289.0309,286795.46,7740.76
2895.0,-6512559.9946,-991194.5616,-1012635.3379,286796.21,7740.76
2896.0,-6510910.7089,-996545.3346,-1017980.2756,286796.96,7740.75
2897.0,-6509252.6458,-1001894.7642,-1023323.8370,286797.72,7740.75
2898.0,-6507585.8077,-1007242.8431,-1028666.0146,286798.48,7740.75
2899.0,-6505910.1968,-1012589.5641,-1034006.8015,286799.25,7740.74
2900.0,-6504225.8153,-1017934.9201,-1039346.1902,286800.02,7740.74
2901.0,-6502532.6656,-1023278.9038,-1044684.1736,286800.79,7740.73
2902.0,-6500830.7500,-1028621.5080,-1050020.7445,286801.58,7740.73
2903.0,-6499120.0708,-1033962.7256,-1055355.8957,286802.36,7740.73
2904.0,-6497400.6303,-1039302.5492,-1060689.6200,286803.15,7740.72
2905.0,-6495672.4309,-1044640.9718,-1066021.9101,286803.95,7740.72
2906.0,-6493935.4748,-1049977.9862,-1071352.7589,286804.74,7740.71
2907.0,-6492189.7645,-1055313.5851,-1076682.1590,286805.55,7740.71
2908.0,-6490435.3024,-1060647.7613,-1082010.1035,286806.36,7740.71
2909.0,-6488672.0907,-1065980.5078,-1087336.5850,286807.17,7740.70
2910.0,-6486900.1320,-1071311.8172,-1092661.5963,286807.99,7740.70
2911.0,-6485119.4286,-1076641.6824,-1097985.1302,286808.81,7740.69
2912.0,-6483329.9829,-1081970.0962,-1103307.1797,286809.64,7740.69
2913.0,-6481531.7974,-1087297.0515,-1108627.7373,286810.47,7740.69
2914.0,-6479724.8746,-1092622.5410,-1113946.7961,286811.31,7740.68
2915.0,-6477909.2168,-1097946.5576,-1119264.3487,286812.15,7740.68
2916.0,-6476084.8266,-1103269.0942,-1124580.3880,286812.99,7740.67
2917.0,-6474251.7064,-1108590.1434,-1129894.9069,286813.84,7740.67
2918.0,-6472409.8587,-1113909.6983,-1135207.8980,286814.70,7740.67
2919.0,-6470559.2860,-1119227.7515,-1140519.3543,286815.56,7740.66
2920.0,-6468699.9909,-1124544.2960,-1145829.2686,286816.43,7740.66
2921.0,-6466831.9758,-1129859.3246,-1151137.6337,286817.29,7740.65
2922.0,-6464955.2433,-1135172.8301,-1156444.4424,286818.17,7740.65
2923.0,-6463069.7960,-1140484.8053,-1161749.6875,286819.05,7740.65
2924.0,-6461175.6365,-1145795.2432,-1167053.3620,286819.93,7740.64
2925.0,-6459272.7672,-1151104.1365,-1172355.4585,286820.82,7740.64
2926.0,-6457361.1908,-1156411.4781,-1177655.9700,286821.71,7740.63
2927.0,-6455440.9098,-1161717.2608,-1182954.8893,286822.61,7740.63
2928.0,-6453511.9270,-1167021.4775,-1188252.2092,286823.51,7740.62
2929.0,-6451574.2449,-1172324.1211,-1193547.9226,286824.42,7740.62
2930.0,-6449627.8661,-1177625.1844,-1198842.0223,286825.33,7740.62
2931.0,-6447672.7933,-1182924.6602,-1204134.5012,286826.25,7740.61
2932.0,-6445709.0291,-1188222.5415,-1209425.3521,286827.17,7740.61
2933.0,-6443736.5763,-1193518.8210,-1214714.5678,286828.10,7740.60
2934.0,-6441755.4375,-1198813.4917,-1220002.1413,286829.03,7740.60
2935.0,-6439765.6154,-1204106.5464,-1225288.0653,286829.96,7740.59
2936.0,-6437767.1126,-1209397.9780,-1230572.3328,286830.90,7740.59
2937.0,-6435759.9320,-1214687.7794,-1235854.9365,286831.85,7740.58
2938.0,-6433744.0762,-1219975.9434,-1241135.8694,286832.80,7740.58
2939.0,-6431719.5480,-1225262.4629,-1246415.1243,286833.75,7740.58
2940.0,-6429686.3501,-1230547.3308,-1251692.6941,286834.71,7740.57
2941.0,-6427644.4854,-1235830.5399,-1256968.5717,286835.67,7740.57
2942.0,-6425593.9564,-1241112.0833,-1262242.7498,286836.64,7740.56
2943.0,-6423534.7662,-1246391.9536,-1267515.2215,286837.62,7740.56
2944.0,-6421466.9174,-1251670.1439,-1272785.9795,286838.59,7740.55
2945.0,-6419390.4129,-1256946.6469,-1278055.0168,286839.58,7740.55
2946.0,-6417305.2555,-1262221.4557,-1283322.3263,286840.56,7740.54
2947.0,-6415211.4480,-1267494.5631,-1288587.9007,286841.56,7740.54
2948.0,-6413108.9932,-1272765.9620,-1293851.7331,286842.55,7740.53
2949.0,-6410997.8941,-1278035.6452,-1299113.8162,286843.56,7740.53
2950.0,-6408878.1535,-1283303.6058,-1304374.1430,286844.56,7740.52
2951.0,-6406749.7743,-1288569.8366,-1309632.7064,286845.57,7740.52
2952.0,-6404612.7593,-1293834.3305,-1314889.4993,286846.59,7740.51
2953.0,-6402467.1115,-1299097.0804,-1320144.5146,286847.61,7740.51
2954.0,-6400312.8339,-1304358.0792,-1325397.7451,286848.64,7740.51
2955.0,-6398149.9292,-1309617.3198,-1330649.1838,286849.67,7740.50
2956.0,-6395978.4005,-1314874.7953,-1335898.8236,286850.70,7740.50
2957.0,-6393798.2507,-1320130.4984,-1341146.6573,286851.74,7740.49
2958.0,-6391609.4827,-1325384.4221,-1346392.6780,286852.79,7740.49
2959.0,-6389412.0996,-1330636.5593,-1351636.8784,286853.84,7740.48
2960.0,-6387206.1044,-1335886.9029,-1356879.2516,286854.89,7740.48
2961.0,-6384991.5000,-1341135.4460,-1362119.7905,286855.95,7740.47
2962.0,-6382768.2894,-1346382.1813,-1367358.4879,286857.02,7740.47
2963.0,-6380536.4757,-1351627.1019,-1372595.3368,286858.09,7740.46
2964.0,-6378296.0618,-1356870.2006,-1377830.3301,286859.16,7740.46
2965.0,-6376047.0510,-1362111.4705,-1383063.4607,286860.24,7740.45
2966.0,-6373789.4461,-1367350.9044,-1388294.7217,286861.32,7740.45
2967.0,-6371523.2503,-1372588.4953,-1393524.1058,286862.41,7740.44
2968.0,-6369248.4666,-1377824.2361,-1398751.6061,286863.50,7740.44
2969.0,-6366965.0981,-1383058.1199,-1403977.2155,286864.60,7740.43
2970.0,-6364673.1480,-1388290.1394,-1409200.9268,286865.70,7740.43
2971.0,-6362372.6194,-1393520.2878,-1414422.7332,286866.81,7740.42
2972.0,-6360063.5153,-1398748.5579,-1419642.6275,286867.92,7740.42
2973.0,-6357745.8389,-1403974.9428,-1424860.6026,286869.04,7740.41
2974.0,-6355419.5935,-1409199.4353,-1430076.6515,286870.16,7740.41
2975.0,-6353084.7820,-1414422.0284,-1435290.7673,286871.29,7740.40
2976.0,-6350741.4077,-1419642.7152,-1440502.9427,286872.42,7740.39
2977.0,-6348389.4739,-1424861.4885,-1445713.1708,286873.56,7740.39
2978.0,-6346028.9836,-1430078.3413,-1450921.4446,286874.70,7740.38
2979.0,-6343659.9400,-1435293.2667,-1456127.7570,286875.85,7740.38
2980.0,-6341282.3465,-1440506.2576,-1461332.1010,286877.00,7740.37
2981.0,-6338896.2063,-1445717.3069,-1466534.4695,286878.15,7740.37
2982.0,-6336501.5225,-1450926.4077,-1471734.8556,286879.31,7740.36
2983.0,-6334098.2984,-1456133.5530,-1476933.2522,286880.48,7740.36
2984.0,-6331686.5374,-1461338.7356,-1482129.6522,286881.65,7740.35
2985.0,-6329266.2426,-1466541.9487,-1487324.0487,286882.83,7740.35
2986.0,-6326837.4174,-1471743.1852,-1492516.4347,286884.01,7740.34
2987.0,-6324400.0650,-1476942.4382,-1497706.8031,286885.19,7740.34
2988.0,-6321954.1889,-1482139.7005,-1502895.1469,286886.38,7740.33
2989.0,-6319499.7922,-1487334.9652,-1508081.4592,286887.58,7740.33
2990.0,-6317036.8783,-1492528.2254,-1513265.7328,286888.78,7740.32
2991.0,-6314565.4507,-1497719.4740,-1518447.9609,286889.98,7740.31
2992.0,-6312085.5126,-1502908.7040,-1523628.1364,286891.19,7740.31
2993.0,-6309597.0673,-1508095.9084,-1528806.2523,286892.41,7740.30
2994.0,-6307100.1184,-1513281.0803,-1533982.3016,286893.63,7740.30
2995.0,-6304594.6692,-1518464.2127,-1539156.2774,286894.85,7740.29
2996.0,-6302080.7230,-1523645.2986,-1544328.1726,286896.08,7740.29
2997.0,-6299558.2834,-1528824.3310,-1549497.9803,286897.31,7740.28
2998.0,-6297027.3536,-1534001.3030,-1554665.6934,286898.55,7740.28
2999.0,-6294487.9373,-1539176.2075,-1559831.3051,286899.80,7740.27
3000.0,-6291940.0377,-1544349.0377,-1564994.8083,286901.04,7740.26
3001.0,-6289383.6584,-1549519.7865,-1570156.1961,286902.30,7740.26
3002.0,-6286818.8029,-1554688.4470,-1575315.4614,286903.56,7740.25
3003.0,-6284245.4746,-1559855.0122,-1580472.5974,286904.82,7740.25
3004.0,-6281663.6771,-1565019.4752,-1585627.5970,286906.09,7740.24
3005.0,-6279073.4138,-1570181.8290,-1590780.4533,286907.36,7740.24
3006.0,-6276474.6882,-1575342.0666,-1595931.1593,286908.64,7740.23
3007.0,-6273867.5040,-1580500.1812,-1601079.7082,286909.92,7740.22
3008.0,-6271251.8645,-1585656.1658,-1606226.0928,286911.21,7740.22
3009.0,-6268627.7735,-1590810.0134,-1611370.3064,286912.51,7740.21
3010.0,-6265995.2344,-1595961.7171,-1616512.3418,286913.80,7740.21
3011.0,-6263354.2508,-1601111.2699,-1621652.1923,286915.11,7740.20
3012.0,-6260704.8263,-1606258.6650,-1626789.8508,286916.42,7740.20
3013.0,-6258046.9645,-1611403.8954,-1631925.3105,286917.73,7740.19
3014.0,-6255380.6691,-1616546.9541,-1637058.5643,286919.05,7740.18
3015.0,-6252705.9436,-1621687.8343,-1642189.6053,286920.37,7740.18
3016.0,-6250022.7917,-1626826.5290,-1647318.4267,286921.70,7740.17
3017.0,-6247331.2170,-1631963.0314,-1652445.0215,286923.03,7740.17
3018.0,-6244631.2232,-1637097.3344,-1657569.3827,286924.37,7740.16
3019.0,-6241922.8139,-1642229.4312,-1662691.5036,286925.71,7740.15
3020.0,-6239205.9928,-1647359.3149,-1667811.3770,286927.06,7740.15
3021.0,-6236480.7637,-1652486.9785,-1672928.9962,286928.41,7740.14
3022.0,-6233747.1302,-1657612.4152,-1678044.3542,286929.77,7740.14
3023.0,-6231005.0960,-1662735.6181,-1683157.4441,286931.13,7740.13
3024.0,-6228254.6649,-1667856.5803,-1688268.2590,286932.50,7740.12
3025.0,-6225495.8405,-1672975.2948,-1693376.7921,286933.87,7740.12
3026.0,-6222728.6267,-1678091.7548,-1698483.0363,286935.25,7740.11
3027.0,-6219953.0272,-1683205.9534,-1703586.9849,286936.63,7740.11
3028.0,-6217169.0457,-1688317.8838,-1708688.6309,286938.02,7740.10
3029.0,-6214376.6861,-1693427.5389,-1713787.9674,286939.42,7740.09
3030.0,-6211575.9522,-1698534.9121,-1718884.9876,286940.81,7740.09
3031.0,-6208766.8477,-1703639.9963,-1723979.6846,286942.22,7740.08
3032.0,-6205949.3764,-1708742.7847,-1729072.0515,286943.62,7740.07
3033.0,-6203123.5422,-1713843.2704,-1734162.0814,286945.04,7740.07
3034.0,-6200289.3490,-1718941.4467,-1739249.7674,286946.45,7740.06
3035.0,-6197446.8005,-1724037.3066,-1744335.1028,286947.88,7740.06
3036.0,-6194595.9007,-1729130.8432,-1749418.0805,286949.31,7740.05
3037.0,-6191736.6533,-1734222.0497,-1754498.6939,286950.74,7740.04
3038.0,-6188869.0624,-1739310.9193,-1759576.9359,286952.18,7740.04
3039.0,-6185993.1317,-1744397.4450,-1764652.7998,286953.62,7740.03
3040.0,-6183108.8652,-1749481.6202,-1769726.2787,286955.07,7740.02
3041.0,-6180216.2668,-1754563.4378,-1774797.3657,286956.52,7740.02
3042.0,-6177315.3405,-1759642.8912,-1779866.0540,286957.98,7740.01
3043.0,-6174406.0901,-1764719.9733,-1784932.3368,286959.44,7740.01
3044.0,-6171488.5197,-1769794.6775,-1789996.2072,286960.91,7740.00
3045.0,-6168562.6331,-1774866.9968,-1795057.6584,286962.39,7739.99
3046.0,-6165628.4344,-1779936.9245,-1800116.6836,286963.86,7739.99
3047.0,-6162685.9276,-1785004.4537,-1805173.2758,286965.35,7739.98
3048.0,-6159735.1166,-1790069.5777,-1810227.4284,286966.84,7739.97
3049.0,-6156776.0054,-1795132.2895,-1815279.1345,286968.33,7739.97
3050.0,-6153808.5981,-1800192.5824,-1820328.3872,286969.83,7739.96
3051.0,-6150832.8987,-1805250.4496,-1825375.1798,286971.33,7739.95
3052.0,-6147848.9113,-1810305.8842,-1830419.5054,286972.84,7739.95
3053.0,-6144856.6398,-1815358.8795,-1835461.3573,286974.36,7739.94
3054.0,-6141856.0884,-1820409.4287,-1840500.7285,286975.87,7739.93
3055.0,-6138847.2611,-1825457.5249,-1845537.6124,286977.40,7739.93
3056.0,-6135830.1620,-1830503.1614,-1850572.0021,286978.93,7739.92
3057.0,-6132804.7952,-1835546.3314,-1855603.8909,286980.46,7739.91
3058.0,-6129771.1649,-1840587.0280,-1860633.2719,286982.00,7739.91
3059.0,-6126729.2750,-1845625.2446,-1865660.1383,286983.55,7739.90
3060.0,-6123679.1299,-1850660.9744,-1870684.4835,286985.10,7739.89
3061.0,-6120620.7335,-1855694.2104,-1875706.3005,286986.65,7739.89
3062.0,-6117554.0902,-1860724.9461,-1880725.5826,286988.21,7739.88
3063.0,-6114479.2039,-1865753.1746,-1885742.3230,286989.78,7739.87
3064.0,-6111396.0789,-1870778.8891,-1890756.5151,286991.35,7739.87
3065.0,-6108304.7195,-1875802.0830,-1895768.1519,286992.92,7739.86
3066.0,-6105205.1297,-1880822.7493,-1900777.2268,286994.50,7739.85
3067.0,-6102097.3138,-1885840.8815,-1905783.7329,286996.09,7739.85
3068.0,-6098981.2760,-1890856.4727,-1910787.6636,286997.68,7739.84
3069.0,-6095857.0205,-1895869.5161,-1915789.0120,286999.28,7739.83
3070.0,-6092724.5517,-1900880.0051,-1920787.7715,287000.88,7739.83
3071.0,-6089583.8736,-1905887.9329,-1925783.9352,287002.48,7739.82
3072.0,-6086434.9907,-1910893.2927,-1930777.4965,287004.09,7739.81
3073.0,-6083277.9072,-1915896.0778,-1935768.4486,287005.71,7739.81
3074.0,-6080112.6273,-1920896.2816,-1940756.7848,287007.33,7739.80
3075.0,-6076939.1553,-1925893.8972,-1945742.4982,287008.96,7739.79
3076.0,-6073757.4957,-1930888.9179,-1950725.5823,287010.59,7739.78
3077.0,-6070567.6526,-1935881.3371,-1955706.0303,287012.23,7739.78
3078.0,-6067369.6304,-1940871.1480,-1960683.8355,287013.87,7739.77
3079.0,-6064163.4335,-1945858.3438,-1965658.9910,287015.52,7739.76
3080.0,-6060949.0662,-1950842.9180,-1970631.4904,287017.17,7739.76
3081.0,-6057726.5329,-1955824.8637,-1975601.3267,287018.83,7739.75
3082.0,-6054495.8380,-1960804.1743,-1980568.4934,287020.49,7739.74
3083.0,-6051256.9857,-1965780.8431,-1985532.9837,287022.16,7739.74
3084.0,-6048009.9806,-1970754.8634,-1990494.7909,287023.84,7739.73
3085.0,-6044754.8271,-1975726.2284,-1995453.9084,287025.51,7739.72
3086.0,-6041491.5295,-1980694.9316,-2000410.3293,287027.20,7739.71
3087.0,-6038220.0923,-1985660.9662,-2005364.0472,287028.89,7739.71
3088.0,-6034940.5199,-1990624.3255,-2010315.0552,287030.58,7739.70
3089.0,-6031652.8168,-1995585.0029,-2015263.3467,287032.28,7739.69
3090.0,-6028356.9874,-2000542.9917,-2020208.9150,287033.99,7739.69
3091.0,-6025053.0363,-2005498.2853,-2025151.7534,287035.70,7739.68
3092.0,-6021740.9678,-2010450.8769,-2030091.8554,287037.41,7739.67
3093.0,-6018420.7866,-2015400.7598,-2035029.2141,287039.13,7739.66
3094.0,-6015092.4970,-2020347.9276,-2039963.8230,287040.86,7739.66
3095.0,-6011756.1037,-2025292.3734,-2044895.6754,287042.59,7739.65
3096.0,-6008411.6112,-2030234.0906,-2049824.7646,287044.33,7739.64
3097.0,-6005059.0239,-2035173.0727,-2054751.0840,287046.07,7739.64
3098.0,-6001698.3464,-2040109.3129,-2059674.6270,287047.82,7739.63
3099.0,-5998329.5834,-2045042.8046,-2064595.3869,287049.57,7739.62
3100.0,-5994952.7393,-2049973.5412,-2069513.3570,287051.32,7739.61
3101.0,-5991567.8188,-2054901.5160,-2074428.5308,287053.09,7739.61
3102.0,-5988174.8265,-2059826.7225,-2079340.9015,287054.86,7739.60
3103.0,-5984773.7669,-2064749.1539,-2084250.4627,287056.63,7739.59
3104.0,-5981364.6447,-2069668.8037,-2089157.2076,287058.41,7739.58
3105.0,-5977947.4644,-2074585.6653,-2094061.1297,287060.19,7739.58
3106.0,-5974522.2308,-2079499.7320,-2098962.2223,287061.98,7739.57
3107.0,-5971088.9485,-2084410.9973,-2103860.4788,287063.77,7739.56
3108.0,-5967647.6222,-2089319.4545,-2108755.8926,287065.57,7739.55
3109.0,-5964198.2564,-2094225.0970,-2113648.4571,287067.38,7739.55
3110.0,-5960740.8560,-2099127.9183,-2118538.1657,287069.19,7739.54
3111.0,-5957275.4255,-2104027.9117,-2123425.0118,287071.00,7739.53
3112.0,-5953801.9698,-2108925.0707,-2128308.9889,287072.82,7739.52
3113.0,-5950320.4934,-2113819.3886,-2133190.0903,287074.65,7739.52
3114.0,-5946831.0012,-2118710.8589,-2138068.3094,287076.48,7739.51
3115.0,-5943333.4978,-2123599.4751,-2142943.6398,287078.32,7739.50
3116.0,-5939827.9880,-2128485.2304,-2147816.0747,287080.16,7739.49
3117.0,-5936314.4766,-2133368.1185,-2152685.6076,287082.01,7739.49
3118.0,-5932792.9684,-2138248.1326,-2157552.2320,287083.86,7739.48
3119.0,-5929263.4680,-2143125.2663,-2162415.9414,287085.72,7739.47
3120.0,-5925725.9804,-2147999.5130,-2167276.7290,287087.58,7739.46
3121.0,-5922180.5103,-2152870.8661,-2172134.5884,287089.45,7739.46
3122.0,-5918627.0624,-2157739.3191,-2176989.5131,287091.32,7739.45
3123.0,-5915065.6418,-2162604.8654,-2181841.4965,287093.20,7739.44
3124.0,-5911496.2530,-2167467.4985,-2186690.5320,287095.09,7739.43
3125.0,-5907918.9011,-2172327.2119,-2191536.6131,287096.98,7739.43
3126.0,-5904333.5909,-2177183.9990,-2196379.7333,287098.87,7739.42
3127.0,-5900740.3272,-2182037.8533,-2201219.8861,287100.77,7739.41
3128.0,-5897139.1149,-2186888.7683,-2206057.0648,287102.68,7739.40
3129.0,-5893529.9589,-2191736.7374,-2210891.2631,287104.59,7739.39
3130.0,-5889912.8641,-2196581.7541,-2215722.4743,287106.51,7739.39
3131.0,-5886287.8354,-2201423.8120,-2220550.6920,287108.43,7739.38
3132.0,-5882654.8776,-2206262.9045,-2225375.9096,287110.36,7739.37
3133.0,-5879013.9959,-2211099.0250,-2230198.1207,287112.29,7739.36
3134.0,-5875365.1950,-2215932.1672,-2235017.3188,287114.23,7739.36
3135.0,-5871708.4800,-2220762.3245,-2239833.4972,287116.17,7739.35
3136.0,-5868043.8557,-2225589.4904,-2244646.6497,287118.12,7739.34
3137.0,-5864371.3272,-2230413.6584,-2249456.7696,287120.08,7739.33
3138.0,-5860690.8995,-2235234.8220,-2254263.8505,287122.04,7739.32
3139.0,-5857002.5775,-2240052.9748,-2259067.8859,287124.00,7739.32
3140.0,-5853306.3663,-2244868.1103,-2263868.8693,287125.97,7739.31
3141.0,-5849602.2708,-2249680.2220,-2268666.7943,287127.95,7739.30
3142.0,-5845890.2961,-2254489.3035,-2273461.6543,287129.93,7739.29
3143.0,-5842170.4472,-2259295.3482,-2278253.4430,287131.92,7739.28
3144.0,-5838442.7292,-2264098.3497,-2283042.1538,287133.91,7739.28
3145.0,-5834707.1471,-2268898.3016,-2287827.7804,287135.91,7739.27
3146.0,-5830963.7060,-2273695.1974,-2292610.3162,287137.91,7739.26
3147.0,-5827212.4110,-2278489.0307,-2297389.7548,287139.92,7739.25
3148.0,-5823453.2671,-2283279.7950,-2302166.0897,287141.94,7739.24
3149.0,-5819686.2795,-2288067.4839,-2306939.3146,287143.95,7739.24
3150.0,-5815911.4533,-2292852.0909,-2311709.4230,287145.98,7739.23
3151.0,-5812128.7936,-2297633.6097,-2316476.4085,287148.01,7739.22
3152.0,-5808338.3054,-2302412.0337,-2321240.2646,287150.05,7739.21
3153.0,-5804539.9941,-2307187.3566,-2326000.9849,287152.09,7739.20
3154.0,-5800733.8646,-2311959.5719,-2330758.5630,287154.13,7739.20
3155.0,-5796919.9222,-2316728.6733,-2335512.9925,287156.19,7739.19
3156.0,-5793098.1721,-2321494.6544,-2340264.2669,287158.24,7739.18
3157.0,-5789268.6194,-2326257.5086,-2345012.3800,287160.31,7739.17
3158.0,-5785431.2693,-2331017.2297,-2349757.3252,287162.38,7739.16
3159.0,-5781586.1271,-2335773.8112,-2354499.0962,287164.45,7739.16
3160.0,-5777733.1979,-2340527.2467,-2359237.6866,287166.53,7739.15
3161.0,-5773872.4870,-2345277.5299,-2363973.0900,287168.62,7739.14
3162.0,-5770003.9995,-2350024.6543,-2368705.3001,287170.71,7739.13
3163.0,-5766127.7409,-2354768.6137,-2373434.3103,287172.80,7739.12
3164.0,-5762243.7162,-2359509.4015,-2378160.1145,287174.91,7739.11
3165.0,-5758351.9309,-2364247.0115,-2382882.7061,287177.01,7739.11
3166.0,-5754452.3901,-2368981.4373,-2387602.0789,287179.13,7739.10
3167.0,-5750545.0991,-2373712.6725,-2392318.2265,287181.24,7739.09
3168.0,-5746630.0633,-2378440.7107,-2397031.1424,287183.37,7739.08
3169.0,-5742707.2879,-2383165.5457,-2401740.8205,287185.50,7739.07
3170.0,-5738776.7783,-2387887.1710,-2406447.2543,287187.63,7739.06
3171.0,-5734838.5398,-2392605.5803,-2411150.4375,287189.77,7739.06
3172.0,-5730892.5778,-2397320.7673,-2415850.3637,287191.92,7739.05
3173.0,-5726938.8976,-2402032.7257,-2420547.0266,287194.07,7739.04
3174.0,-5722977.5045,-2406741.4490,-2425240.4199,287196.23,7739.03
3175.0,-5719008.4039,-2411446.9311,-2429930.5373,287198.39,7739.02
3176.0,-5715031.6013,-2416149.1654,-2434617.3724,287200.56,7739.01
3177.0,-5711047.1020,-2420848.1459,-2439300.9189,287202.73,7739.01
3178.0,-5707054.9113,-2425543.8661,-2443981.1706,287204.91,7739.00
3179.0,-5703055.0348,-2430236.3196,-2448658.1211,287207.09,7738.99
3180.0,-5699047.4779,-2434925.5004,-2453331.7640,287209.28,7738.98
3181.0,-5695032.2459,-2439611.4019,-2458002.0932,287211.48,7738.97
3182.0,-5691009.3443,-2444294.0180,-2462669.1023,287213.68,7738.96
3183.0,-5686978.7786,-2448973.3423,-2467332.7851,287215.89,7738.95
3184.0,-5682940.5543,-2453649.3685,-2471993.1351,287218.10,7738.95
3185.0,-5678894.6768,-2458322.0904,-2476650.1463,287220.32,7738.94
3186.0,-5674841.1516,-2462991.5017,-2481303.8122,287222.54,7738.93
3187.0,-5670779.9842,-2467657.5962,-2485954.1267,287224.77,7738.92
3188.0,-5666711.1801,-2472320.3674,-2490601.0835,287227.01,7738.91
3189.0,-5662634.7448,-2476979.8093,-2495244.6762,287229.25,7738.90
3190.0,-5658550.6839,-2481635.9155,-2499884.8987,287231.49,7738.89
3191.0,-5654459.0028,-2486288.6798,-2504521.7447,287233.75,7738.89
3192.0,-5650359.7072,-2490938.0959,-2509155.2079,287236.00,7738.88
3193.0,-5646252.8026,-2495584.1576,-2513785.2821,287238.27,7738.87
3194.0,-5642138.2946,-2500226.8586,-2518411.9611,287240.54,7738.86
3195.0,-5638016.1886,-2504866.1927,-2523035.2386,287242.81,7738.85
3196.0,-5633886.4904,-2509502.1538,-2527655.1085,287245.09,7738.84
3197.0,-5629749.2056,-2514134.7354,-2532271.5644,287247.37,7738.83
3198.0,-5625604.3397,-2518763.9315,-2536884.6002,287249.67,7738.82
3199.0,-5621451.8983,-2523389.7358,-2541494.2097,287251.96,7738.82
3200.0,-5617291.8871,-2528012.1421,-2546100.3866,287254.26,7738.81
3201.0,-5613124.3117,-2532631.1442,-2550703.1248,287256.57,7738.80
3202.0,-5608949.1778,-2537246.7359,-2555302.4179,287258.89,7738.79
3203.0,-5604766.4911,-2541858.9110,-2559898.2600,287261.21,7738.78
3204.0,-5600576.2571,-2546467.6633,-2564490.6447,287263.53,7738.77
3205.0,-5596378.4816,-2551072.9866,-2569079.5659,287265.86,7738.76
3206.0,-5592173.1703,-2555674.8747,-2573665.0173,287268.20,7738.75
3207.0,-5587960.3288,-2560273.3214,-2578246.9929,287270.54,7738.75
3208.0,-5583739.9630,-2564868.3207,-2582825.4864,287272.89,7738.74
3209.0,-5579512.0784,-2569459.8662,-2587400.4917,287275.24,7738.73
3210.0,-5575276.6809,-2574047.9518,-2591972.0027,287277.60,7738.72
3211.0,-5571033.7761,-2578632.5715,-2596540.0131,287279.96,7738.71
3212.0,-5566783.3699,-2583213.7189,-2601104.5168,287282.34,7738.70
3213.0,-5562525.4680,-2587791.3880,-2605665.5076,287284.71,7738.69
3214.0,-5558260.0761,-2592365.5727,-2610222.9795,287287.09,7738.68
3215.0,-5553987.2000,-2596936.2667,-2614776.9263,287289.48,7738.67
3216.0,-5549706.8456,-2601503.4640,-2619327.3418,287291.87,7738.67
3217.0,-5545419.0186,-2606067.1583,-2623874.2200,287294.27,7738.66
3218.0,-5541123.7249,-2610627.3437,-2628417.5546,287296.68,7738.65
3219.0,-5536820.9702,-2615184.0139,-2632957.3397,287299.09,7738.64
3220.0,-5532510.7604,-2619737.1628,-2637493.5690,287301.50,7738.63
3221.0,-5528193.1014,-2624286.7844,-2642026.2365,287303.93,7738.62
3222.0,-5523867.9989,-2628832.8725,-2646555.3360,287306.35,7738.61
3223.0,-5519535.4589,-2633375.4211,-2651080.8615,287308.79,7738.60
3224.0,-5515195.4872,-2637914.4239,-2655602.8069,287311.22,7738.59
3225.0,-5510848.0897,-2642449.8750,-2660121.1661,287313.67,7738.58
3226.0,-5506493.2723,-2646981.7682,-2664635.9329,287316.12,7738.58
3227.0,-5502131.0409,-2651510.0975,-2669147.1014,287318.58,7738.57
3228.0,-5497761.4014,-2656034.8568,-2673654.6654,287321.04,7738.56
3229.0,-5493384.3598,-2660556.0399,-2678158.6189,287323.51,7738.55
3230.0,-5488999.9218,-2665073.6409,-2682658.9559,287325.98,7738.54
3231.0,-5484608.0936,-2669587.6537,-2687155.6701,287328.46,7738.53
3232.0,-5480208.8811,-2674098.0722,-2691648.7557,287330.94,7738.52
3233.0,-5475802.2901,-2678604.8903,-2696138.2065,287333.43,7738.51
3234.0,-5471388.3268,-2683108.1020,-2700624.0166,287335.93,7738.50
3235.0,-5466966.9970,-2687607.7014,-2705106.1798,287338.43,7738.49
3236.0,-5462538.3067,-2692103.6822,-2709584.6901,287340.94,7738.48
3237.0,-5458102.2621,-2696596.0385,-2714059.5416,287343.45,7738.47
3238.0,-5453658.8689,-2701084.7643,-2718530.7281,287345.97,7738.47
3239.0,-5449208.1334,-2705569.8535,-2722998.2438,287348.50,7738.46
3240.0,-5444750.0615,-2710051.3002,-2727462.0824,287351.03,7738.45
3241.0,-5440284.6592,-2714529.0982,-2731922.2381,287353.57,7738.44
3242.0,-5435811.9327,-2719003.2416,-2736378.7049,287356.11,7738.43
3243.0,-5431331.8879,-2723473.7245,-2740831.4767,287358.66,7738.42
3244.0,-5426844.5310,-2727940.5407,-2745280.5475,287361.21,7738.41
3245.0,-5422349.8679,-2732403.6843,-2749725.9114,287363.77,7738.40
3246.0,-5417847.9049,-2736863.1493,-2754167.5624,287366.34,7738.39
3247.0,-5413338.6480,-2741318.9298,-2758605.4945,287368.91,7738.38
3248.0,-5408822.1033,-2745771.0196,-2763039.7017,287371.49,7738.37
3249.0,-5404298.2769,-2750219.4130,-2767470.1781,287374.07,7738.36
3250.0,-5399767.1750,-2754664.1038,-2771896.9177,287376.66,7738.35
3251.0,-5395228.8037,-2759105.0862,-2776319.9145,287379.26,7738.34
3252.0,-5390683.1692,-2763542.3542,-2780739.1626,287381.86,7738.33
3253.0,-5386130.2775,-2767975.9018,-2785154.6560,287384.47,7738.33
3254.0,-5381570.1349,-2772405.7230,-2789566.3889,287387.08,7738.32
3255.0,-5377002.7476,-2776831.8120,-2793974.3552,287389.70,7738.31
3256.0,-5372428.1217,-2781254.1628,-2798378.5490,287392.32,7738.30
3257.0,-5367846.2635,-2785672.7694,-2802778.9644,287394.95,7738.29
3258.0,-5363257.1791,-2790087.6259,-2807175.5956,287397.59,7738.28
3259.0,-5358660.8747,-2794498.7265,-2811568.4364,287400.23,7738.27
3260.0,-5354057.3566,-2798906.0652,-2815957.4812,287402.88,7738.26
3261.0,-5349446.6311,-2803309.6360,-2820342.7238,287405.53,7738.25
3262.0,-5344828.7043,-2807709.4331,-2824724.1586,287408.19,7738.24
3263.0,-5340203.5825,-2812105.4505,-2829101.7795,287410.86,7738.23
3264.0,-5335571.2720,-2816497.6824,-2833475.5806,287413.53,7738.22
3265.0,-5330931.7791,-2820886.1229,-2837845.5561,287416.21,7738.21
3266.0,-5326285.1100,-2825270.7661,-2842211.7001,287418.89,7738.20
3267.0,-5321631.2711,-2829651.6061,-2846574.0068,287421.58,7738.19
3268.0,-5316970.2685,-2834028.6370,-2850932.4702,287424.27,7738.18
3269.0,-5312302.1088,-2838401.8529,-2855287.0845,287426.98,7738.17
3270.0,-5307626.7981,-2842771.2481,-2859637.8438,287429.68,7738.16
3271.0,-5302944.3428,-2847136.8166,-2863984.7423,287432.39,7738.15
3272.0,-5298254.7493,-2851498.5525,-2868327.7741,287435.11,7738.14
3273.0,-5293558.0238,-2855856.4501,-2872666.9334,287437.84,7738.14
3274.0,-5288854.1728,-2860210.5035,-2877002.2144,287440.57,7738.13
3275.0,-5284143.2027,-2864560.7068,-2881333.6112,287443.31,7738.12
3276.0,-5279425.1197,-2868907.0541,-2885661.1179,287446.05,7738.11
3277.0,-5274699.9304,-2873249.5398,-2889984.7289,287448.80,7738.10
3278.0,-5269967.6410,-2877588.1579,-2894304.4382,287451.55,7738.09
3279.0,-5265228.2581,-2881922.9027,-2898620.2400,287454.31,7738.08
3280.0,-5260481.7880,-2886253.7682,-2902932.1286,287457.08,7738.07
3281.0,-5255728.2371,-2890580.7488,-2907240.0981,287459.85,7738.06
3282.0,-5250967.6119,-2894903.8386,-2911544.1428,287462.63,7738.05
3283.0,-5246199.9188,-2899223.0317,-2915844.2568,287465.41,7738.04
3284.0,-5241425.1644,-2903538.3225,-2920140.4344,287468.20,7738.03
3285.0,-5236643.3550,-2907849.7051,-2924432.6698,287471.00,7738.02
3286.0,-5231854.4971,-2912157.1738,-2928720.9572,287473.80,7738.01
3287.0,-5227058.5972,-2916460.7227,-2933005.2908,287476.61,7738.00
3288.0,-5222255.6618,-2920760.3461,-2937285.6650,287479.42,7737.99
3289.0,-5217445.6975,-2925056.0383,-2941562.0738,287482.24,7737.98
3290.0,-5212628.7107,-2929347.7934,-2945834.5117,287485.07,7737.97
3291.0,-5207804.7079,-2933635.6058,-2950102.9728,287487.90,7737.96
3292.0,-5202973.6957,-2937919.4696,-2954367.4514,287490.74,7737.95
3293.0,-5198135.6806,-2942199.3791,-2958627.9417,287493.58,7737.94
3294.0,-5193290.6692,-2946475.3286,-2962884.4381,287496.43,7737.93
3295.0,-5188438.6680,-2950747.3124,-2967136.9348,287499.29,7737.92
3296.0,-5183579.6835,-2955015.3247,-2971385.4261,287502.15,7737.91
3297.0,-5178713.7225,-2959279.3597,-2975629.9062,287505.02,7737.90
3298.0,-5173840.7914,-2963539.4119,-2979870.3695,287507.89,7737.89
3299.0,-5168960.8969,-2967795.4755,-2984106.8103,287510.77,7737.88
3300.0,-5164074.0456,-2972047.5447,-2988339.2228,287513.66,7737.87
3301.0,-5159180.2440,-2976295.6138,-2992567.6015,287516.55,7737.86
3302.0,-5154279.4989,-2980539.6773,-2996791.9405,287519.45,7737.85
3303.0,-5149371.8167,-2984779.7293,-3001012.2342,287522.35,7737.84
3304.0,-5144457.2043,-2989015.7642,-3005228.4770,287525.26,7737.83
3305.0,-5139535.6682,-2993247.7764,-3009440.6631,287528.18,7737.82
3306.0,-5134607.2151,-2997475.7600,-3013648.7869,287531.10,7737.81
3307.0,-5129671.8517,-3001699.7096,-3017852.8428,287534.03,7737.80
3308.0,-5124729.5846,-3005919.6193,-3022052.8251,287536.96,7737.79
3309.0,-5119780.4205,-3010135.4837,-3026248.7282,287539.90,7737.78
3310.0,-5114824.3662,-3014347.2969,-3030440.5463,287542.85,7737.77
3311.0,-5109861.4283,-3018555.0534,-3034628.2739,287545.80,7737.76
3312.0,-5104891.6136,-3022758.7475,-3038811.9054,287548.76,7737.75
3313.0,-5099914.9288,-3026958.3736,-3042991.4350,287551.72,7737.74
3314.0,-5094931.3806,-3031153.9260,-3047166.8573,287554.69,7737.73
3315.0,-5089940.9758,-3035345.3992,-3051338.1666,287557.67,7737.72
3316.0,-5084943.7212,-3039532.7875,-3055505.3572,287560.65,7737.71
3317.0,-5079939.6234,-3043716.0853,-3059668.4236,287563.64,7737.70
3318.0,-5074928.6892,-3047895.2870,-3063827.3602,287566.64,7737.69
3319.0,-5069910.9255,-3052070.3870,-3067982.1614,287569.64,7737.68
3320.0,-5064886.3391,-3056241.3797,-3072132.8216,287572.65,7737.67
3321.0,-5059854.9367,-3060408.2594,-3076279.3353,287575.66,7737.66
3322.0,-5054816.7251,-3064571.0208,-3080421.6967,287578.68,7737.65
3323.0,-5049771.7112,-3068729.6580,-3084559.9005,287581.70,7737.64
3324.0,-5044719.9018,-3072884.1657,-3088693.9410,287584.73,7737.63
3325.0,-5039661.3037,-3077034.5381,-3092823.8127,287587.77,7737.62
3326.0,-5034595.9237,-3081180.7698,-3096949.5100,287590.82,7737.61
3327.0,-5029523.7688,-3085322.8551,-3101071.0273,287593.87,7737.60
3328.0,-5024444.8458,-3089460.7887,-3105188.3592,287596.92,7737.59
3329.0,-5019359.1616,-3093594.5647,-3109301.5001,287599.98,7737.58
3330.0,-5014266.7230,-3097724.1779,-3113410.4444,287603.05,7737.57
3331.0,-5009167.5369,-3101849.6226,-3117515.1868,287606.13,7737.56
3332.0,-5004061.6103,-3105970.8932,-3121615.7215,287609.21,7737.55
3333.0,-4998948.9500,-3110087.9844,-3125712.0432,287612.29,7737.54
3334.0,-4993829.5630,-3114200.8904,-3129804.1463,287615.39,7737.53
3335.0,-4988703.4562,-3118309.6060,-3133892.0253,287618.49,7737.52
3336.0,-4983570.6365,-3122414.1254,-3137975.6747,287621.59,7737.51
3337.0,-4978431.1109,-3126514.4433,-3142055.0891,287624.70,7737.50
3338.0,-4973284.8863,-3130610.5542,-3146130.2629,287627.82,7737.49
3339.0,-4968131.9697,-3134702.4525,-3150201.1907,287630.94,7737.48
3340.0,-4962972.3680,-3138790.1327,-3154267.8671,287634.07,7737.47
3341.0,-4957806.0883,-3142873.5895,-3158330.2864,287637.21,7737.46
3342.0,-4952633.1375,-3146952.8173,-3162388.4434,287640.35,7737.45
3343.0,-4947453.5227,-3151027.8107,-3166442.3325,287643.50,7737.44
3344.0,-4942267.2507,-3155098.5641,-3170491.9483,287646.65,7737.43
3345.0,-4937074.3288,-3159165.0723,-3174537.2854,287649.81,7737.42
3346.0,-4931874.7638,-3163227.3296,-3178578.3382,287652.98,7737.41
3347.0,-4926668.5628,-3167285.3307,-3182615.1015,287656.15,7737.40
3348.0,-4921455.7329,-3171339.0701,-3186647.5697,287659.33,7737.38
3349.0,-4916236.2811,-3175388.5424,-3190675.7374,287662.52,7737.37
3350.0,-4911010.2144,-3179433.7422,-3194699.5993,287665.71,7737.36
3351.0,-4905777.5400,-3183474.6640,-3198719.1500,287668.91,7737.35
3352.0,-4900538.2649,-3187511.3025,-3202734.3839,287672.11,7737.34
3353.0,-4895292.3962,-3191543.6522,-3206745.2958,287675.32,7737.33
3354.0,-4890039.9410,-3195571.7077,-3210751.8802,287678.54,7737.32
3355.0,-4884780.9065,-3199595.4637,-3214754.1318,287681.76,7737.31
3356.0,-4879515.2996,-3203614.9147,-3218752.0452,287684.99,7737.30
3357.0,-4874243.1276,-3207630.0554,-3222745.6150,287688.23,7737.29
3358.0,-4868964.3975,-3211640.8804,-3226734.8359,287691.47,7737.28
3359.0,-4863679.1166,-3215647.3843,-3230719.7025,287694.71,7737.27
3360.0,-4858387.2919,-3219649.5618,-3234700.2094,287697.97,7737.26
3361.0,-4853088.9306,-3223647.4074,-3238676.3513,287701.23,7737.25
3362.0,-4847784.0399,-3227640.9159,-3242648.1228,287704.49,7737.24
3363.0,-4842472.6270,-3231630.0819,-3246615.5187,287707.77,7737.23
3364.0,-4837154.6990,-3235614.9000,-3250578.5336,287711.05,7737.22
3365.0,-4831830.2632,-3239595.3650,-3254537.1622,287714.33,7737.21
3366.0,-4826499.3267,-3243571.4714,-3258491.3991,287717.62,7737.20
3367.0,-4821161.8967,-3247543.2140,-3262441.2390,287720.92,7737.19
3368.0,-4815817.9805,-3251510.5874,-3266386.6767,287724.22,7737.18
3369.0,-4810467.5853,-3255473.5864,-3270327.7069,287727.53,7737.17
3370.0,-4805110.7183,-3259432.2056,-3274264.3242,287730.85,7737.16
3371.0,-4799747.3868,-3263386.4397,-3278196.5234,287734.17,7737.14
3372.0,-4794377.5981,-3267336.2834,-3282124.2991,287737.50,7737.13
3373.0,-4789001.3593,-3271281.7315,-3286047.6462,287740.84,7737.12
3374.0,-4783618.6777,-3275222.7786,-3289966.5593,287744.18,7737.11
3375.0,-4778229.5607,-3279159.4195,-3293881.0332,287747.52,7737.10
3376.0,-4772834.0155,-3283091.6489,-3297791.0626,287750.88,7737.09
3377.0,-4767432.0495,-3287019.4616,-3301696.6422,287754.24,7737.08
3378.0,-4762023.6699,-3290942.8522,-3305597.7670,287757.61,7737.07
3379.0,-4756608.8840,-3294861.8156,-3309494.4315,287760.98,7737.06
3380.0,-4751187.6991,-3298776.3465,-3313386.6305,287764.36,7737.05
3381.0,-4745760.1227,-3302686.4396,-3317274.3589,287767.74,7737.04
3382.0,-4740326.1620,-3306592.0898,-3321157.6115,287771.13,7737.03
3383.0,-4734885.8243,-3310493.2917,-3325036.3829,287774.53,7737.02
3384.0,-4729439.1171,-3314390.0402,-3328910.6680,287777.94,7737.01
3385.0,-4723986.0477,-3318282.3300,-3332780.4616,287781.35,7737.00
3386.0,-4718526.6234,-3322170.1560,-3336645.7585,287784.76,7736.99
3387.0,-4713060.8517,-3326053.5129,-3340506.5535,287788.19,7736.98
3388.0,-4707588.7400,-3329932.3956,-3344362.8415,287791.62,7736.96
3389.0,-4702110.2956,-3333806.7987,-3348214.6172,287795.05,7736.95
3390.0,-4696625.5259,-3337676.7173,-3352061.8755,287798.49,7736.94
3391.0,-4691134.4384,-3341542.1460,-3355904.6111,287801.94,7736.93
3392.0,-4685637.0404,-3345403.0798,-3359742.8191,287805.40,7736.92
3393.0,-4680133.3395,-3349259.5134,-3363576.4942,287808.86,7736.91
3394.0,-4674623.3430,-3353111.4416,-3367405.6312,287812.33,7736.90
3395.0,-4669107.0585,-3356958.8594,-3371230.2250,287815.80,7736.89
3396.0,-4663584.4933,-3360801.7616,-3375050.2705,287819.28,7736.88
3397.0,-4658055.6549,-3364640.1430,-3378865.7626,287822.77,7736.87
3398.0,-4652520.5508,-3368473.9984,-3382676.6962,287826.26,7736.86
3399.0,-4646979.1886,-3372303.3229,-3386483.0660,287829.76,7736.85
3400.0,-4641431.5755,-3376128.1112,-3390284.8671,287833.26,7736.84
3401.0,-4635877.7193,-3379948.3582,-3394082.0943,287836.78,7736.83
3402.0,-4630317.6274,-3383764.0588,-3397874.7425,287840.30,7736.81
3403.0,-4624751.3072,-3387575.2079,-3401662.8066,287843.82,7736.80
3404.0,-4619178.7663,-3391381.8005,-3405446.2816,287847.35,7736.79
3405.0,-4613600.0124,-3395183.8313,-3409225.1623,287850.89,7736.78
3406.0,-4608015.0528,-3398981.2954,-3412999.4438,287854.43,7736.77
3407.0,-4602423.8951,-3402774.1876,-3416769.1209,287857.98,7736.76
3408.0,-4596826.5469,-3406562.5029,-3420534.1885,287861.54,7736.75
3409.0,-4591223.0159,-3410346.2362,-3424294.6417,287865.10,7736.74
3410.0,-4585613.3094,-3414125.3824,-3428050.4753,287868.67,7736.73
3411.0,-4579997.4352,-3417899.9365,-3431801.6844,287872.25,7736.72
3412.0,-4574375.4007,-3421669.8935,-3435548.2639,287875.83,7736.71
3413.0,-4568747.2137,-3425435.2482,-3439290.2088,287879.42,7736.70
3414.0,-4563112.8817,-3429195.9957,-3443027.5140,287883.01,7736.68
3415.0,-4557472.4123,-3432952.1309,-3446760.1746,287886.61,7736.67
3416.0,-4551825.8132,-3436703.6488,-3450488.1855,287890.22,7736.66
3417.0,-4546173.0919,-3440450.5444,-3454211.5417,287893.84,7736.65
3418.0,-4540514.2562,-3444192.8127,-3457930.2383,287897.46,7736.64
3419.0,-4534849.3137,-3447930.4486,-3461644.2702,287901.08,7736.63
3420.0,-4529178.2719,-3451663.4472,-3465353.6325,287904.72,7736.62
3421.0,-4523501.1387,-3455391.8034,-3469058.3202,287908.36,7736.61
3422.0,-4517817.9216,-3459115.5123,-3472758.3283,287912.00,7736.60
3423.0,-4512128.6283,-3462834.5690,-3476453.6519,287915.66,7736.59
3424.0,-4506433.2666,-3466548.9683,-3480144.2859,287919.31,7736.58
3425.0,-4500731.8441,-3470258.7054,-3483830.2255,287922.98,7736.57
3426.0,-4495024.3685,-3473963.7753,-3487511.4657,287926.65,7736.55
3427.0,-4489310.8476,-3477664.1731,-3491188.0016,287930.33,7736.54
3428.0,-4483591.2890,-3481359.8937,-3494859.8282,287934.01,7736.53
3429.0,-4477865.7005,-3485050.9323,-3498526.9407,287937.71,7736.52
3430.0,-4472134.0898,-3488737.2840,-3502189.3340,287941.40,7736.51
3431.0,-4466396.4647,-3492418.9436,-3505847.0033,287945.11,7736.50
3432.0,-4460652.8329,-3496095.9065,-3509499.9437,287948.82,7736.49
3433.0,-4454903.2022,-3499768.1676,-3513148.1502,287952.54,7736.48
3434.0,-4449147.5803,-3503435.7221,-3516791.6181,287956.26,7736.47
3435.0,-4443385.9751,-3507098.5649,-3520430.3423,287959.99,7736.46
3436.0,-4437618.3943,-3510756.6913,-3524064.3181,287963.73,7736.44
3437.0,-4431844.8456,-3514410.0964,-3527693.5405,287967.47,7736.43
3438.0,-4426065.3370,-3518058.7752,-3531318.0047,287971.22,7736.42
3439.0,-4420279.8761,-3521702.7228,-3534937.7058,287974.97,7736.41
3440.0,-4414488.4709,-3525341.9345,-3538552.6389,287978.74,7736.40
3441.0,-4408691.1292,-3528976.4053,-3542162.7993,287982.50,7736.39
3442.0,-4402887.8587,-3532606.1304,-3545768.1820,287986.28,7736.38
3443.0,-4397078.6673,-3536231.1049,-3549368.7823,287990.06,7736.37
3444.0,-4391263.5629,-3539851.3241,-3552964.5953,287993.85,7736.36
3445.0,-4385442.5533,-3543466.7829,-3556555.6162,287997.64,7736.35
3446.0,-4379615.6464,-3547077.4767,-3560141.8402,288001.44,7736.33
3447.0,-4373782.8501,-3550683.4005,-3563723.2625,288005.25,7736.32
3448.0,-4367944.1722,-3554284.5496,-3567299.8782,288009.07,7736.31
3449.0,-4362099.6206,-3557880.9191,-3570871.6825,288012.89,7736.30
3450.0,-4356249.2032,-3561472.5043,-3574438.6708,288016.71,7736.29
3451.0,-4350392.9279,-3565059.3003,-3578000.8382,288020.55,7736.28
3452.0,-4344530.8027,-3568641.3024,-3581558.1799,288024.39,7736.27
3453.0,-4338662.8354,-3572218.5057,-3585110.6911,288028.23,7736.26
3454.0,-4332789.0340,-3575790.9055,-3588658.3672,288032.09,7736.25
3455.0,-4326909.4064,-3579358.4970,-3592201.2032,288035.95,7736.24
3456.0,-4321023.9605,-3582921.2754,-3595739.1946,288039.81,7736.22
3457.0,-4315132.7043,-3586479.2360,-3599272.3365,288043.68,7736.21
3458.0,-4309235.6458,-3590032.3740,-3602800.6243,288047.56,7736.20
3459.0,-4303332.7928,-3593580.6846,-3606324.0531,288051.45,7736.19
3460.0,-4297424.1535,-3597124.1632,-3609842.6183,288055.34,7736.18
3461.0,-4291509.7357,-3600662.8050,-3613356.3151,288059.24,7736.17
3462.0,-4285589.5475,-3604196.6052,-3616865.1388,288063.14,7736.16
3463.0,-4279663.5969,-3607725.5592,-3620369.0848,288067.06,7736.15
3464.0,-4273731.8917,-3611249.6622,-3623868.1483,288070.97,7736.14
3465.0,-4267794.4402,-3614768.9095,-3627362.3247,288074.90,7736.12
3466.0,-4261851.2502,-3618283.2964,-3630851.6092,288078.83,7736.11
3467.0,-4255902.3298,-3621792.8182,-3634335.9972,288082.77,7736.10
3468.0,-4249947.6871,-3625297.4702,-3637815.4840,288086.71,7736.09
3469.0,-4243987.3300,-3628797.2478,-3641290.0650,288090.66,7736.08
3470.0,-4238021.2667,-3632292.1462,-3644759.7354,288094.62,7736.07
3471.0,-4232049.5052,-3635782.1608,-3648224.4908,288098.58,7736.06
3472.0,-4226072.0535,-3639267.2870,-3651684.3263,288102.56,7736.05
3473.0,-4220088.9197,-3642747.5200,-3655139.2374,288106.53,7736.04
3474.0,-4214100.1119,-3646222.8552,-3658589.2194,288110.52,7736.02
3475.0,-4208105.6382,-3649693.2881,-3662034.2677,288114.51,7736.01
3476.0,-4202105.5066,-3653158.8138,-3665474.3778,288118.50,7736.00
3477.0,-4196099.7254,-3656619.4279,-3668909.5449,288122.51,7735.99
3478.0,-4190088.3025,-3660075.1257,-3672339.7646,288126.52,7735.98
3479.0,-4184071.2462,-3663525.9025,-3675765.0321,288130.53,7735.97
3480.0,-4178048.5644,-3666971.7538,-3679185.3429,288134.55,7735.96
3481.0,-4172020.2654,-3670412.6750,-3682600.6924,288138.58,7735.95
3482.0,-4165986.3573,-3673848.6614,-3686011.0761,288142.62,7735.93
3483.0,-4159946.8483,-3677279.7085,-3689416.4894,288146.66,7735.92
3484.0,-4153901.7464,-3680705.8117,-3692816.9277,288150.71,7735.91
3485.0,-4147851.0600,-3684126.9664,-3696212.3864,288154.77,7735.90
3486.0,-4141794.7970,-3687543.1681,-3699602.8610,288158.83,7735.89
3487.0,-4135732.9657,-3690954.4121,-3702988.3471,288162.90,7735.88
3488.0,-4129665.5743,-3694360.6940,-3706368.8399,288166.97,7735.87
3489.0,-4123592.6310,-3697762.0091,-3709744.3350,288171.06,7735.86
3490.0,-4117514.1440,-3701158.3530,-3713114.8280,288175.14,7735.85
3491.0,-4111430.1214,-3704549.7210,-3716480.3142,288179.24,7735.83
3492.0,-4105340.5715,-3707936.1088,-3719840.7892,288183.34,7735.82
3493.0,-4099245.5026,-3711317.5117,-3723196.2484,288187.45,7735.81
3494.0,-4093144.9227,-3714693.9252,-3726546.6874,288191.56,7735.80
3495.0,-4087038.8403,-3718065.3448,-3729892.1016,288195.69,7735.79
3496.0,-4080927.2634,-3721431.7660,-3733232.4867,288199.81,7735.78
3497.0,-4074810.2005,-3724793.1844,-3736567.8381,288203.95,7735.77
3498.0,-4068687.6596,-3728149.5954,-3739898.1514,288208.09,7735.76
3499.0,-4062559.6491,-3731500.9946,-3743223.4220,288212.24,7735.74
3500.0,-4056426.1773,-3734847.3774,-3746543.6456,288216.39,7735.73
3501.0,-4050287.2524,-3738188.7394,-3749858.8177,288220.55,7735.72
3502.0,-4044142.8827,-3741525.0762,-3753168.9338,288224.72,7735.71
3503.0,-4037993.0766,-3744856.3833,-3756473.9896,288228.90,7735.70
3504.0,-4031837.8422,-3748182.6562,-3759773.9806,288233.08,7735.69
3505.0,-4025677.1880,-3751503.8905,-3763068.9024,288237.26,7735.68
3506.0,-4019511.1222,-3754820.0818,-3766358.7505,288241.46,7735.66
3507.0,-4013339.6531,-3758131.2257,-3769643.5206,288245.66,7735.65
3508.0,-4007162.7891,-3761437.3176,-3772923.2082,288249.87,7735.64
3509.0,-4000980.5386,-3764738.3533,-3776197.8091,288254.08,7735.63
3510.0,-3994792.9098,-3768034.3282,-3779467.3187,288258.30,7735.62
3511.0,-3988599.9111,-3771325.2381,-3782731.7327,288262.53,7735.61
3512.0,-3982401.5509,-3774611.0785,-3785991.0468,288266.76,7735.60
3513.0,-3976197.8375,-3777891.8450,-3789245.2566,288271.00,7735.59
3514.0,-3969988.7793,-3781167.5332,-3792494.3577,288275.25,7735.57
3515.0,-3963774.3847,-3784438.1388,-3795738.3457,288279.50,7735.56
3516.0,-3957554.6620,-3787703.6574,-3798977.2164,288283.76,7735.55
3517.0,-3951329.6198,-3790964.0847,-3802210.9654,288288.03,7735.54
3518.0,-3945099.2662,-3794219.4162,-3805439.5884,288292.30,7735.53
3519.0,-3938863.6099,-3797469.6477,-3808663.0810,288296.58,7735.52
3520.0,-3932622.6591,-3800714.7748,-3811881.4389,288300.87,7735.51
3521.0,-3926376.4223,-3803954.7932,-3815094.6578,288305.16,7735.50
3522.0,-3920124.9080,-3807189.6986,-3818302.7335,288309.46,7735.48
3523.0,-3913868.1245,-3810419.4865,-3821505.6616,288313.77,7735.47
3524.0,-3907606.0803,-3813644.1528,-3824703.4378,288318.08,7735.46
3525.0,-3901338.7839,-3816863.6932,-3827896.0579,288322.40,7735.45
3526.0,-3895066.2436,-3820078.1032,-3831083.5176,288326.73,7735.44
3527.0,-3888788.4681,-3823287.3787,-3834265.8126,288331.06,7735.43
3528.0,-3882505.4657,-3826491.5154,-3837442.9387,288335.40,7735.42
3529.0,-3876217.2449,-3829690.5089,-3840614.8916,288339.75,7735.40
3530.0,-3869923.8142,-3832884.3550,-3843781.6670,288344.10,7735.39
3531.0,-3863625.1821,-3836073.0495,-3846943.2608,288348.46,7735.38
3532.0,-3857321.3570,-3839256.5881,-3850099.6687,288352.83,7735.37
3533.0,-3851012.3476,-3842434.9665,-3853250.8864,288357.20,7735.36
3534.0,-3844698.1623,-3845608.1806,-3856396.9098,288361.58,7735.35
3535.0,-3838378.8096,-3848776.2260,-3859537.7347,288365.97,7735.34
3536.0,-3832054.2980,-3851939.0985,-3862673.3568,288370.36,7735.33
3537.0,-3825724.6361,-3855096.7940,-3865803.7719,288374.76,7735.31
3538.0,-3819389.8324,-3858249.3082,-3868928.9759,288379.17,7735.30
3539.0,-3813049.8955,-3861396.6369,-3872048.9646,288383.58,7735.29
3540.0,-3806704.8339,-3864538.7759,-3875163.7338,288388.00,7735.28
3541.0,-3800354.6561,-3867675.7210,-3878273.2793,288392.43,7735.27
3542.0,-3793999.3708,-3870807.4681,-3881377.5970,288396.86,7735.26
3543.0,-3787638.9865,-3873934.0129,-3884476.6827,288401.30,7735.25
3544.0,-3781273.5118,-3877055.3513,-3887570.5323,288405.75,7735.23
3545.0,-3774902.9553,-3880171.4791,-3890659.1417,288410.20,7735.22
3546.0,-3768527.3255,-3883282.3921,-3893742.5066,288414.66,7735.21
3547.0,-3762146.6310,-3886388.0863,-3896820.6231,288419.13,7735.20
3548.0,-3755760.8806,-3889488.5575,-3899893.4869,288423.60,7735.19
3549.0,-3749370.0827,-3892583.8015,-3902961.0939,288428.08,7735.18
3550.0,-3742974.2460,-3895673.8142,-3906023.4401,288432.57,7735.17
3551.0,-3736573.3792,-3898758.5915,-3909080.5214,288437.06,7735.15
3552.0,-3730167.4908,-3901838.1293,-3912132.3336,288441.56,7735.14
3553.0,-3723756.5895,-3904912.4234,-3915178.8727,288446.07,7735.13
3554.0,-3717340.6839,-3907981.4698,-3918220.1346,288450.58,7735.12
3555.0,-3710919.7827,-3911045.2644,-3921256.1153,288455.10,7735.11
3556.0,-3704493.8946,-3914103.8030,-3924286.8106,288459.63,7735.10
3557.0,-3698063.0282,-3917157.0817,-3927312.2166,288464.16,7735.09
3558.0,-3691627.1922,-3920205.0963,-3930332.3292,288468.70,7735.07
3559.0,-3685186.3953,-3923247.8428,-3933347.1443,288473.25,7735.06
3560.0,-3678740.6461,-3926285.3171,-3936356.6579,288477.80,7735.05
3561.0,-3672289.9534,-3929317.5151,-3939360.8660,288482.36,7735.04
3562.0,-3665834.3258,-3932344.4329,-3942359.7646,288486.92,7735.03
3563.0,-3659373.7720,-3935366.0664,-3945353.3496,288491.50,7735.02
3564.0,-3652908.3008,-3938382.4115,-3948341.6171,288496.08,7735.01
3565.0,-3646437.9209,-3941393.4643,-3951324.5631,288500.66,7734.99
3566.0,-3639962.6410,-3944399.2206,-3954302.1835,288505.26,7734.98
3567.0,-3633482.4698,-3947399.6766,-3957274.4744,288509.86,7734.97
3568.0,-3626997.4161,-3950394.8282,-3960241.4319,288514.46,7734.96
3569.0,-3620507.4886,-3953384.6715,-3963203.0519,288519.08,7734.95
3570.0,-3614012.6961,-3956369.2024,-3966159.3305,288523.70,7734.94
3571.0,-3607513.0473,-3959348.4169,-3969110.2637,288528.33,7734.93
3572.0,-3601008.5509,-3962322.3111,-3972055.8476,288532.96,7734.91
3573.0,-3594499.2159,-3965290.8810,-3974996.0783,288537.60,7734.90
3574.0,-3587985.0508,-3968254.1227,-3977930.9518,288542.25,7734.89
3575.0,-3581466.0646,-3971212.0323,-3980860.4642,288546.90,7734.88
3576.0,-3574942.2659,-3974164.6057,-3983784.6116,288551.56,7734.87
3577.0,-3568413.6637,-3977111.8390,-3986703.3901,288556.23,7734.86
3578.0,-3561880.2666,-3980053.7283,-3989616.7958,288560.90,7734.85
3579.0,-3555342.0836,-3982990.2697,-3992524.8247,288565.58,7734.83
3580.0,-3548799.1233,-3985921.4593,-3995427.4730,288570.27,7734.82
3581.0,-3542251.3947,-3988847.2932,-3998324.7369,288574.96,7734.81
3582.0,-3535698.9066,-3991767.7674,-4001216.6124,288579.66,7734.80
3583.0,-3529141.6678,-3994682.8782,-4004103.0957,288584.37,7734.79
3584.0,-3522579.6871,-3997592.6215,-4006984.1829,288589.08,7734.78
3585.0,-3516012.9733,-4000496.9935,-4009859.8701,288593.80,7734.77
3586.0,-3509441.5354,-4003395.9903,-4012730.1536,288598.53,7734.75
3587.0,-3502865.3822,-4006289.6082,-4015595.0295,288603.26,7734.74
3588.0,-3496284.5226,-4009177.8432,-4018454.4940,288608.00,7734.73
3589.0,-3489698.9653,-4012060.6914,-4021308.5432,288612.75,7734.72
3590.0,-3483108.7194,-4014938.1491,-4024157.1733,288617.51,7734.71
3591.0,-3476513.7936,-4017810.2124,-4027000.3806,288622.27,7734.70
3592.0,-3469914.1969,-4020676.8774,-4029838.1611,288627.03,7734.69
3593.0,-3463309.9382,-4023538.1405,-4032670.5113,288631.81,7734.67
3594.0,-3456701.0263,-4026393.9976,-4035497.4271,288636.59,7734.66
3595.0,-3450087.4703,-4029244.4451,-4038318.9049,288641.38,7734.65
3596.0,-3443469.2789,-4032089.4792,-4041134.9410,288646.17,7734.64
3597.0,-3436846.4611,-4034929.0959,-4043945.5314,288650.97,7734.63
3598.0,-3430219.0258,-4037763.2917,-4046750.6726,288655.78,7734.62
3599.0,-3423586.9820,-4040592.0627,-4049550.3607,288660.59,7734.61
3600.0,-3416950.3386,-4043415.4050,-4052344.5919,288665.42,7734.59
3601.0,-3410309.1046,-4046233.3151,-4055133.3627,288670.24,7734.58
3602.0,-3403663.2888,-4049045.7890,-4057916.6692,288675.08,7734.57
3603.0,-3397012.9003,-4051852.8232,-4060694.5077,288679.92,7734.56
3604.0,-3390357.9480,-4054654.4137,-4063466.8745,288684.77,7734.55
3605.0,-3383698.4409,-4057450.5570,-4066233.7659,288689.62,7734.54
3606.0,-3377034.3879,-4060241.2492,-4068995.1782,288694.48,7734.53
3607.0,-3370365.7981,-4063026.4866,-4071751.1078,288699.35,7734.51
3608.0,-3363692.6804,-4065806.2657,-4074501.5509,288704.23,7734.50
3609.0,-3357015.0437,-4068580.5825,-4077246.5038,288709.11,7734.49
3610.0,-3350332.8973,-4071349.4335,-4079985.9630,288714.00,7734.48
3611.0,-3343646.2499,-4074112.8150,-4082719.9247,288718.89,7734.47
3612.0,-3336955.1106,-4076870.7232,-4085448.3853,288723.79,7734.46
3613.0,-3330259.4885,-4079623.1546,-4088171.3411,288728.70,7734.45
3614.0,-3323559.3925,-4082370.1054,-4090888.7886,288733.61,7734.43
3615.0,-3316854.8317,-4085111.5719,-4093600.7240,288738.54,7734.42
3616.0,-3310145.8152,-4087847.5506,-4096307.1438,288743.46,7734.41
3617.0,-3303432.3519,-4090578.0378,-4099008.0444,288748.40,7734.40
3618.0,-3296714.4509,-4093303.0299,-4101703.4221,288753.34,7734.39
3619.0,-3289992.1212,-4096022.5232,-4104393.2733,288758.29,7734.38
3620.0,-3283265.3720,-4098736.5141,-4107077.5945,288763.25,7734.36
3621.0,-3276534.2122,-4101444.9990,-4109756.3820,288768.21,7734.35
3622.0,-3269798.6510,-4104147.9743,-4112429.6324,288773.18,7734.34
3623.0,-3263058.6974,-4106845.4363,-4115097.3420,288778.15,7734.33
3624.0,-3256314.3605,-4109537.3816,-4117759.5072,288783.13,7734.32
3625.0,-3249565.6494,-4112223.8065,-4120416.1245,288788.12,7734.31
3626.0,-3242812.5731,-4114904.7074,-4123067.1904,288793.12,7734.30
3627.0,-3236055.1409,-4117580.0808,-4125712.7013,288798.12,7734.28
3628.0,-3229293.3616,-4120249.9231,-4128352.6537,288803.13,7734.27
3629.0,-3222527.2446,-4122914.2308,-4130987.0441,288808.14,7734.26
3630.0,-3215756.7989,-4125573.0002,-4133615.8689,288813.17,7734.25
3631.0,-3208982.0336,-4128226.2280,-4136239.1246,288818.20,7734.24
3632.0,-3202202.9578,-4130873.9105,-4138856.8078,288823.23,7734.23
3633.0,-3195419.5807,-4133516.0442,-4141468.9150,288828.27,7734.22
3634.0,-3188631.9114,-4136152.6256,-4144075.4425,288833.32,7734.20
3635.0,-3181839.9590,-4138783.6512,-4146676.3871,288838.38,7734.19
3636.0,-3175043.7328,-4141409.1174,-4149271.7452,288843.44,7734.18
3637.0,-3168243.2418,-4144029.0209,-4151861.5133,288848.51,7734.17
3638.0,-3161438.4952,-4146643.3581,-4154445.6880,288853.59,7734.16
3639.0,-3154629.5022,-4149252.1255,-4157024.2659,288858.67,7734.15
3640.0,-3147816.2720,-4151855.3197,-4159597.2434,288863.76,7734.14
3641.0,-3140998.8137,-4154452.9371,-4162164.6172,288868.85,7734.12
3642.0,-3134177.1365,-4157044.9744,-4164726.3839,288873.96,7734.11
3643.0,-3127351.2495,-4159631.4281,-4167282.5400,288879.07,7734.10
3644.0,-3120521.1621,-4162212.2948,-4169833.0820,288884.18,7734.09
3645.0,-3113686.8834,-4164787.5709,-4172378.0067,288889.30,7734.08
3646.0,-3106848.4225,-4167357.2532,-4174917.3106,288894.43,7734.07
3647.0,-3100005.7888,-4169921.3381,-4177450.9903,288899.57,7734.06
3648.0,-3093158.9913,-4172479.8223,-4179979.0425,288904.71,7734.04
3649.0,-3086308.0394,-4175032.7023,-4182501.4638,288909.86,7734.03
3650.0,-3079452.9423,-4177579.9748,-4185018.2507,288915.02,7734.02
3651.0,-3072593.7091,-4180121.6363,-4187529.4000,288920.18,7734.01
3652.0,-3065730.3492,-4182657.6836,-4190034.9083,288925.35,7734.00
3653.0,-3058862.8718,-4185188.1131,-4192534.7722,288930.53,7733.99
3654.0,-3051991.2860,-4187712.9217,-4195028.9885,288935.71,7733.98
3655.0,-3045115.6013,-4190232.1058,-4197517.5537,288940.90,7733.96
3656.0,-3038235.8267,-4192745.6621,-4200000.4647,288946.10,7733.95
3657.0,-3031351.9717,-4195253.5874,-4202477.7180,288951.30,7733.94
3658.0,-3024464.0454,-4197755.8782,-4204949.3103,288956.51,7733.93
3659.0,-3017572.0572,-4200252.5312,-4207415.2385,288961.73,7733.92
3660.0,-3010676.0163,-4202743.5432,-4209875.4991,288966.95,7733.91
3661.0,-3003775.9320,-4205228.9107,-4212330.0888,288972.18,7733.90
3662.0,-2996871.8136,-4207708.6306,-4214779.0045,288977.42,7733.88
3663.0,-2989963.6703,-4210182.6994,-4217222.2429,288982.66,7733.87
3664.0,-2983051.5116,-4212651.1140,-4219659.8007,288987.91,7733.86
3665.0,-2976135.3466,-4215113.8710,-4222091.6746,288993.17,7733.85
3666.0,-2969215.1848,-4217570.9672,-4224517.8614,288998.43,7733.84
3667.0,-2962291.0354,-4220022.3992,-4226938.3578,289003.70,7733.83
3668.0,-2955362.9077,-4222468.1638,-4229353.1607,289008.98,7733.82
3669.0,-2948430.8111,-4224908.2579,-4231762.2669,289014.26,7733.80
3670.0,-2941494.7549,-4227342.6780,-4234165.6730,289019.55,7733.79
3671.0,-2934554.7485,-4229771.4211,-4236563.3759,289024.85,7733.78
3672.0,-2927610.8011,-4232194.4838,-4238955.3725,289030.15,7733.77
3673.0,-2920662.9222,-4234611.8630,-4241341.6595,289035.46,7733.76
3674.0,-2913711.1211,-4237023.5554,-4243722.2337,289040.78,7733.75
3675.0,-2906755.4071,-4239429.5578,-4246097.0919,289046.10,7733.74
3676.0,-2899795.7896,-4241829.8671,-4248466.2311,289051.43,7733.72
3677.0,-2892832.2780,-4244224.4799,-4250829.6480,289056.77,7733.71
3678.0,-2885864.8817,-4246613.3933,-4253187.3395,289062.11,7733.70
3679.0,-2878893.6099,-4248996.6039,-4255539.3024,289067.46,7733.69
3680.0,-2871918.4722,-4251374.1086,-4257885.5337,289072.82,7733.68
3681.0,-2864939.4779,-4253745.9043,-4260226.0301,289078.18,7733.67
3682.0,-2857956.6364,-4256111.9878,-4262560.7886,289083.55,7733.66
3683.0,-2850969.9571,-4258472.3559,-4264889.8061,289088.93,7733.65
3684.0,-2843979.4494,-4260827.0055,-4267213.0794,289094.31,7733.63
3685.0,-2836985.1227,-4263175.9336,-4269530.6054,289099.70,7733.62
3686.0,-2829986.9864,-4265519.1369,-4271842.3811,289105.10,7733.61
3687.0,-2822985.0500,-4267856.6123,-4274148.4034,289110.50,7733.60
3688.0,-2815979.3228,-4270188.3568,-4276448.6693,289115.91,7733.59
3689.0,-2808969.8144,-4272514.3672,-4278743.1755,289121.33,7733.58
3690.0,-2801956.5340,-4274834.6405,-4281031.9192,289126.75,7733.57
3691.0,-2794939.4912,-4277149.1736,-4283314.8972,289132.18,7733.55
3692.0,-2787918.6955,-4279457.9634,-4285592.1065,289137.62,7733.54
3693.0,-2780894.1562,-4281761.0068,-4287863.5440,289143.06,7733.53
3694.0,-2773865.8828,-4284058.3008,-4290129.2068,289148.51,7733.52
3695.0,-2766833.8848,-4286349.8423,-4292389.0918,289153.97,7733.51
3696.0,-2759798.1716,-4288635.6282,-4294643.1960,289159.43,7733.50
3697.0,-2752758.7528,-4290915.6557,-4296891.5165,289164.90,7733.49
3698.0,-2745715.6377,-4293189.9215,-4299134.0501,289170.38,7733.47
3699.0,-2738668.8358,-4295458.4227,-4301370.7939,289175.86,7733.46
3700.0,-2731618.3567,-4297721.1563,-4303601.7451,289181.35,7733.45
3701.0,-2724564.2099,-4299978.1192,-4305826.9004,289186.85,7733.44
3702.0,-2717506.4047,-4302229.3086,-4308046.2571,289192.35,7733.43
3703.0,-2710444.9508,-4304474.7213,-4310259.8122,289197.86,7733.42
3704.0,-2703379.8576,-4306714.3544,-4312467.5626,289203.37,7733.41
3705.0,-2696311.1346,-4308948.2050,-4314669.5055,289208.90,7733.40
3706.0,-2689238.7914,-4311176.2700,-4316865.6379,289214.43,7733.38
3707.0,-2682162.8374,-4313398.5465,-4319055.9570,289219.96,7733.37
3708.0,-2675083.2822,-4315615.0316,-4321240.4597,289225.51,7733.36
3709.0,-2668000.1352,-4317825.7222,-4323419.1432,289231.05,7733.35
3710.0,-2660913.4061,-4320030.6156,-4325592.0046,289236.61,7733.34
3711.0,-2653823.1044,-4322229.7087,-4327759.0410,289242.17,7733.33
3712.0,-2646729.2396,-4324422.9986,-4329920.2495,289247.74,7733.32
3713.0,-2639631.8213,-4326610.4824,-4332075.6272,289253.32,7733.30
3714.0,-2632530.8589,-4328792.1572,-4334225.1713,289258.90,7733.29
3715.0,-2625426.3621,-4330968.0202,-4336368.8789,289264.49,7733.28
3716.0,-2618318.3404,-4333138.0683,-4338506.7471,289270.09,7733.27
3717.0,-2611206.8033,-4335302.2988,-4340638.7730,289275.69,7733.26
3718.0,-2604091.7606,-4337460.7088,-4342764.9540,289281.30,7733.25
3719.0,-2596973.2216,-4339613.2954,-4344885.2871,289286.91,7733.24
3720.0,-2589851.1960,-4341760.0557,-4346999.7694,289292.53,7733.23
3721.0,-2582725.6934,-4343900.9870,-4349108.3983,289298.16,7733.21
3722.0,-2575596.7234,-4346036.0862,-4351211.1708,289303.80,7733.20
3723.0,-2568464.2955,-4348165.3507,-4353308.0843,289309.44,7733.19
3724.0,-2561328.4193,-4350288.7776,-4355399.1358,289315.09,7733.18
3725.0,-2554189.1045,-4352406.3641,-4357484.3226,289320.74,7733.17
3726.0,-2547046.3606,-4354518.1074,-4359563.6420,289326.41,7733.16
3727.0,-2539900.1973,-4356624.0046,-4361637.0911,289332.07,7733.15
3728.0,-2532750.6242,-4358724.0529,-4363704.6672,289337.75,7733.14
3729.0,-2525597.6508,-4360818.2497,-4365766.3676,289343.43,7733.12
3730.0,-2518441.2869,-4362906.5921,-4367822.1895,289349.12,7733.11
3731.0,-2511281.5420,-4364989.0773,-4369872.1302,289354.81,7733.10
3732.0,-2504118.4257,-4367065.7025,-4371916.1869,289360.51,7733.09
3733.0,-2496951.9478,-4369136.4651,-4373954.3570,289366.22,7733.08
3734.0,-2489782.1178,-4371201.3622,-4375986.6376,289371.93,7733.07
3735.0,-2482608.9453,-4373260.3912,-4378013.0262,289377.66,7733.06
3736.0,-2475432.4401,-4375313.5493,-4380033.5200,289383.38,7733.05
3737.0,-2468252.6118,-4377360.8337,-4382048.1163,289389.12,7733.03
3738.0,-2461069.4700,-4379402.2418,-4384056.8125,289394.86,7733.02
3739.0,-2453883.0245,-4381437.7709,-4386059.6059,289400.60,7733.01
3740.0,-2446693.2848,-4383467.4182,-4388056.4938,289406.36,7733.00
3741.0,-2439500.2606,-4385491.1810,-4390047.4735,289412.12,7732.99
3742.0,-2432303.9616,-4387509.0568,-4392032.5424,289417.88,7732.98
3743.0,-2425104.3975,-4389521.0427,-4394011.6980,289423.66,7732.97
3744.0,-2417901.5780,-4391527.1361,-4395984.9374,289429.44,7732.96
3745.0,-2410695.5128,-4393527.3345,-4397952.2582,289435.22,7732.95
3746.0,-2403486.2115,-4395521.6350,-4399913.6576,289441.02,7732.93
3747.0,-2396273.6839,-4397510.0351,-4401869.1332,289446.82,7732.92
3748.0,-2389057.9396,-4399492.5321,-4403818.6822,289452.62,7732.91
3749.0,-2381838.9883,-4401469.1234,-4405762.3022,289458.43,7732.90
3750.0,-2374616.8398,-4403439.8065,-4407699.9904,289464.25,7732.89
3751.0,-2367391.5038,-4405404.5786,-4409631.7444,289470.08,7732.88
3752.0,-2360162.9899,-4407363.4371,-4411557.5616,289475.91,7732.87
3753.0,-2352931.3080,-4409316.3795,-4413477.4393,289481.75,7732.86
3754.0,-2345696.4677,-4411263.4032,-4415391.3751,289487.59,7732.84
3755.0,-2338458.4787,-4413204.5056,-4417299.3665,289493.45,7732.83
3756.0,-2331217.3508,-4415139.6841,-4419201.4108,289499.30,7732.82
3757.0,-2323973.0938,-4417068.9362,-4421097.5055,289505.17,7732.81
3758.0,-2316725.7173,-4418992.2593,-4422987.6482,289511.04,7732.80
3759.0,-2309475.2312,-4420909.6508,-4424871.8362,289516.92,7732.79
3760.0,-2302221.6451,-4422821.1082,-4426750.0672,289522.80,7732.78
3761.0,-2294964.9688,-4424726.6291,-4428622.3386,289528.69,7732.77
3762.0,-2287705.2121,-4426626.2107,-4430488.6480,289534.59,7732.76
3763.0,-2280442.3847,-4428519.8507,-4432348.9927,289540.49,7732.74
3764.0,-2273176.4964,-4430407.5465,-4434203.3705,289546.40,7732.73
3765.0,-2265907.5570,-4432289.2957,-4436051.7787,289552.32,7732.72
3766.0,-2258635.5762,-4434165.0957,-4437894.2150,289558.24,7732.71
3767.0,-2251360.5639,-4436034.9440,-4439730.6769,289564.17,7732.70
3768.0,-2244082.5298,-4437898.8382,-4441561.1620,289570.11,7732.69
3769.0,-2236801.4836,-4439756.7757,-4443385.6678,289576.05,7732.68
3770.0,-2229517.4352,-4441608.7543,-4445204.1919,289582.00,7732.67
3771.0,-2222230.3944,-4443454.7712,-4447016.7319,289587.95,7732.66
3772.0,-2214940.3709,-4445294.8243,-4448823.2854,289593.91,7732.64
3773.0,-2207647.3746,-4447128.9109,-4450623.8499,289599.88,7732.63
3774.0,-2200351.4153,-4448957.0287,-4452418.4232,289605.86,7732.62
3775.0,-2193052.5027,-4450779.1752,-4454207.0027,289611.84,7732.61
3776.0,-2185750.6467,-4452595.3481,-4455989.5862,289617.83,7732.60
3777.0,-2178445.8572,-4454405.5449,-4457766.1713,289623.82,7732.59
3778.0,-2171138.1438,-4456209.7632,-4459536.7555,289629.82,7732.58
3779.0,-2163827.5165,-4458008.0007,-4461301.3367,289635.83,7732.57
3780.0,-2156513.9851,-4459800.2549,-4463059.9123,289641.84,7732.56
3781.0,-2149197.5594,-4461586.5235,-4464812.4801,289647.86,7732.55
3782.0,-2141878.2492,-4463366.8041,-4466559.0377,289653.89,7732.53
3783.0,-2134556.0644,-4465141.0944,-4468299.5829,289659.92,7732.52
3784.0,-2127231.0148,-4466909.3920,-4470034.1133,289665.96,7732.51
3785.0,-2119903.1103,-4468671.6945,-4471762.6266,289672.00,7732.50
3786.0,-2112572.3607,-4470427.9997,-4473485.1205,289678.05,7732.49
3787.0,-2105238.7759,-4472178.3053,-4475201.5928,289684.11,7732.48
3788.0,-2097902.3657,-4473922.6088,-4476912.0411,289690.18,7732.47
3789.0,-2090563.1400,-4475660.9080,-4478616.4632,289696.25,7732.46
3790.0,-2083221.1086,-4477393.2005,-4480314.8568,289702.33,7732.45
3791.0,-2075876.2815,-4479119.4842,-4482007.2197,289708.41,7732.44
3792.0,-2068528.6685,-4480839.7567,-4483693.5496,289714.50,7732.42
3793.0,-2061178.2794,-4482554.0156,-4485373.8443,289720.60,7732.41
3794.0,-2053825.1242,-4484262.2589,-4487048.1016,289726.70,7732.40
3795.0,-2046469.2127,-4485964.4842,-4488716.3191,289732.81,7732.39
3796.0,-2039110.5548,-4487660.6892,-4490378.4948,289738.92,7732.38
3797.0,-2031749.1605,-4489350.8717,-4492034.6264,289745.05,7732.37
3798.0,-2024385.0395,-4491035.0294,-4493684.7117,289751.17,7732.36
3799.0,-2017018.2018,-4492713.1602,-4495328.7486,289757.31,7732.35
3800.0,-2009648.6574,-4494385.2618,-4496966.7348,289763.45,7732.34
3801.0,-2002276.4160,-4496051.3320,-4498598.6681,289769.60,7732.33
3802.0,-1994901.4876,-4497711.3687,-4500224.5465,289775.75,7732.31
3803.0,-1987523.8822,-4499365.3695,-4501844.3677,289781.91,7732.30
3804.0,-1980143.6096,-4501013.3323,-4503458.1296,289788.08,7732.29
3805.0,-1972760.6797,-4502655.2550,-4505065.8301,289794.25,7732.28
3806.0,-1965375.1026,-4504291.1353,-4506667.4670,289800.43,7732.27
3807.0,-1957986.8880,-4505920.9711,-4508263.0381,289806.62,7732.26
3808.0,-1950596.0459,-4507544.7603,-4509852.5415,289812.81,7732.25
3809.0,-1943202.5863,-4509162.5006,-4511435.9750,289819.01,7732.24
3810.0,-1935806.5191,-4510774.1901,-4513013.3364,289825.21,7732.23
3811.0,-1928407.8542,-4512379.8264,-4514584.6238,289831.42,7732.22
3812.0,-1921006.6016,-4513979.4075,-4516149.8349,289837.64,7732.21
3813.0,-1913602.7713,-4515572.9313,-4517708.9677,289843.86,7732.20
3814.0,-1906196.3730,-4517160.3957,-4519262.0203,289850.09,7732.18
3815.0,-1898787.4169,-4518741.7986,-4520808.9904,289856.33,7732.17
3816.0,-1891375.9129,-4520317.1379,-4522349.8760,289862.57,7732.16
3817.0,-1883961.8709,-4521886.4114,-4523884.6752,289868.82,7732.15
3818.0,-1876545.3009,-4523449.6172,-4525413.3859,289875.07,7732.14
3819.0,-1869126.2129,-4525006.7532,-4526936.0060,289881.34,7732.13
3820.0,-1861704.6168,-4526557.8173,-4528452.5335,289887.60,7732.12
3821.0,-1854280.5225,-4528102.8074,-4529962.9665,289893.88,7732.11
3822.0,-1846853.9402,-4529641.7215,-4531467.3028,289900.16,7732.10
3823.0,-1839424.8797,-4531174.5576,-4532965.5406,289906.44,7732.09
3824.0,-1831993.3510,-4532701.3137,-4534457.6779,289912.74,7732.08
3825.0,-1824559.3642,-4534221.9877,-4535943.7126,289919.03,7732.07
3826.0,-1817122.9291,-4535736.5776,-4537423.6428,289925.34,7732.05
3827.0,-1809684.0559,-4537245.0815,-4538897.4665,289931.65,7732.04
3828.0,-1802242.7544,-4538747.4972,-4540365.1818,289937.97,7732.03
3829.0,-1794799.0348,-4540243.8230,-4541826.7867,289944.29,7732.02
3830.0,-1787352.9069,-4541734.0567,-4543282.2794,289950.62,7732.01
3831.0,-1779904.3808,-4543218.1963,-4544731.6578,289956.96,7732.00
3832.0,-1772453.4665,-4544696.2401,-4546174.9201,289963.30,7731.99
3833.0,-1765000.1740,-4546168.1859,-4547612.0643,289969.65,7731.98
3834.0,-1757544.5133,-4547634.0319,-4549043.0885,289976.00,7731.97
3835.0,-1750086.4944,-4549093.7760,-4550467.9909,289982.36,7731.96
3836.0,-1742626.1274,-4550547.4165,-4551886.7696,289988.73,7731.95
3837.0,-1735163.4223,-4551994.9513,-4553299.4226,289995.11,7731.94
3838.0,-1727698.3890,-4553436.3785,-4554705.9481,290001.48,7731.93
3839.0,-1720231.0377,-4554871.6963,-4556106.3443,290007.87,7731.91
3840.0,-1712761.3784,-4556300.9028,-4557500.6093,290014.26,7731.90
3841.0,-1705289.4210,-4557723.9960,-4558888.7412,290020.66,7731.89
3842.0,-1697815.1757,-4559140.9741,-4560270.7382,290027.07,7731.88
3843.0,-1690338.6524,-4560551.8352,-4561646.5985,290033.48,7731.87
3844.0,-1682859.8612,-4561956.5774,-4563016.3202,290039.89,7731.86
3845.0,-1675378.8122,-4563355.1990,-4564379.9016,290046.32,7731.85
3846.0,-1667895.5154,-4564747.6980,-4565737.3409,290052.74,7731.84
3847.0,-1660409.9808,-4566134.0726,-4567088.6362,290059.18,7731.83
3848.0,-1652922.2186,-4567514.3210,-4568433.7857,290065.62,7731.82
3849.0,-1645432.2387,-4568888.4413,-4569772.7877,290072.07,7731.81
3850.0,-1637940.0512,-4570256.4318,-4571105.6405,290078.52,7731.80
3851.0,-1630445.6662,-4571618.2907,-4572432.3421,290084.98,7731.79
3852.0,-1622949.0938,-4572974.0161,-4573752.8910,290091.45,7731.78
3853.0,-1615450.3440,-4574323.6062,-4575067.2853,290097.92,7731.77
3854.0,-1607949.4269,-4575667.0593,-4576375.5233,290104.40,7731.75
3855.0,-1600446.3525,-4577004.3736,-4577677.6033,290110.88,7731.74
3856.0,-1592941.1310,-4578335.5474,-4578973.5235,290117.37,7731.73
3857.0,-1585433.7724,-4579660.5788,-4580263.2823,290123.87,7731.72
3858.0,-1577924.2868,-4580979.4662,-4581546.8779,290130.37,7731.71
3859.0,-1570412.6843,-4582292.2078,-4582824.3086,290136.88,7731.70
3860.0,-1562898.9750,-4583598.8018,-4584095.5727,290143.39,7731.69
3861.0,-1555383.1689,-4584899.2466,-4585360.6687,290149.91,7731.68
3862.0,-1547865.2763,-4586193.5404,-4586619.5947,290156.44,7731.67
3863.0,-1540345.3070,-4587481.6815,-4587872.3492,290162.97,7731.66
3864.0,-1532823.2713,-4588763.6683,-4589118.9304,290169.51,7731.65
3865.0,-1525299.1793,-4590039.4990,-4590359.3368,290176.06,7731.64
3866.0,-1517773.0411,-4591309.1719,-4591593.5666,290182.61,7731.63
3867.0,-1510244.8667,-4592572.6854,-4592821.6183,290189.17,7731.62
3868.0,-1502714.6662,-4593830.0378,-4594043.4902,290195.73,7731.61
3869.0,-1495182.4499,-4595081.2275,-4595259.1808,290202.30,7731.60
3870.0,-1487648.2278,-4596326.2528,-4596468.6883,290208.87,7731.59
3871.0,-1480112.0100,-4597565.1121,-4597672.0113,290215.45,7731.58
3872.0,-1472573.8066,-4598797.8036,-4598869.1481,290222.04,7731.57
3873.0,-1465033.6278,-4600024.3259,-4600060.0972,290228.63,7731.55
3874.0,-1457491.4837,-4601244.6773,-4601244.8569,290235.23,7731.54
3875.0,-1449947.3843,-4602458.8562,-4602423.4257,290241.84,7731.53
3876.0,-1442401.3400,-4603666.8610,-4603595.8021,290248.45,7731.52
3877.0,-1434853.3607,-4604868.6900,-4604761.9845,290255.07,7731.51
3878.0,-1427303.4566,-4606064.3418,-4605921.9713,290261.69,7731.50
3879.0,-1419751.6378,-4607253.8147,-4607075.7611,290268.32,7731.49
3880.0,-1412197.9146,-4608437.1072,-4608223.3523,290274.95,7731.48
3881.0,-1404642.2969,-4609614.2177,-4609364.7434,290281.59,7731.47
3882.0,-1397084.7951,-4610785.1446,-4610499.9329,290288.24,7731.46
3883.0,-1389525.4191,-4611949.8865,-4611628.9192,290294.89,7731.45
3884.0,-1381964.1792,-4613108.4418,-4612751.7010,290301.55,7731.44
3885.0,-1374401.0856,-4614260.8089,-4613868.2767,290308.22,7731.43
3886.0,-1366836.1483,-4615406.9864,-4614978.6448,290314.89,7731.42
3887.0,-1359269.3775,-4616546.9727,-4616082.8040,290321.57,7731.41
3888.0,-1351700.7835,-4617680.7664,-4617180.7526,290328.25,7731.40
3889.0,-1344130.3762,-4618808.3659,-4618272.4893,290334.94,7731.39
3890.0,-1336558.1660,-4619929.7698,-4619358.0127,290341.63,7731.38
3891.0,-1328984.1630,-4621044.9766,-4620437.3213,290348.33,7731.37
3892.0,-1321408.3773,-4622153.9848,-4621510.4136,290355.04,7731.36
3893.0,-1313830.8191,-4623256.7929,-4622577.2883,290361.75,7731.35
3894.0,-1306251.4987,-4624353.3996,-4623637.9440,290368.47,7731.34
3895.0,-1298670.4260,-4625443.8033,-4624692.3793,290375.19,7731.33
3896.0,-1291087.6115,-4626528.0027,-4625740.5927,290381.92,7731.32
3897.0,-1283503.0651,-4627605.9963,-4626782.5829,290388.66,7731.31
3898.0,-1275916.7971,-4628677.7827,-4627818.3486,290395.40,7731.30
3899.0,-1268328.8178,-4629743.3604,-4628847.8883,290402.15,7731.28
3900.0,-1260739.1372,-4630802.7282,-4629871.2007,290408.90,7731.27
3901.0,-1253147.7655,-4631855.8845,-4630888.2844,290415.66,7731.26
3902.0,-1245554.7131,-4632902.8281,-4631899.1382,290422.42,7731.25
3903.0,-1237959.9899,-4633943.5575,-4632903.7606,290429.19,7731.24
3904.0,-1230363.6063,-4634978.0713,-4633902.1504,290435.97,7731.23
3905.0,-1222765.5724,-4636006.3683,-4634894.3063,290442.75,7731.22
3906.0,-1215165.8985,-4637028.4470,-4635880.2269,290449.54,7731.21
3907.0,-1207564.5947,-4638044.3061,-4636859.9109,290456.34,7731.20
3908.0,-1199961.6712,-4639053.9443,-4637833.3571,290463.13,7731.19
3909.0,-1192357.1382,-4640057.3603,-4638800.5641,290469.94,7731.18
3910.0,-1184751.0060,-4641054.5527,-4639761.5308,290476.75,7731.17
3911.0,-1177143.2848,-4642045.5202,-4640716.2558,290483.57,7731.16
3912.0,-1169533.9847,-4643030.2616,-4641664.7378,290490.39,7731.15
3913.0,-1161923.1161,-4644008.7755,-4642606.9757,290497.22,7731.14
3914.0,-1154310.6890,-4644981.0606,-4643542.9682,290504.05,7731.13
3915.0,-1146696.7137,-4645947.1157,-4644472.7140,290510.89,7731.12
3916.0,-1139081.2004,-4646906.9395,-4645396.2120,290517.74,7731.11
3917.0,-1131464.1594,-4647860.5308,-4646313.4609,290524.59,7731.10
3918.0,-1123845.6009,-4648807.8882,-4647224.4595,290531.45,7731.09
3919.0,-1116225.5351,-4649749.0107,-4648129.2066,290538.31,7731.08
3920.0,-1108603.9722,-4650683.8968,-4649027.7011,290545.18,7731.07
3921.0,-1100980.9225,-4651612.5454,-4649919.9417,290552.06,7731.06
3922.0,-1093356.3962,-4652534.9553,-4650805.9272,290558.94,7731.05
3923.0,-1085730.4034,-4653451.1253,-4651685.6566,290565.82,7731.04
3924.0,-1078102.9546,-4654361.0541,-4652559.1287,290572.71,7731.03
3925.0,-1070474.0598,-4655264.7406,-4653426.3423,290579.61,7731.02
3926.0,-1062843.7293,-4656162.1836,-4654287.2962,290586.51,7731.01
3927.0,-1055211.9734,-4657053.3819,-4655141.9894,290593.42,7731.00
3928.0,-1047578.8024,-4657938.3343,-4655990.4207,290600.34,7730.99
3929.0,-1039944.2264,-4658817.0398,-4656832.5890,290607.26,7730.98
3930.0,-1032308.2556,-4659689.4970,-4657668.4932,290614.18,7730.97
3931.0,-1024670.9005,-4660555.7050,-4658498.1322,290621.11,7730.96
3932.0,-1017032.1711,-4661415.6625,-4659321.5049,290628.05,7730.95
3933.0,-1009392.0778,-4662269.3684,-4660138.6103,290634.99,7730.94
3934.0,-1001750.6307,-4663116.8217,-4660949.4472,290641.94,7730.93
3935.0,-994107.8402,-4663958.0212,-4661754.0146,290648.90,7730.92
3936.0,-986463.7166,-4664792.9657,-4662552.3115,290655.85,7730.91
3937.0,-978818.2700,-4665621.6543,-4663344.3368,290662.82,7730.90
3938.0,-971171.5107,-4666444.0858,-4664130.0894,290669.79,7730.89
3939.0,-963523.4490,-4667260.2592,-4664909.5684,290676.77,7730.88
3940.0,-955874.0951,-4668070.1733,-4665682.7727,290683.75,7730.87
3941.0,-948223.4594,-4668873.8272,-4666449.7012,290690.73,7730.86
3942.0,-940571.5520,-4669671.2197,-4667210.3531,290697.73,7730.85
3943.0,-932918.3833,-4670462.3499,-4667964.7273,290704.73,7730.84
3944.0,-925263.9635,-4671247.2167,-4668712.8227,290711.73,7730.83
3945.0,-917608.3028,-4672025.8191,-4669454.6386,290718.74,7730.82
3946.0,-909951.4117,-4672798.1560,-4670190.1737,290725.75,7730.81
3947.0,-902293.3002,-4673564.2264,-4670919.4273,290732.77,7730.80
3948.0,-894633.9788,-4674324.0294,-4671642.3983,290739.80,7730.79
3949.0,-886973.4576,-4675077.5640,-4672359.0858,290746.83,7730.78
3950.0,-879311.7470,-4675824.8291,-4673069.4889,290753.87,7730.77
3951.0,-871648.8573,-4676565.8238,-4673773.6066,290760.91,7730.76
3952.0,-863984.7986,-4677300.5472,-4674471.4380,290767.96,7730.75
3953.0,-856319.5814,-4678028.9982,-4675162.9822,290775.01,7730.74
3954.0,-848653.2158,-4678751.1760,-4675848.2384,290782.07,7730.73
3955.0,-840985.7123,-4679467.0795,-4676527.2055,290789.14,7730.72
3956.0,-833317.0809,-4680176.7079,-4677199.8827,290796.21,7730.71
3957.0,-825647.3322,-4680880.0601,-4677866.2692,290803.28,7730.70
3958.0,-817976.4762,-4681577.1354,-4678526.3640,290810.36,7730.69
3959.0,-810304.5234,-4682267.9328,-4679180.1664,290817.45,7730.68
3960.0,-802631.4840,-4682952.4514,-4679827.6754,290824.54,7730.67
3961.0,-794957.3683,-4683630.6903,-4680468.8902,290831.64,7730.66
3962.0,-787282.1867,-4684302.6486,-4681103.8100,290838.74,7730.65
3963.0,-779605.9493,-4684968.3254,-4681732.4339,290845.85,7730.64
3964.0,-771928.6665,-4685627.7200,-4682354.7612,290852.96,7730.63
3965.0,-764250.3487,-4686280.8313,-4682970.7909,290860.08,7730.62
3966.0,-756571.0060,-4686927.6586,-4683580.5224,290867.20,7730.61
3967.0,-748890.6489,-4687568.2011,-4684183.9548,290874.33,7730.60
3968.0,-741209.2875,-4688202.4578,-4684781.0874,290881.47,7730.59
3969.0,-733526.9323,-4688830.4280,-4685371.9193,290888.61,7730.58
3970.0,-725843.5935,-4689452.1109,-4685956.4498,290895.75,7730.58
3971.0,-718159.2814,-4690067.5056,-4686534.6781,290902.90,7730.57
3972.0,-710474.0064,-4690676.6114,-4687106.6035,290910.06,7730.56
3973.0,-702787.7786,-4691279.4274,-4687672.2252,290917.22,7730.55
3974.0,-695100.6086,-4691875.9529,-4688231.5425,290924.39,7730.54
3975.0,-687412.5065,-4692466.1871,-4688784.5547,290931.56,7730.53
3976.0,-679723.4827,-4693050.1292,-4689331.2611,290938.74,7730.52
3977.0,-672033.5474,-4693627.7786,-4689871.6609,290945.92,7730.51
3978.0,-664342.7111,-4694199.1343,-4690405.7534,290953.11,7730.50
3979.0,-656650.9840,-4694764.1957,-4690933.5380,290960.30,7730.49
3980.0,-648958.3764,-4695322.9621,-4691455.0139,290967.50,7730.48
3981.0,-641264.8987,-4695875.4328,-4691970.1806,290974.70,7730.47
3982.0,-633570.5612,-4696421.6069,-4692479.0373,290981.91,7730.46
3983.0,-625875.3742,-4696961.4838,-4692981.5833,290989.13,7730.45
3984.0,-618179.3479,-4697495.0629,-4693477.8181,290996.35,7730.44
3985.0,-610482.4929,-4698022.3434,-4693967.7409,291003.57,7730.43
3986.0,-602784.8192,-4698543.3246,-4694451.3511,291010.80,7730.42
3987.0,-595086.3374,-4699058.0059,-4694928.6482,291018.04,7730.41
3988.0,-587387.0577,-4699566.3866,-4695399.6315,291025.28,7730.40
3989.0,-579686.9904,-4700068.4660,-4695864.3004,291032.52,7730.39
3990.0,-571986.1459,-4700564.2436,-4696322.6542,291039.77,7730.38
3991.0,-564284.5345,-4701053.7186,-4696774.6925,291047.03,7730.37
3992.0,-556582.1665,-4701536.8904,-4697220.4145,291054.29,7730.36
3993.0,-548879.0523,-4702013.7584,-4697659.8198,291061.56,7730.35
3994.0,-541175.2022,-4702484.3220,-4698092.9078,291068.83,7730.35
3995.0,-533470.6264,-4702948.5806,-4698519.6779,291076.10,7730.34
3996.0,-525765.3355,-4703406.5336,-4698940.1296,291083.39,7730.33
3997.0,-518059.3396,-4703858.1804,-4699354.2623,291090.67,7730.32
3998.0,-510352.6491,-4704303.5204,-4699762.0755,291097.96,7730.31
3999.0,-502645.2744,-4704742.5530,-4700163.5686,291105.26,7730.30
4000.0,-494937.2258,-4705175.2777,-4700558.7413,291112.56,7730.29
4001.0,-487228.5136,-4705601.6940,-4700947.5928,291119.87,7730.28
4002.0,-479519.1482,-4706021.8012,-4701330.1229,291127.18,7730.27
4003.0,-471809.1399,-4706435.5988,-4701706.3308,291134.50,7730.26
4004.0,-464098.4990,-4706843.0864,-4702076.2163,291141.82,7730.25
4005.0,-456387.2359,-4707244.2633,-4702439.7788,291149.15,7730.24
4006.0,-448675.3610,-4707639.1291,-4702797.0178,291156.48,7730.23
4007.0,-440962.8845,-4708027.6833,-4703147.9329,291163.82,7730.22
4008.0,-433249.8168,-4708409.9254,-4703492.5236,291171.16,7730.21
4009.0,-425536.1683,-4708785.8548,-4703830.7896,291178.51,7730.20
4010.0,-417821.9493,-4709155.4711,-4704162.7303,291185.86,7730.19
4011.0,-410107.1701,-4709518.7739,-4704488.3454,291193.22,7730.19
4012.0,-402391.8411,-4709875.7626,-4704807.6344,291200.58,7730.18
4013.0,-394675.9727,-4710226.4368,-4705120.5969,291207.95,7730.17
4014.0,-386959.5751,-4710570.7961,-4705427.2325,291215.32,7730.16
4015.0,-379242.6588,-4710908.8401,-4705727.5409,291222.70,7730.15
4016.0,-371525.2340,-4711240.5682,-4706021.5217,291230.08,7730.14
4017.0,-363807.3112,-4711565.9801,-4706309.1745,291237.47,7730.13
4018.0,-356088.9006,-4711885.0754,-4706590.4988,291244.86,7730.12
4019.0,-348370.0127,-4712197.8536,-4706865.4945,291252.26,7730.11
4020.0,-340650.6577,-4712504.3144,-4707134.1611,291259.66,7730.10
4021.0,-332930.8461,-4712804.4574,-4707396.4983,291267.07,7730.09
4022.0,-325210.5881,-4713098.2822,-4707652.5057,291274.48,7730.08
4023.0,-317489.8942,-4713385.7884,-4707902.1831,291281.89,7730.07
4024.0,-309768.7746,-4713666.9757,-4708145.5301,291289.32,7730.07
4025.0,-302047.2398,-4713941.8436,-4708382.5465,291296.74,7730.06
4026.0,-294325.3001,-4714210.3920,-4708613.2318,291304.17,7730.05
4027.0,-286602.9658,-4714472.6204,-4708837.5859,291311.61,7730.04
4028.0,-278880.2473,-4714728.5285,-4709055.6085,291319.05,7730.03
4029.0,-271157.1549,-4714978.1160,-4709267.2993,291326.50,7730.02
4030.0,-263433.6991,-4715221.3825,-4709472.6580,291333.95,7730.01
4031.0,-255709.8901,-4715458.3278,-4709671.6844,291341.40,7730.00
4032.0,-247985.7383,-4715688.9516,-4709864.3782,291348.86,7729.99
4033.0,-240261.2541,-4715913.2536,-4710050.7393,291356.33,7729.98
4034.0,-232536.4478,-4716131.2335,-4710230.7673,291363.80,7729.97
4035.0,-224811.3298,-4716342.8911,-4710404.4620,291371.27,7729.96
4036.0,-217085.9104,-4716548.2260,-4710571.8233,291378.75,7729.96
4037.0,-209360.2001,-4716747.2380,-4710732.8510,291386.24,7729.95
4038.0,-201634.2091,-4716939.9270,-4710887.5448,291393.72,7729.94
4039.0,-193907.9478,-4717126.2926,-4711035.9045,291401.22,7729.93
4040.0,-186181.4266,-4717306.3346,-4711177.9301,291408.72,7729.92
4041.0,-178454.6558,-4717480.0528,-4711313.6212,291416.22,7729.91
4042.0,-170727.6458,-4717647.4470,-4711442.9779,291423.73,7729.90
4043.0,-163000.4070,-4717808.5170,-4711565.9998,291431.24,7729.89
4044.0,-155272.9496,-4717963.2626,-4711682.6869,291438.76,7729.88
4045.0,-147545.2842,-4718111.6836,-4711793.0390,291446.28,7729.87
4046.0,-139817.4209,-4718253.7798,-4711897.0560,291453.81,7729.87
4047.0,-132089.3703,-4718389.5511,-4711994.7379,291461.34,7729.86
4048.0,-124361.1426,-4718518.9973,-4712086.0843,291468.87,7729.85
4049.0,-116632.7482,-4718642.1183,-4712171.0954,291476.41,7729.84
4050.0,-108904.1975,-4718758.9139,-4712249.7710,291483.96,7729.83
4051.0,-101175.5008,-4718869.3840,-4712322.1109,291491.51,7729.82
4052.0,-93446.6685,-4718973.5284,-4712388.1152,291499.06,7729.81
4053.0,-85717.7110,-4719071.3471,-4712447.7838,291506.62,7729.80
4054.0,-77988.6386,-4719162.8399,-4712501.1165,291514.18,7729.79
4055.0,-70259.4616,-4719248.0067,-4712548.1134,291521.75,7729.79
4056.0,-62530.1905,-4719326.8475,-4712588.7744,291529.32,7729.78
4057.0,-54800.8356,-4719399.3621,-4712623.0995,291536.90,7729.77
4058.0,-47071.4073,-4719465.5505,-4712651.0887,291544.48,7729.76
4059.0,-39341.9158,-4719525.4125,-4712672.7419,291552.07,7729.75
4060.0,-31612.3717,-4719578.9483,-4712688.0591,291559.66,7729.74
4061.0,-23882.7852,-4719626.1576,-4712697.0403,291567.26,7729.73
4062.0,-16153.1667,-4719667.0405,-4712699.6856,291574.85,7729.72
4063.0,-8423.5265,-4719701.5970,-4712695.9950,291582.46,7729.71
4064.0,-693.8751,-4719729.8269,-4712685.9684,291590.07,7729.71
4065.0,7035.7772,-4719751.7303,-4712669.6060,291597.68,7729.70
4066.0,14765.4201,-4719767.3072,-4712646.9077,291605.30,7729.69
4067.0,22495.0431,-4719776.5576,-4712617.8737,291612.92,7729.68
4068.0,30224.6360,-4719779.4814,-4712582.5039,291620.55,7729.67
4069.0,37954.1884,-4719776.0788,-4712540.7985,291628.18,7729.66
4070.0,45683.6899,-4719766.3496,-4712492.7575,291635.81,7729.65
4071.0,53413.1301,-4719750.2941,-4712438.3810,291643.45,7729.64
4072.0,61142.4987,-4719727.9121,-4712377.6691,291651.10,7729.64
4073.0,68871.7853,-4719699.2039,-4712310.6219,291658.75,7729.63
4074.0,76600.9796,-4719664.1693,-4712237.2395,291666.40,7729.62
4075.0,84330.0712,-4719622.8085,-4712157.5221,291674.06,7729.61
4076.0,92059.0498,-4719575.1216,-4712071.4697,291681.72,7729.60
4077.0,99787.9049,-4719521.1086,-4711979.0826,291689.38,7729.59
4078.0,107516.6263,-4719460.7696,-4711880.3608,291697.05,7729.58
4079.0,115245.2035,-4719394.1048,-4711775.3045,291704.73,7729.57
4080.0,122973.6262,-4719321.1143,-4711663.9138,291712.41,7729.57
4081.0,130701.8841,-4719241.7981,-4711546.1890,291720.09,7729.56
4082.0,138429.9668,-4719156.1564,-4711422.1302,291727.78,7729.55
4083.0,146157.8640,-4719064.1893,-4711291.7376,291735.47,7729.54
4084.0,153885.5652,-4718965.8971,-4711155.0114,291743.17,7729.53
4085.0,161613.0601,-4718861.2797,-4711011.9518,291750.87,7729.52
4086.0,169340.3384,-4718750.3374,-4710862.5590,291758.57,7729.51
4087.0,177067.3897,-4718633.0704,-4710706.8333,291766.28,7729.51
4088.0,184794.2036,-4718509.4788,-4710544.7748,291773.99,7729.50
4089.0,192520.7699,-4718379.5629,-4710376.3838,291781.71,7729.49
4090.0,200247.0781,-4718243.3227,-4710201.6606,291789.43,7729.48
4091.0,207973.1178,-4718100.7586,-4710020.6053,291797.16,7729.47
4092.0,215698.8789,-4717951.8707,-4709833.2184,291804.89,7729.46
4093.0,223424.3507,-4717796.6593,-4709639.4999,291812.62,7729.45
4094.0,231149.5231,-4717635.1245,-4709439.4503,291820.36,7729.45
4095.0,238874.3857,-4717467.2666,-4709233.0698,291828.10,7729.44
4096.0,246598.9281,-4717293.0859,-4709020.3588,291835.85,7729.43
4097.0,254323.1400,-4717112.5826,-4708801.3174,291843.60,7729.42
4098.0,262047.0110,-4716925.7570,-4708575.9460,291851.36,7729.41
4099.0,269770.5307,-4716732.6094,-4708344.2450,291859.12,7729.40
4100.0,277493.6888,-4716533.1399,-4708106.2147,291866.88,7729.40
4101.0,285216.4750,-4716327.3489,-4707861.8554,291874.65,7729.39
4102.0,292938.8790,-4716115.2368,-4707611.1675,291882.42,7729.38
4103.0,300660.8903,-4715896.8038,-4707354.1513,291890.19,7729.37
4104.0,308382.4986,-4715672.0502,-4707090.8072,291897.97,7729.36
4105.0,316103.6935,-4715440.9763,-4706821.1356,291905.75,7729.35
4106.0,323824.4648,-4715203.5825,-4706545.1368,291913.54,7729.35
4107.0,331544.8021,-4714959.8691,-4706262.8112,291921.33,7729.34
4108.0,339264.6950,-4714709.8364,-4705974.1593,291929.13,7729.33
4109.0,346984.1331,-4714453.4849,-4705679.1814,291936.93,7729.32
4110.0,354703.1063,-4714190.8148,-4705377.8779,291944.73,7729.31
4111.0,362421.6040,-4713921.8266,-4705070.2494,291952.54,7729.30
4112.0,370139.6159,-4713646.5206,-4704756.2962,291960.35,7729.30
4113.0,377857.1318,-4713364.8972,-4704436.0187,291968.17,7729.29
4114.0,385574.1412,-4713076.9568,-4704109.4174,291975.98,7729.28
4115.0,393290.6339,-4712782.6998,-4703776.4928,291983.81,7729.27
4116.0,401006.5994,-4712482.1266,-4703437.2453,291991.64,7729.26
4117.0,408722.0275,-4712175.2377,-4703091.6755,291999.47,7729.25
4118.0,416436.9078,-4711862.0335,-4702739.7837,292007.30,7729.25
4119.0,424151.2300,-4711542.5143,-4702381.5705,292015.14,7729.24
4120.0,431864.9837,-4711216.6808,-4702017.0364,292022.98,7729.23
4121.0,439578.1586,-4710884.5332,-4701646.1818,292030.83,7729.22
4122.0,447290.7443,-4710546.0721,-4701269.0074,292038.68,7729.21
4123.0,455002.7306,-4710201.2980,-4700885.5136,292046.53,7729.21
4124.0,462714.1071,-4709850.2113,-4700495.7010,292054.39,7729.20
4125.0,470424.8634,-4709492.8125,-4700099.5701,292062.25,7729.19
4126.0,478134.9892,-4709129.1022,-4699697.1214,292070.12,7729.18
4127.0,485844.4743,-4708759.0807,-4699288.3556,292077.99,7729.17
4128.0,493553.3082,-4708382.7487,-4698873.2731,292085.86,7729.16
4129.0,501261.4807,-4708000.1067,-4698451.8746,292093.74,7729.16
4130.0,508968.9813,-4707611.1552,-4698024.1607,292101.62,7729.15
4131.0,516675.7999,-4707215.8946,-4697590.1319,292109.50,7729.14
4132.0,524381.9260,-4706814.3257,-4697149.7888,292117.39,7729.13
4133.0,532087.3493,-4706406.4489,-4696703.1321,292125.28,7729.12
4134.0,539792.0595,-4705992.2648,-4696250.1623,292133.18,7729.12
4135.0,547496.0463,-4705571.7740,-4695790.8802,292141.08,7729.11
4136.0,555199.2994,-4705144.9770,-4695325.2863,292148.98,7729.10
4137.0,562901.8084,-4704711.8744,-4694853.3812,292156.89,7729.09
4138.0,570603.5630,-4704272.4669,-4694375.1657,292164.80,7729.08
4139.0,578304.5529,-4703826.7551,-4693890.6404,292172.71,7729.08
4140.0,586004.7678,-4703374.7395,-4693399.8059,292180.63,7729.07
4141.0,593704.1974,-4702916.4208,-4692902.6629,292188.55,7729.06
4142.0,601402.8313,-4702451.7996,-4692399.2122,292196.47,7729.05
4143.0,609100.6592,-4701980.8766,-4691889.4544,292204.40,7729.04
4144.0,616797.6709,-4701503.6523,-4691373.3902,292212.33,7729.04
4145.0,624493.8559,-4701020.1276,-4690851.0204,292220.27,7729.03
4146.0,632189.2041,-4700530.3029,-4690322.3456,292228.21,7729.02
4147.0,639883.7050,-4700034.1791,-4689787.3665,292236.15,7729.01
4148.0,647577.3484,-4699531.7567,-4689246.0840,292244.10,7729.00
4149.0,655270.1240,-4699023.0365,-4688698.4987,292252.05,7729.00
4150.0,662962.0214,-4698508.0192,-4688144.6114,292260.00,7728.99
4151.0,670653.0304,-4697986.7055,-4687584.4229,292267.96,7728.98
4152.0,678343.1407,-4697459.0961,-4687017.9340,292275.92,7728.97
4153.0,686032.3418,-4696925.1916,-4686445.1453,292283.88,7728.97
4154.0,693720.6237,-4696384.9930,-4685866.0578,292291.85,7728.96
4155.0,701407.9758,-4695838.5008,-4685280.6722,292299.82,7728.95
4156.0,709094.3881,-4695285.7159,-4684688.9893,292307.79,7728.94
4157.0,716779.8500,-4694726.6389,-4684091.0098,292315.77,7728.93
4158.0,724464.3514,-4694161.2708,-4683486.7348,292323.75,7728.93
4159.0,732147.8820,-4693589.6121,-4682876.1649,292331.73,7728.92
4160.0,739830.4315,-4693011.6638,-4682259.3010,292339.72,7728.91
4161.0,747511.9895,-4692427.4266,-4681636.1439,292347.71,7728.90
4162.0,755192.5457,-4691836.9013,-4681006.6945,292355.71,7728.90
4163.0,762872.0900,-4691240.0887,-4680370.9537,292363.71,7728.89
4164.0,770550.6120,-4690636.9897,-4679728.9224,292371.71,7728.88
4165.0,778228.1014,-4690027.6050,-4679080.6013,292379.71,7728.87
4166.0,785904.5479,-4689411.9355,-4678425.9915,292387.72,7728.86
4167.0,793579.9413,-4688789.9821,-4677765.0938,292395.73,7728.86
4168.0,801254.2712,-4688161.7455,-4677097.9090,292403.74,7728.85
4169.0,808927.5274,-4687527.2267,-4676424.4382,292411.76,7728.84
4170.0,816599.6996,-4686886.4264,-4675744.6822,292419.78,7728.83
4171.0,824270.7775,-4686239.3457,-4675058.6420,292427.81,7728.83
4172.0,831940.7509,-4685585.9853,-4674366.3185,292435.83,7728.82
4173.0,839609.6094,-4684926.3462,-4673667.7126,292443.86,7728.81
4174.0,847277.3429,-4684260.4292,-4672962.8253,292451.90,7728.80
4175.0,854943.9409,-4683588.2353,-4672251.6576,292459.93,7728.80
4176.0,862609.3934,-4682909.7654,-4671534.2105,292467.97,7728.79
4177.0,870273.6899,-4682225.0203,-4670810.4848,292476.02,7728.78
4178.0,877936.8202,-4681534.0011,-4670080.4817,292484.06,7728.77
4179.0,885598.7741,-4680836.7087,-4669344.2021,292492.11,7728.77
4180.0,893259.5412,-4680133.1441,-4668601.6470,292500.17,7728.76
4181.0,900919.1114,-4679423.3081,-4667852.8174,292508.22,7728.75
4182.0,908577.4744,-4678707.2017,-4667097.7143,292516.28,7728.74
4183.0,916234.6199,-4677984.8260,-4666336.3389,292524.34,7728.74
4184.0,923890.5376,-4677256.1819,-4665568.6920,292532.41,7728.73
4185.0,931545.2173,-4676521.2704,-4664794.7748,292540.48,7728.72
4186.0,939198.6488,-4675780.0925,-4664014.5883,292548.55,7728.71
4187.0,946850.8217,-4675032.6492,-4663228.1336,292556.62,7728.71
4188.0,954501.7259,-4674278.9416,-4662435.4118,292564.70,7728.70
4189.0,962151.3511,-4673518.9705,-4661636.4239,292572.78,7728.69
4190.0,969799.6870,-4672752.7372,-4660831.1710,292580.86,7728.68
4191.0,977446.7234,-4671980.2426,-4660019.6542,292588.95,7728.68
4192.0,985092.4500,-4671201.4878,-4659201.8746,292597.04,7728.67
4193.0,992736.8567,-4670416.4738,-4658377.8334,292605.13,7728.66
4194.0,1000379.9331,-4669625.2017,-4657547.5317,292613.22,7728.65
4195.0,1008021.6691,-4668827.6726,-4656710.9705,292621.32,7728.65
4196.0,1015662.0544,-4668023.8876,-4655868.1510,292629.42,7728.64
4197.0,1023301.0787,-4667213.8477,-4655019.0745,292637.53,7728.63
4198.0,1030938.7318,-4666397.5540,-4654163.7419,292645.63,7728.62
4199.0,1038575.0036,-4665575.0078,-4653302.1546,292653.74,7728.62
4200.0,1046209.8837,-4664746.2099,-4652434.3136,292661.86,7728.61
4201.0,1053843.3620,-4663911.1617,-4651560.2202,292669.97,7728.60
4202.0,1061475.4281,-4663069.8643,-4650679.8755,292678.09,7728.59
4203.0,1069106.0720,-4662222.3187,-4649793.2808,292686.21,7728.59
4204.0,1076735.2834,-4661368.5261,-4648900.4372,292694.33,7728.58
4205.0,1084363.0519,-4660508.4877,-4648001.3459,292702.46,7728.57
4206.0,1091989.3676,-4659642.2046,-4647096.0082,292710.59,7728.57
4207.0,1099614.2200,-4658769.6781,-4646184.4254,292718.72,7728.56
4208.0,1107237.5991,-4657890.9093,-4645266.5986,292726.86,7728.55
4209.0,1114859.4946,-4657005.8994,-4644342.5290,292734.99,7728.54
4210.0,1122479.8962,-4656114.6496,-4643412.2181,292743.13,7728.54
4211.0,1130098.7938,-4655217.1611,-4642475.6669,292751.28,7728.53
4212.0,1137716.1772,-4654313.4351,-4641532.8768,292759.42,7728.52
4213.0,1145332.0362,-4653403.4728,-4640583.8491,292767.57,7728.51
4214.0,1152946.3605,-4652487.2756,-4639628.5850,292775.72,7728.51
4215.0,1160559.1401,-4651564.8445,-4638667.0859,292783.88,7728.50
4216.0,1168170.3645,-4650636.1809,-4637699.3531,292792.03,7728.49
4217.0,1175780.0238,-4649701.2861,-4636725.3878,292800.19,7728.49
4218.0,1183388.1077,-4648760.1613,-4635745.1915,292808.36,7728.48
4219.0,1190994.6059,-4647812.8077,-4634758.7653,292816.52,7728.47
4220.0,1198599.5084,-4646859.2266,-4633766.1107,292824.69,7728.47
4221.0,1206202.8049,-4645899.4194,-4632767.2291,292832.86,7728.46
4222.0,1213804.4852,-4644933.3874,-4631762.1217,292841.03,7728.45
4223.0,1221404.5392,-4643961.1318,-4630750.7899,292849.20,7728.44
4224.0,1229002.9566,-4642982.6540,-4629733.2351,292857.38,7728.44
4225.0,1236599.7274,-4641997.9552,-4628709.4588,292865.56,7728.43
4226.0,1244194.8412,-4641007.0369,-4627679.4622,292873.74,7728.42
4227.0,1251788.2881,-4640009.9003,-4626643.2467,292881.93,7728.42
4228.0,1259380.0577,-4639006.5468,-4625600.8139,292890.11,7728.41
4229.0,1266970.1399,-4637996.9779,-4624552.1650,292898.30,7728.40
4230.0,1274558.5246,-4636981.1947,-4623497.3015,292906.50,7728.39
4231.0,1282145.2015,-4635959.1987,-4622436.2249,292914.69,7728.39
4232.0,1289730.1606,-4634930.9914,-4621368.9366,292922.89,7728.38
4233.0,1297313.3916,-4633896.5740,-4620295.4380,292931.09,7728.37
4234.0,1304894.8845,-4632855.9480,-4619215.7306,292939.29,7728.37
4235.0,1312474.6290,-4631809.1148,-4618129.8158,292947.49,7728.36
4236.0,1320052.6150,-4630756.0757,-4617037.6951,292955.70,7728.35
4237.0,1327628.8323,-4629696.8323,-4615939.3701,292963.91,7728.35
4238.0,1335203.2709,-4628631.3860,-4614834.8421,292972.12,7728.34
4239.0,1342775.9205,-4627559.7381,-4613724.1127,292980.33,7728.33
4240.0,1350346.7710,-4626481.8902,-4612607.1834,292988.55,7728.33
4241.0,1357915.8123,-4625397.8437,-4611484.0557,292996.77,7728.32
4242.0,1365483.0342,-4624307.6000,-4610354.7311,293004.99,7728.31
4243.0,1373048.4267,-4623211.1607,-4609219.2112,293013.21,7728.31
4244.0,1380611.9795,-4622108.5272,-4608077.4975,293021.44,7728.30
4245.0,1388173.6825,-4620999.7009,-4606929.5915,293029.66,7728.29
4246.0,1395733.5257,-4619884.6835,-4605775.4948,293037.89,7728.28
4247.0,1403291.4988,-4618763.4764,-4604615.2089,293046.13,7728.28
4248.0,1410847.5918,-4617636.0812,-4603448.7355,293054.36,7728.27
4249.0,1418401.7946,-4616502.4992,-4602276.0760,293062.60,7728.26
4250.0,1425954.0970,-4615362.7322,-4601097.2322,293070.83,7728.26
4251.0,1433504.4889,-4614216.7815,-4599912.2056,293079.08,7728.25
4252.0,1441052.9602,-4613064.6489,-4598720.9977,293087.32,7728.24
4253.0,1448599.5008,-4611906.3357,-4597523.6103,293095.56,7728.24
4254.0,1456144.1005,-4610741.8436,-4596320.0448,293103.81,7728.23
4255.0,1463686.7494,-4609571.1742,-4595110.3030,293112.06,7728.22
4256.0,1471227.4372,-4608394.3289,-4593894.3866,293120.31,7728.22
4257.0,1478766.1539,-4607211.3096,-4592672.2970,293128.56,7728.21
4258.0,1486302.8894,-4606022.1176,-4591444.0361,293136.82,7728.20
4259.0,1493837.6336,-4604826.7546,-4590209.6053,293145.08,7728.20
4260.0,1501370.3763,-4603625.2223,-4588969.0066,293153.34,7728.19
4261.0,1508901.1076,-4602417.5222,-4587722.2414,293161.60,7728.18
4262.0,1516429.8173,-4601203.6560,-4586469.3115,293169.86,7728.18
4263.0,1523956.4954,-4599983.6253,-4585210.2185,293178.13,7728.17
4264.0,1531481.1317,-4598757.4318,-4583944.9643,293186.39,7728.16
4265.0,1539003.7162,-4597525.0771,-4582673.5504,293194.66,7728.16
4266.0,1546524.2387,-4596286.5629,-4581395.9787,293202.93,7728.15
4267.0,1554042.6894,-4595041.8909,-4580112.2508,293211.21,7728.14
4268.0,1561559.0580,-4593791.0626,-4578822.3685,293219.48,7728.14
4269.0,1569073.3344,-4592534.0799,-4577526.3335,293227.76,7728.13
4270.0,1576585.5088,-4591270.9444,-4576224.1476,293236.04,7728.13
4271.0,1584095.5709,-4590001.6578,-4574915.8125,293244.32,7728.12
4272.0,1591603.5107,-4588726.2218,-4573601.3300,293252.60,7728.11
4273.0,1599109.3182,-4587444.6382,-4572280.7019,293260.88,7728.11
4274.0,1606612.9832,-4586156.9086,-4570953.9300,293269.17,7728.10
4275.0,1614114.4959,-4584863.0348,-4569621.0160,293277.46,7728.09
4276.0,1621613.8461,-4583563.0186,-4568281.9617,293285.75,7728.09
4277.0,1629111.0237,-4582256.8617,-4566936.7691,293294.04,7728.08
4278.0,1636606.0188,-4580944.5659,-4565585.4398,293302.33,7728.07
4279.0,1644098.8212,-4579626.1328,-4564227.9758,293310.63,7728.07
4280.0,1651589.4210,-4578301.5644,-4562864.3787,293318.93,7728.06
4281.0,1659077.8082,-4576970.8624,-4561494.6506,293327.22,7728.05
4282.0,1666563.9726,-4575634.0286,-4560118.7932,293335.52,7728.05
4283.0,1674047.9043,-4574291.0647,-4558736.8084,293343.83,7728.04
4284.0,1681529.5933,-4572941.9726,-4557348.6981,293352.13,7728.04
4285.0,1689009.0295,-4571586.7542,-4555954.4641,293360.44,7728.03
4286.0,1696486.2029,-4570225.4112,-4554554.1084,293368.74,7728.02
4287.0,1703961.1035,-4568857.9454,-4553147.6327,293377.05,7728.02
4288.0,1711433.7213,-4567484.3588,-4551735.0391,293385.36,7728.01
4289.0,1718904.0463,-4566104.6531,-4550316.3294,293393.67,7728.00
4290.0,1726372.0684,-4564718.8302,-4548891.5055,293401.99,7728.00
4291.0,1733837.7778,-4563326.8921,-4547460.5694,293410.30,7727.99
4292.0,1741301.1643,-4561928.8404,-4546023.5230,293418.62,7727.98
4293.0,1748762.2180,-4560524.6773,-4544580.3683,293426.94,7727.98
4294.0,1756220.9288,-4559114.4044,-4543131.1071,293435.26,7727.97
4295.0,1763677.2869,-4557698.0238,-4541675.7414,293443.58,7727.97
4296.0,1771131.2822,-4556275.5373,-4540214.2733,293451.90,7727.96
4297.0,1778582.9048,-4554846.9469,-4538746.7046,293460.22,7727.95
4298.0,1786032.1446,-4553412.2545,-4537273.0374,293468.55,7727.95
4299.0,1793478.9916,-4551971.4619,-4535793.2736,293476.88,7727.94
4300.0,1800923.4360,-4550524.5712,-4534307.4153,293485.20,7727.93
4301.0,1808365.4677,-4549071.5843,-4532815.4645,293493.53,7727.93
4302.0,1815805.0768,-4547612.5032,-4531317.4231,293501.86,7727.92
4303.0,1823242.2533,-4546147.3297,-4529813.2932,293510.20,7727.92
4304.0,1830676.9873,-4544676.0660,-4528303.0768,293518.53,7727.91
4305.0,1838109.2687,-4543198.7139,-4526786.7760,293526.87,7727.90
4306.0,1845539.0877,-4541715.2755,-4525264.3927,293535.20,7727.90
4307.0,1852966.4342,-4540225.7527,-4523735.9292,293543.54,7727.89
4308.0,1860391.2984,-4538730.1475,-4522201.3873,293551.88,7727.89
4309.0,1867813.6703,-4537228.4620,-4520660.7693,293560.22,7727.88
4310.0,1875233.5400,-4535720.6983,-4519114.0771,293568.56,7727.87
4311.0,1882650.8975,-4534206.8582,-4517561.3128,293576.91,7727.87
4312.0,1890065.7328,-4532686.9439,-4516002.4786,293585.25,7727.86
4313.0,1897478.0362,-4531160.9573,-4514437.5766,293593.60,7727.86
4314.0,1904887.7975,-4529628.9006,-4512866.6088,293601.94,7727.85
4315.0,1912295.0070,-4528090.7759,-4511289.5775,293610.29,7727.84
4316.0,1919699.6547,-4526546.5850,-4509706.4846,293618.64,7727.84
4317.0,1927101.7306,-4524996.3303,-4508117.3324,293626.99,7727.83
4318.0,1934501.2249,-4523440.0137,-4506522.1229,293635.34,7727.83
4319.0,1941898.1277,-4521877.6373,-4504920.8584,293643.70,7727.82
4320.0,1949292.4290,-4520309.2033,-4503313.5410,293652.05,7727.81
4321.0,1956684.1189,-4518734.7137,-4501700.1729,293660.40,7727.81
4322.0,1964073.1876,-4517154.1706,-4500080.7562,293668.76,7727.80
4323.0,1971459.6251,-4515567.5762,-4498455.2931,293677.12,7727.80
4324.0,1978843.4216,-4513974.9327,-4496823.7859,293685.48,7727.79
4325.0,1986224.5672,-4512376.2421,-4495186.2367,293693.83,7727.78
4326.0,1993603.0519,-4510771.5066,-4493542.6477,293702.19,7727.78
4327.0,2000978.8660,-4509160.7284,-4491893.0212,293710.56,7727.77
4328.0,2008351.9995,-4507543.9096,-4490237.3593,293718.92,7727.77
4329.0,2015722.4425,-4505921.0525,-4488575.6643,293727.28,7727.76
4330.0,2023090.1853,-4504292.1591,-4486907.9385,293735.65,7727.76
4331.0,2030455.2178,-4502657.2317,-4485234.1840,293744.01,7727.75
4332.0,2037817.5303,-4501016.2724,-4483554.4032,293752.38,7727.74
4333.0,2045177.1129,-4499369.2836,-4481868.5984,293760.74,7727.74
4334.0,2052533.9557,-4497716.2673,-4480176.7717,293769.11,7727.73
4335.0,2059888.0489,-4496057.2258,-4478478.9254,293777.48,7727.73
4336.0,2067239.3827,-4494392.1614,-4476775.0619,293785.85,7727.72
4337.0,2074587.9472,-4492721.0763,-4475065.1835,293794.22,7727.71
4338.0,2081933.7325,-4491043.9727,-4473349.2924,293802.59,7727.71
4339.0,2089276.7288,-4489360.8529,-4471627.3910,293810.96,7727.70
4340.0,2096616.9263,-4487671.7191,-4469899.4816,293819.34,7727.70
4341.0,2103954.3152,-4485976.5737,-4468165.5665,293827.71,7727.69
4342.0,2111288.8856,-4484275.4188,-4466425.6480,293836.09,7727.69
4343.0,2118620.6276,-4482568.2568,-4464679.7285,293844.46,7727.68
4344.0,2125949.5316,-4480855.0900,-4462927.8104,293852.84,7727.67
4345.0,2133275.5877,-4479135.9207,-4461169.8960,293861.21,7727.67
4346.0,2140598.7860,-4477410.7511,-4459405.9877,293869.59,7727.66
4347.0,2147919.1168,-4475679.5836,-4457636.0878,293877.97,7727.66
4348.0,2155236.5702,-4473942.4206,-4455860.1988,293886.35,7727.65
4349.0,2162551.1365,-4472199.2643,-4454078.3230,293894.73,7727.65
4350.0,2169862.8058,-4470450.1172,-4452290.4629,293903.11,7727.64
4351.0,2177171.5684,-4468694.9814,-4450496.6208,293911.49,7727.64
4352.0,2184477.4145,-4466933.8595,-4448696.7991,293919.87,7727.63
4353.0,2191780.3343,-4465166.7538,-4446891.0003,293928.25,7727.62
4354.0,2199080.3180,-4463393.6666,-4445079.2269,293936.64,7727.62
4355.0,2206377.3558,-4461614.6003,-4443261.4812,293945.02,7727.61
4356.0,2213671.4380,-4459829.5574,-4441437.7657,293953.40,7727.61
4357.0,2220962.5548,-4458038.5402,-4439608.0829,293961.79,7727.60
4358.0,2228250.6964,-4456241.5511,-4437772.4352,293970.17,7727.60
4359.0,2235535.8531,-4454438.5925,-4435930.8251,293978.56,7727.59
4360.0,2242818.0152,-4452629.6669,-4434083.2551,293986.94,7727.59
4361.0,2250097.1728,-4450814.7767,-4432229.7277,293995.33,7727.58
4362.0,2257373.3162,-4448993.9243,-4430370.2453,294003.72,7727.57
4363.0,2264646.4357,-4447167.1122,-4428504.8105,294012.10,7727.57
4364.0,2271916.5215,-4445334.3428,-4426633.4258,294020.49,7727.56
4365.0,2279183.5640,-4443495.6186,-4424756.0937,294028.88,7727.56
4366.0,2286447.5533,-4441650.9420,-4422872.8167,294037.27,7727.55
4367.0,2293708.4797,-4439800.3155,-4420983.5974,294045.66,7727.55
4368.0,2300966.3336,-4437943.7417,-4419088.4383,294054.05,7727.54
4369.0,2308221.1051,-4436081.2230,-4417187.3420,294062.44,7727.54
4370.0,2315472.7847,-4434212.7619,-4415280.3110,294070.82,7727.53
4371.0,2322721.3625,-4432338.3609,-4413367.3478,294079.22,7727.53
4372.0,2329966.8289,-4430458.0225,-4411448.4552,294087.61,7727.52
4373.0,2337209.1741,-4428571.7493,-4409523.6356,294096.00,7727.51
4374.0,2344448.3885,-4426679.5438,-4407592.8916,294104.39,7727.51
4375.0,2351684.4624,-4424781.4085,-4405656.2259,294112.78,7727.50
4376.0,2358917.3861,-4422877.3460,-4403713.6411,294121.17,7727.50
4377.0,2366147.1498,-4420967.3588,-4401765.1397,294129.56,7727.49
4378.0,2373373.7440,-4419051.4496,-4399810.7244,294137.95,7727.49
4379.0,2380597.1589,-4417129.6207,-4397850.3978,294146.35,7727.48
4380.0,2387817.3849,-4415201.8750,-4395884.1625,294154.74,7727.48
4381.0,2395034.4122,-4413268.2149,-4393912.0213,294163.13,7727.47
4382.0,2402248.2313,-4411328.6430,-4391933.9768,294171.52,7727.47
4383.0,2409458.8324,-4409383.1619,-4389950.0315,294179.91,7727.46
4384.0,2416666.2060,-4407431.7743,-4387960.1883,294188.31,7727.46
4385.0,2423870.3423,-4405474.4827,-4385964.4497,294196.70,7727.45
4386.0,2431071.2317,-4403511.2899,-4383962.8185,294205.09,7727.45
4387.0,2438268.8646,-4401542.1983,-4381955.2974,294213.49,7727.44
4388.0,2445463.2314,-4399567.2108,-4379941.8890,294221.88,7727.44
4389.0,2452654.3223,-4397586.3298,-4377922.5960,294230.27,7727.43
4390.0,2459842.1278,-4395599.5581,-4375897.4213,294238.66,7727.43
4391.0,2467026.6382,-4393606.8984,-4373866.3674,294247.06,7727.42
4392.0,2474207.8439,-4391608.3533,-4371829.4373,294255.45,7727.42
4393.0,2481385.7354,-4389603.9255,-4369786.6334,294263.84,7727.41
4394.0,2488560.3029,-4387593.6177,-4367737.9588,294272.24,7727.41
4395.0,2495731.5369,-4385577.4325,-4365683.4160,294280.63,7727.40
4396.0,2502899.4278,-4383555.3728,-4363623.0078,294289.02,7727.40
4397.0,2510063.9660,-4381527.4411,-4361556.7371,294297.41,7727.39
4398.0,2517225.1418,-4379493.6403,-4359484.6066,294305.81,7727.38
4399.0,2524382.9457,-4377453.9731,-4357406.6191,294314.20,7727.38
4400.0,2531537.3682,-4375408.4421,-4355322.7774,294322.59,7727.37
4401.0,2538688.3996,-4373357.0502,-4353233.0843,294330.98,7727.37
4402.0,2545836.0303,-4371299.8000,-4351137.5426,294339.37,7727.36
4403.0,2552980.2508,-4369236.6944,-4349036.1552,294347.76,7727.36
4404.0,2560121.0515,-4367167.7361,-4346928.9247,294356.16,7727.35
4405.0,2567258.4229,-4365092.9279,-4344815.8542,294364.55,7727.35
4406.0,2574392.3553,-4363012.2726,-4342696.9464,294372.94,7727.34
4407.0,2581522.8393,-4360925.7729,-4340572.2042,294381.33,7727.34
4408.0,2588649.8653,-4358833.4317,-4338441.6305,294389.72,7727.33
4409.0,2595773.4237,-4356735.2518,-4336305.2280,294398.11,7727.33
4410.0,2602893.5050,-4354631.2360,-4334162.9998,294406.50,7727.32
4411.0,2610010.0997,-4352521.3870,-4332014.9486,294414.89,7727.32
4412.0,2617123.1982,-4350405.7078,-4329861.0773,294423.27,7727.32
4413.0,2624232.7911,-4348284.2012,-4327701.3889,294431.66,7727.31
4414.0,2631338.8687,-4346156.8700,-4325535.8863,294440.05,7727.31
4415.0,2638441.4216,-4344023.7171,-4323364.5724,294448.44,7727.30
4416.0,2645540.4402,-4341884.7453,-4321187.4500,294456.82,7727.30
4417.0,2652635.9152,-4339739.9575,-4319004.5222,294465.21,7727.29
4418.0,2659727.8368,-4337589.3566,-4316815.7918,294473.60,7727.29
4419.0,2666816.1958,-4335432.9454,-4314621.2618,294481.98,7727.28
4420.0,2673900.9824,-4333270.7269,-4312420.9352,294490.37,7727.28
4421.0,2680982.1874,-4331102.7040,-4310214.8149,294498.75,7727.27
4422.0,2688059.8011,-4328928.8795,-4308002.9039,294507.14,7727.27
4423.0,2695133.8142,-4326749.2564,-4305785.2051,294515.52,7727.26
4424.0,2702204.2171,-4324563.8376,-4303561.7216,294523.90,7727.26
4425.0,2709271.0004,-4322372.6261,-4301332.4563,294532.28,7727.25
4426.0,2716334.1546,-4320175.6247,-4299097.4122,294540.67,7727.25
4427.0,2723393.6702,-4317972.8364,-4296856.5924,294549.05,7727.24
4428.0,2730449.5378,-4315764.2642,-4294609.9998,294557.43,7727.24
4429.0,2737501.7480,-4313549.9110,-4292357.6375,294565.81,7727.23
4430.0,2744550.2912,-4311329.7798,-4290099.5085,294574.19,7727.23
4431.0,2751595.1581,-4309103.8736,-4287835.6158,294582.56,7727.22
4432.0,2758636.3393,-4306872.1954,-4285565.9625,294590.94,7727.22
4433.0,2765673.8252,-4304634.7481,-4283290.5517,294599.32,7727.21
4434.0,2772707.6065,-4302391.5348,-4281009.3863,294607.69,7727.21
4435.0,2779737.6738,-4300142.5584,-4278722.4695,294616.07,7727.21
4436.0,2786764.0176,-4297887.8220,-4276429.8043,294624.44,7727.20
4437.0,2793786.6285,-4295627.3287,-4274131.3938,294632.82,7727.20
4438.0,2800805.4971,-4293361.0813,-4271827.2412,294641.19,7727.19
4439.0,2807820.6141,-4291089.0830,-4269517.3495,294649.56,7727.19
4440.0,2814831.9700,-4288811.3368,-4267201.7217,294657.93,7727.18
4441.0,2821839.5554,-4286527.8458,-4264880.3611,294666.30,7727.18
4442.0,2828843.3610,-4284238.6131,-4262553.2708,294674.67,7727.17
4443.0,2835843.3773,-4281943.6416,-4260220.4538,294683.04,7727.17
4444.0,2842839.5951,-4279642.9345,-4257881.9134,294691.41,7727.16
4445.0,2849832.0048,-4277336.4949,-4255537.6526,294699.78,7727.16
4446.0,2856820.5972,-4275024.3258,-4253187.6746,294708.14,7727.15
4447.0,2863805.3630,-4272706.4304,-4250831.9826,294716.51,7727.15
4448.0,2870786.2926,-4270382.8117,-4248470.5797,294724.87,7727.15
4449.0,2877763.3769,-4268053.4729,-4246103.4691,294733.23,7727.14
4450.0,2884736.6064,-4265718.4171,-4243730.6541,294741.60,7727.14
4451.0,2891705.9719,-4263377.6474,-4241352.1377,294749.96,7727.13
4452.0,2898671.4639,-4261031.1670,-4238967.9232,294758.32,7727.13
4453.0,2905633.0732,-4258678.9790,-4236578.0138,294766.68,7727.12
4454.0,2912590.7904,-4256321.0866,-4234182.4126,294775.03,7727.12
4455.0,2919544.6062,-4253957.4928,-4231781.1231,294783.39,7727.11
4456.0,2926494.5113,-4251588.2010,-4229374.1482,294791.75,7727.11
4457.0,2933440.4964,-4249213.2143,-4226961.4914,294800.10,7727.11
4458.0,2940382.5522,-4246832.5357,-4224543.1557,294808.45,7727.10
4459.0,2947320.6693,-4244446.1687,-4222119.1446,294816.80,7727.10
4460.0,2954254.8386,-4242054.1162,-4219689.4612,294825.16,7727.09
4461.0,2961185.0507,-4239656.3816,-4217254.1088,294833.50,7727.09
4462.0,2968111.2963,-4237252.9681,-4214813.0907,294841.85,7727.08
4463.0,2975033.5662,-4234843.8788,-4212366.4101,294850.20,7727.08
4464.0,2981951.8510,-4232429.1171,-4209914.0704,294858.55,7727.07
4465.0,2988866.1416,-4230008.6861,-4207456.0748,294866.89,7727.07
4466.0,2995776.4286,-4227582.5891,-4204992.4267,294875.23,7727.07
4467.0,3002682.7028,-4225150.8293,-4202523.1293,294883.58,7727.06
4468.0,3009584.9549,-4222713.4100,-4200048.1860,294891.92,7727.06
4469.0,3016483.1758,-4220270.3345,-4197567.6002,294900.25,7727.05
4470.0,3023377.3561,-4217821.6060,-4195081.3750,294908.59,7727.05
4471.0,3030267.4867,-4215367.2278,-4192589.5140,294916.93,7727.04
4472.0,3037153.5583,-4212907.2033,-4190092.0204,294925.26,7727.04
4473.0,3044035.5616,-4210441.5356,-4187588.8975,294933.60,7727.04
4474.0,3050913.4876,-4207970.2282,-4185080.1489,294941.93,7727.03
4475.0,3057787.3268,-4205493.2842,-4182565.7777,294950.26,7727.03
4476.0,3064657.0702,-4203010.7072,-4180045.7874,294958.59,7727.02
4477.0,3071522.7086,-4200522.5002,-4177520.1815,294966.92,7727.02
4478.0,3078384.2327,-4198028.6668,-4174988.9632,294975.24,7727.01
4479.0,3085241.6334,-4195529.2103,-4172452.1360,294983.57,7727.01
4480.0,3092094.9014,-4193024.1339,-4169909.7033,294991.89,7727.01
4481.0,3098944.0277,-4190513.4410,-4167361.6685,295000.21,7727.00
4482.0,3105789.0029,-4187997.1351,-4164808.0351,295008.53,7727.00
4483.0,3112629.8181,-4185475.2195,-4162248.8064,295016.85,7726.99
4484.0,3119466.4639,-4182947.6975,-4159683.9859,295025.17,7726.99
4485.0,3126298.9312,-4180414.5726,-4157113.5771,295033.48,7726.99
4486.0,3133127.2110,-4177875.8481,-4154537.5834,295041.80,7726.98
4487.0,3139951.2940,-4175331.5274,-4151956.0083,295050.11,7726.98
4488.0,3146771.1710,-4172781.6140,-4149368.8552,295058.42,7726.97
4489.0,3153586.8331,-4170226.1113,-4146776.1276,295066.73,7726.97
4490.0,3160398.2709,-4167665.0227,-4144177.8290,295075.03,7726.97
4491.0,3167205.4755,-4165098.3516,-4141573.9630,295083.34,7726.96
4492.0,3174008.4377,-4162526.1014,-4138964.5329,295091.64,7726.96
4493.0,3180807.1484,-4159948.2757,-4136349.5423,295099.94,7726.95
4494.0,3187601.5984,-4157364.8778,-4133728.9947,295108.24,7726.95
4495.0,3194391.7788,-4154775.9113,-4131102.8936,295116.54,7726.94
4496.0,3201177.6803,-4152181.3796,-4128471.2427,295124.84,7726.94
4497.0,3207959.2939,-4149581.2861,-4125834.0453,295133.13,7726.94
4498.0,3214736.6105,-4146975.6343,-4123191.3050,295141.42,7726.93
4499.0,3221509.6210,-4144364.4278,-4120543.0255,295149.71,7726.93
4500.0,3228278.3164,-4141747.6701,-4117889.2101,295158.00,7726.93
4501.0,3235042.6876,-4139125.3646,-4115229.8627,295166.29,7726.92
4502.0,3241802.7255,-4136497.5148,-4112564.9866,295174.57,7726.92
4503.0,3248558.4211,-4133864.1244,-4109894.5854,295182.86,7726.91
4504.0,3255309.7653,-4131225.1967,-4107218.6628,295191.14,7726.91
4505.0,3262056.7492,-4128580.7354,-4104537.2224,295199.42,7726.91
4506.0,3268799.3635,-4125930.7439,-4101850.2678,295207.69,7726.90
4507.0,3275537.5994,-4123275.2259,-4099157.8025,295215.97,7726.90
4508.0,3282271.4478,-4120614.1849,-4096459.8302,295224.24,7726.89
4509.0,3289000.8996,-4117947.6245,-4093756.3544,295232.51,7726.89
4510.0,3295725.9459,-4115275.5481,-4091047.3790,295240.78,7726.89
4511.0,3302446.5777,-4112597.9595,-4088332.9074,295249.05,7726.88
4512.0,3309162.7859,-4109914.8622,-4085612.9433,295257.31,7726.88
4513.0,3315874.5616,-4107226.2597,-4082887.4905,295265.57,7726.87
4514.0,3322581.8957,-4104532.1558,-4080156.5524,295273.83,7726.87
4515.0,3329284.7793,-4101832.5539,-4077420.1329,295282.09,7726.87
4516.0,3335983.2034,-4099127.4578,-4074678.2356,295290.35,7726.86
4517.0,3342677.1590,-4096416.8710,-4071930.8641,295298.60,7726.86
4518.0,3349366.6372,-4093700.7971,-4069178.0222,295306.85,7726.86
4519.0,3356051.6290,-4090979.2399,-4066419.7136,295315.10,7726.85
4520.0,3362732.1254,-4088252.2029,-4063655.9419,295323.35,7726.85
4521.0,3369408.1175,-4085519.6898,-4060886.7109,295331.59,7726.84
4522.0,3376079.5964,-4082781.7043,-4058112.0243,295339.84,7726.84
4523.0,3382746.5531,-4080038.2500,-4055331.8858,295348.08,7726.84
4524.0,3389408.9787,-4077289.3306,-4052546.2992,295356.31,7726.83
4525.0,3396066.8643,-4074534.9498,-4049755.2682,295364.55,7726.83
4526.0,3402720.2009,-4071775.1112,-4046958.7966,295372.78,7726.83
4527.0,3409368.9796,-4069009.8187,-4044156.8880,295381.01,7726.82
4528.0,3416013.1916,-4066239.0758,-4041349.5464,295389.24,7726.82
4529.0,3422652.8278,-4063462.8863,-4038536.7753,295397.47,7726.81
4530.0,3429287.8796,-4060681.2539,-4035718.5787,295405.69,7726.81
4531.0,3435918.3378,-4057894.1823,-4032894.9603,295413.91,7726.81
4532.0,3442544.1937,-4055101.6753,-4030065.9240,295422.13,7726.80
4533.0,3449165.4384,-4052303.7366,-4027231.4734,295430.35,7726.80
4534.0,3455782.0631,-4049500.3699,-4024391.6124,295438.56,7726.80
4535.0,3462394.0587,-4046691.5790,-4021546.3448,295446.77,7726.79
4536.0,3469001.4166,-4043877.3677,-4018695.6745,295454.98,7726.79
4537.0,3475604.1278,-4041057.7398,-4015839.6053,295463.19,7726.79
4538.0,3482202.1835,-4038232.6989,-4012978.1409,295471.39,7726.78
4539.0,3488795.5749,-4035402.2489,-4010111.2854,295479.59,7726.78
4540.0,3495384.2931,-4032566.3937,-4007239.0424,295487.79,7726.77
4541.0,3501968.3293,-4029725.1368,-4004361.4159,295495.98,7726.77
4542.0,3508547.6747,-4026878.4823,-4001478.4097,295504.18,7726.77
4543.0,3515122.3205,-4024026.4339,-3998590.0277,295512.37,7726.76
4544.0,3521692.2578,-4021168.9954,-3995696.2738,295520.55,7726.76
4545.0,3528257.4779,-4018306.1706,-3992797.1519,295528.74,7726.76
4546.0,3534817.9719,-4015437.9635,-3989892.6658,295536.92,7726.75
4547.0,3541373.7312,-4012564.3777,-3986982.8195,295545.10,7726.75
4548.0,3547924.7468,-4009685.4172,-3984067.6169,295553.28,7726.75
4549.0,3554471.0100,-4006801.0858,-3981147.0618,295561.45,7726.74
4550.0,3561012.5121,-4003911.3874,-3978221.1583,295569.62,7726.74
4551.0,3567549.2443,-4001016.3259,-3975289.9102,295577.79,7726.74
4552.0,3574081.1978,-3998115.9051,-3972353.3214,295585.96,7726.73
4553.0,3580608.3639,-3995210.1288,-3969411.3960,295594.12,7726.73
4554.0,3587130.7338,-3992299.0011,-3966464.1379,295602.28,7726.73
4555.0,3593648.2988,-3989382.5258,-3963511.5510,295610.44,7726.72
4556.0,3600161.0502,-3986460.7069,-3960553.6392,295618.59,7726.72
4557.0,3606668.9792,-3983533.5481,-3957590.4067,295626.74,7726.72
4558.0,3613172.0772,-3980601.0535,-3954621.8573,295634.89,7726.71
4559.0,3619670.3354,-3977663.2269,-3951647.9950,295643.04,7726.71
4560.0,3626163.7450,-3974720.0723,-3948668.8238,295651.18,7726.70
4561.0,3632652.2975,-3971771.5937,-3945684.3478,295659.32,7726.70
4562.0,3639135.9841,-3968817.7950,-3942694.5709,295667.45,7726.70
4563.0,3645614.7961,-3965858.6801,-3939699.4972,295675.59,7726.69
4564.0,3652088.7248,-3962894.2530,-3936699.1306,295683.72,7726.69
4565.0,3658557.7617,-3959924.5177,-3933693.4753,295691.84,7726.69
4566.0,3665021.8979,-3956949.4781,-3930682.5352,295699.97,7726.68
4567.0,3671481.1249,-3953969.1383,-3927666.3143,295708.09,7726.68
4568.0,3677935.4340,-3950983.5022,-3924644.8168,295716.21,7726.68
4569.0,3684384.8165,-3947992.5738,-3921618.0467,295724.32,7726.67
4570.0,3690829.2638,-3944996.3572,-3918586.0081,295732.43,7726.67
4571.0,3697268.7673,-3941994.8563,-3915548.7049,295740.54,7726.67
4572.0,3703703.3184,-3938988.0751,-3912506.1414,295748.65,7726.67
4573.0,3710132.9084,-3935976.0177,-3909458.3216,295756.75,7726.66
4574.0,3716557.5287,-3932958.6882,-3906405.2496,295764.85,7726.66
4575.0,3722977.1707,-3929936.0905,-3903346.9294,295772.94,7726.66
4576.0,3729391.8257,-3926908.2287,-3900283.3653,295781.04,7726.65
4577.0,3735801.4853,-3923875.1068,-3897214.5612,295789.13,7726.65
4578.0,3742206.1409,-3920836.7290,-3894140.5214,295797.21,7726.65
4579.0,3748605.7837,-3917793.0993,-3891061.2499,295805.29,7726.64
4580.0,3755000.4054,-3914744.2217,-3887976.7509,295813.37,7726.64
4581.0,3761389.9972,-3911690.1004,-3884887.0286,295821.45,7726.64
4582.0,3767774.5507,-3908630.7394,-3881792.0870,295829.52,7726.63
4583.0,3774154.0572,-3905566.1428,-3878691.9304,295837.59,7726.63
4584.0,3780528.5083,-3902496.3148,-3875586.5629,295845.66,7726.63
4585.0,3786897.8954,-3899421.2594,-3872475.9886,295853.72,7726.62
4586.0,3793262.2099,-3896340.9808,-3869360.2118,295861.78,7726.62
4587.0,3799621.4434,-3893255.4830,-3866239.2367,295869.83,7726.62
4588.0,3805975.5873,-3890164.7703,-3863113.0673,295877.88,7726.61
4589.0,3812324.6331,-3887068.8467,-3859981.7080,295885.93,7726.61
4590.0,3818668.5723,-3883967.7164,-3856845.1629,295893.98,7726.61
4591.0,3825007.3964,-3880861.3835,-3853703.4362,295902.02,7726.60
4592.0,3831341.0969,-3877749.8523,-3850556.5322,295910.06,7726.60
4593.0,3837669.6653,-3874633.1268,-3847404.4551,295918.09,7726.60
4594.0,3843993.0931,-3871511.2113,-3844247.2091,295926.12,7726.60
4595.0,3850311.3720,-3868384.1098,-3841084.7985,295934.15,7726.59
4596.0,3856624.4933,-3865251.8268,-3837917.2274,295942.17,7726.59
4597.0,3862932.4486,-3862114.3662,-3834744.5002,295950.19,7726.59
4598.0,3869235.2295,-3858971.7323,-3831566.6211,295958.21,7726.58
4599.0,3875532.8276,-3855823.9293,-3828383.5944,295966.22,7726.58
4600.0,3881825.2344,-3852670.9614,-3825195.4244,295974.23,7726.58
4601.0,3888112.4415,-3849512.8329,-3822002.1153,295982.24,7726.57
4602.0,3894394.4404,-3846349.5480,-3818803.6714,295990.24,7726.57
4603.0,3900671.2227,-3843181.1108,-3815600.0970,295998.24,7726.57
4604.0,3906942.7801,-3840007.5258,-3812391.3965,296006.23,7726.57
4605.0,3913209.1041,-3836828.7970,-3809177.5741,296014.22,7726.56
4606.0,3919470.1863,-3833644.9288,-3805958.6341,296022.21,7726.56
4607.0,3925726.0183,-3830455.9253,-3802734.5809,296030.19,7726.56
4608.0,3931976.5918,-3827261.7910,-3799505.4188,296038.17,7726.55
4609.0,3938221.8983,-3824062.5300,-3796271.1521,296046.14,7726.55
4610.0,3944461.9296,-3820858.1467,-3793031.7852,296054.11,7726.55
4611.0,3950696.6772,-3817648.6453,-3789787.3224,296062.08,7726.55
4612.0,3956926.1328,-3814434.0302,-3786537.7681,296070.04,7726.54
4613.0,3963150.2881,-3811214.3056,-3783283.1266,296078.00,7726.54
4614.0,3969369.1346,-3807989.4758,-3780023.4024,296085.96,7726.54
4615.0,3975582.6642,-3804759.5451,-3776758.5997,296093.91,7726.53
4616.0,3981790.8683,-3801524.5180,-3773488.7230,296101.86,7726.53
4617.0,3987993.7388,-3798284.3987,-3770213.7767,296109.80,7726.53
4618.0,3994191.2673,-3795039.1915,-3766933.7651,296117.74,7726.53
4619.0,4000383.4456,-3791788.9008,-3763648.6927,296125.68,7726.52
4620.0,4006570.2652,-3788533.5310,-3760358.5639,296133.61,7726.52
4621.0,4012751.7179,-3785273.0864,-3757063.3830,296141.53,7726.52
4622.0,4018927.7955,-3782007.5713,-3753763.1546,296149.46,7726.51
4623.0,4025098.4897,-3778736.9902,-3750457.8831,296157.38,7726.51
4624.0,4031263.7921,-3775461.3474,-3747147.5728,296165.29,7726.51
4625.0,4037423.6946,-3772180.6473,-3743832.2282,296173.20,7726.51
4626.0,4043578.1889,-3768894.8943,-3740511.8538,296181.11,7726.50
4627.0,4049727.2667,-3765604.0928,-3737186.4541,296189.01,7726.50
4628.0,4055870.9197,-3762308.2472,-3733856.0335,296196.91,7726.50
4629.0,4062009.1399,-3759007.3619,-3730520.5964,296204.80,7726.49
4630.0,4068141.9188,-3755701.4414,-3727180.1474,296212.69,7726.49
4631.0,4074269.2484,-3752390.4900,-3723834.6910,296220.58,7726.49
4632.0,4080391.1204,-3749074.5121,-3720484.2315,296228.46,7726.49
4633.0,4086507.5266,-3745753.5123,-3717128.7736,296236.34,7726.48
4634.0,4092618.4588,-3742427.4950,-3713768.3218,296244.21,7726.48
4635.0,4098723.9088,-3739096.4646,-3710402.8804,296252.08,7726.48
4636.0,4104823.8684,-3735760.4256,-3707032.4542,296259.94,7726.48
4637.0,4110918.3295,-3732419.3824,-3703657.0475,296267.80,7726.47
4638.0,4117007.2838,-3729073.3395,-3700276.6650,296275.66,7726.47
4639.0,4123090.7233,-3725722.3015,-3696891.3111,296283.51,7726.47
4640.0,4129168.6398,-3722366.2727,-3693500.9904,296291.36,7726.46
4641.0,4135241.0251,-3719005.2577,-3690105.7074,296299.20,7726.46
4642.0,4141307.8711,-3715639.2610,-3686705.4668,296307.04,7726.46
4643.0,4147369.1697,-3712268.2870,-3683300.2731,296314.87,7726.46
4644.0,4153424.9127,-3708892.3404,-3679890.1308,296322.70,7726.45
4645.0,4159475.0920,-3705511.4255,-3676475.0446,296330.52,7726.45
4646.0,4165519.6996,-3702125.5470,-3673055.0189,296338.34,7726.45
4647.0,4171558.7273,-3698734.7094,-3669630.0585,296346.16,7726.45
4648.0,4177592.1669,-3695338.9172,-3666200.1679,296353.97,7726.44
4649.0,4183620.0106,-3691938.1749,-3662765.3517,296361.78,7726.44
4650.0,4189642.2501,-3688532.4871,-3659325.6145,296369.58,7726.44
4651.0,4195658.8773,-3685121.8584,-3655880.9609,296377.37,7726.44
4652.0,4201669.8843,-3681706.2933,-3652431.3956,296385.17,7726.43
4653.0,4207675.2630,-3678285.7965,-3648976.9232,296392.95,7726.43
4654.0,4213675.0053,-3674860.3724,-3645517.5483,296400.74,7726.43
4655.0,4219669.1031,-3671430.0257,-3642053.2757,296408.52,7726.43
4656.0,4225657.5485,-3667994.7609,-3638584.1098,296416.29,7726.42
4657.0,4231640.3335,-3664554.5827,-3635110.0554,296424.06,7726.42
4658.0,4237617.4499,-3661109.4956,-3631631.1172,296431.82,7726.42
4659.0,4243588.8898,-3657659.5043,-3628147.2998,296439.58,7726.42
4660.0,4249554.6452,-3654204.6134,-3624658.6079,296447.34,7726.41
4661.0,4255514.7081,-3650744.8275,-3621165.0462,296455.09,7726.41
4662.0,4261469.0705,-3647280.1513,-3617666.6193,296462.83,7726.41
4663.0,4267417.7244,-3643810.5893,-3614163.3320,296470.57,7726.41
4664.0,4273360.6619,-3640336.1463,-3610655.1890,296478.31,7726.40
4665.0,4279297.8750,-3636856.8268,-3607142.1950,296486.04,7726.40
4666.0,4285229.3556,-3633372.6356,-3603624.3546,296493.76,7726.40
4667.0,4291155.0960,-3629883.5772,-3600101.6727,296501.48,7726.40
4668.0,4297075.0881,-3626389.6565,-3596574.1539,296509.20,7726.39
4669.0,4302989.3240,-3622890.8780,-3593041.8030,296516.91,7726.39
4670.0,4308897.7958,-3619387.2464,-3589504.6248,296524.62,7726.39
4671.0,4314800.4955,-3615878.7664,-3585962.6239,296532.32,7726.39
4672.0,4320697.4153,-3612365.4427,-3582415.8051,296540.01,7726.38
4673.0,4326588.5472,-3608847.2801,-3578864.1733,296547.71,7726.38
4674.0,4332473.8833,-3605324.2831,-3575307.7331,296555.39,7726.38
4675.0,4338353.4159,-3601796.4566,-3571746.4893,296563.07,7726.38
4676.0,4344227.1368,-3598263.8053,-3568180.4468,296570.75,7726.38
4677.0,4350095.0384,-3594726.3338,-3564609.6102,296578.42,7726.37
4678.0,4355957.1127,-3591184.0470,-3561033.9845,296586.09,7726.37
4679.0,4361813.3520,-3587636.9496,-3557453.5743,296593.75,7726.37
4680.0,4367663.7482,-3584085.0462,-3553868.3846,296601.40,7726.37
4681.0,4373508.2936,-3580528.3418,-3550278.4200,296609.05,7726.36
4682.0,4379346.9804,-3576966.8409,-3546683.6855,296616.70,7726.36
4683.0,4385179.8007,-3573400.5485,-3543084.1859,296624.34,7726.36
4684.0,4391006.7467,-3569829.4692,-3539479.9260,296631.97,7726.36
4685.0,4396827.8106,-3566253.6078,-3535870.9106,296639.60,7726.35
4686.0,4402642.9846,-3562672.9692,-3532257.1446,296647.23,7726.35
4687.0,4408452.2609,-3559087.5582,-3528638.6328,296654.85,7726.35
4688.0,4414255.6317,-3555497.3794,-3525015.3801,296662.46,7726.35
4689.0,4420053.0893,-3551902.4378,-3521387.3913,296670.07,7726.35
4690.0,4425844.6258,-3548302.7381,-3517754.6714,296677.67,7726.34
4691.0,4431630.2335,-3544698.2852,-3514117.2252,296685.27,7726.34
4692.0,4437409.9047,-3541089.0839,-3510475.0575,296692.86,7726.34
4693.0,4443183.6316,-3537475.1389,-3506828.1733,296700.45,7726.34
4694.0,4448951.4064,-3533856.4553,-3503176.5775,296708.03,7726.33
4695.0,4454713.2215,-3530233.0377,-3499520.2750,296715.61,7726.33
4696.0,4460469.0690,-3526604.8911,-3495859.2706,296723.18,7726.33
4697.0,4466218.9414,-3522972.0203,-3492193.5694,296730.75,7726.33
4698.0,4471962.8308,-3519334.4301,-3488523.1761,296738.31,7726.33
4699.0,4477700.7296,-3515692.1255,-3484848.0958,296745.86,7726.32
4700.0,4483432.6301,-3512045.1113,-3481168.3334,296753.41,7726.32
4701.0,4489158.5246,-3508393.3924,-3477483.8938,296760.95,7726.32
4702.0,4494878.4055,-3504736.9736,-3473794.7819,296768.49,7726.32
4703.0,4500592.2650,-3501075.8600,-3470101.0028,296776.02,7726.31
4704.0,4506300.0955,-3497410.0563,-3466402.5613,296783.55,7726.31
4705.0,4512001.8893,-3493739.5675,-3462699.4625,296791.07,7726.31
4706.0,4517697.6389,-3490064.3984,-3458991.7113,296798.59,7726.31
4707.0,4523387.3365,-3486384.5541,-3455279.3127,296806.10,7726.31
4708.0,4529070.9746,-3482700.0394,-3451562.2716,296813.60,7726.30
4709.0,4534748.5455,-3479010.8593,-3447840.5931,296821.10,7726.30
4710.0,4540420.0416,-3475317.0187,-3444114.2822,296828.60,7726.30
4711.0,4546085.4553,-3471618.5225,-3440383.3438,296836.08,7726.30
4712.0,4551744.7791,-3467915.3758,-3436647.7830,296843.57,7726.30
4713.0,4557398.0052,-3464207.5834,-3432907.6048,296851.04,7726.29
4714.0,4563045.1262,-3460495.1503,-3429162.8141,296858.51,7726.29
4715.0,4568686.1345,-3456778.0815,-3425413.4161,296865.98,7726.29
4716.0,4574321.0226,-3453056.3820,-3421659.4158,296873.44,7726.29
4717.0,4579949.7827,-3449330.0567,-3417900.8182,296880.89,7726.29
4718.0,4585572.4075,-3445599.1106,-3414137.6283,296888.34,7726.28
4719.0,4591188.8894,-3441863.5488,-3410369.8513,296895.78,7726.28
4720.0,4596799.2209,-3438123.3762,-3406597.4921,296903.22,7726.28
4721.0,4602403.3943,-3434378.5978,-3402820.5558,296910.65,7726.28
4722.0,4608001.4023,-3430629.2187,-3399039.0475,296918.07,7726.28
4723.0,4613593.2373,-3426875.2438,-3395252.9723,296925.49,7726.27
4724.0,4619178.8918,-3423116.6782,-3391462.3353,296932.90,7726.27
4725.0,4624758.3583,-3419353.5269,-3387667.1414,296940.31,7726.27
4726.0,4630331.6293,-3415585.7950,-3383867.3960,296947.71,7726.27
4727.0,4635898.6975,-3411813.4875,-3380063.1039,296955.10,7726.27
4728.0,4641459.5552,-3408036.6094,-3376254.2705,296962.49,7726.26
4729.0,4647014.1951,-3404255.1659,-3372440.9006,296969.87,7726.26
4730.0,4652562.6097,-3400469.1619,-3368622.9996,296977.25,7726.26
4731.0,4658104.7916,-3396678.6025,-3364800.5724,296984.62,7726.26
4732.0,4663640.7333,-3392883.4928,-3360973.6243,296991.99,7726.26
4733.0,4669170.4274,-3389083.8379,-3357142.1604,296999.35,7726.25
4734.0,4674693.8665,-3385279.6429,-3353306.1858,297006.70,7726.25
4735.0,4680211.0432,-3381470.9128,-3349465.7057,297014.04,7726.25
4736.0,4685721.9501,-3377657.6528,-3345620.7251,297021.38,7726.25
4737.0,4691226.5798,-3373839.8680,-3341771.2494,297028.72,7726.25
4738.0,4696724.9250,-3370017.5634,-3337917.2836,297036.05,7726.24
4739.0,4702216.9782,-3366190.7442,-3334058.8330,297043.37,7726.24
4740.0,4707702.7321,-3362359.4156,-3330195.9026,297050.68,7726.24
4741.0,4713182.1793,-3358523.5825,-3326328.4978,297057.99,7726.24
4742.0,4718655.3125,-3354683.2503,-3322456.6236,297065.30,7726.24
4743.0,4724122.1244,-3350838.4239,-3318580.2853,297072.59,7726.24
4744.0,4729582.6076,-3346989.1086,-3314699.4881,297079.88,7726.23
4745.0,4735036.7548,-3343135.3095,-3310814.2372,297087.17,7726.23
4746.0,4740484.5586,-3339277.0318,-3306924.5378,297094.45,7726.23
4747.0,4745926.0119,-3335414.2807,-3303030.3951,297101.72,7726.23
4748.0,4751361.1073,-3331547.0612,-3299131.8144,297108.98,7726.23
4749.0,4756789.8374,-3327675.3786,-3295228.8009,297116.24,7726.22
4750.0,4762212.1951,-3323799.2381,-3291321.3599,297123.49,7726.22
4751.0,4767628.1730,-3319918.6448,-3287409.4965,297130.74,7726.22
4752.0,4773037.7639,-3316033.6040,-3283493.2160,297137.98,7726.22
4753.0,4778440.9605,-3312144.1208,-3279572.5238,297145.21,7726.22
4754.0,4783837.7556,-3308250.2004,-3275647.4249,297152.44,7726.22
4755.0,4789228.1420,-3304351.8482,-3271717.9249,297159.66,7726.21
4756.0,4794612.1124,-3300449.0692,-3267784.0288,297166.88,7726.21
4757.0,4799989.6596,-3296541.8687,-3263845.7420,297174.08,7726.21
4758.0,4805360.7764,-3292630.2519,-3259903.0697,297181.28,7726.21
4759.0,4810725.4556,-3288714.2241,-3255956.0173,297188.48,7726.21
4760.0,4816083.6900,-3284793.7906,-3252004.5901,297195.67,7726.21
4761.0,4821435.4724,-3280868.9564,-3248048.7934,297202.85,7726.20
4762.0,4826780.7956,-3276939.7270,-3244088.6324,297210.02,7726.20
4763.0,4832119.6525,-3273006.1076,-3240124.1125,297217.19,7726.20
4764.0,4837452.0359,-3269068.1034,-3236155.2390,297224.35,7726.20
4765.0,4842777.9387,-3265125.7197,-3232182.0173,297231.51,7726.20
4766.0,4848097.3537,-3261178.9618,-3228204.4526,297238.66,7726.19
4767.0,4853410.2737,-3257227.8350,-3224222.5504,297245.80,7726.19
4768.0,4858716.6917,-3253272.3445,-3220236.3159,297252.93,7726.19
4769.0,4864016.6006,-3249312.4956,-3216245.7545,297260.06,7726.19
4770.0,4869309.9932,-3245348.2937,-3212250.8716,297267.18,7726.19
4771.0,4874596.8625,-3241379.7441,-3208251.6725,297274.30,7726.19
4772.0,4879877.2012,-3237406.8521,-3204248.1627,297281.41,7726.18
4773.0,4885151.0025,-3233429.6229,-3200240.3474,297288.51,7726.18
4774.0,4890418.2591,-3229448.0619,-3196228.2321,297295.60,7726.18
4775.0,4895678.9641,-3225462.1745,-3192211.8221,297302.69,7726.18
4776.0,4900933.1104,-3221471.9659,-3188191.1228,297309.77,7726.18
4777.0,4906180.6909,-3217477.4416,-3184166.1397,297316.85,7726.18
4778.0,4911421.6985,-3213478.6068,-3180136.8782,297323.91,7726.18
4779.0,4916656.1264,-3209475.4670,-3176103.3435,297330.98,7726.17
4780.0,4921883.9674,-3205468.0274,-3172065.5413,297338.03,7726.17
4781.0,4927105.2145,-3201456.2934,-3168023.4768,297345.08,7726.17
4782.0,4932319.8607,-3197440.2705,-3163977.1555,297352.12,7726.17
4783.0,4937527.8991,-3193419.9639,-3159926.5829,297359.15,7726.17
4784.0,4942729.3226,-3189395.3791,-3155871.7643,297366.17,7726.17
4785.0,4947924.1243,-3185366.5214,-3151812.7053,297373.19,7726.16
4786.0,4953112.2973,-3181333.3963,-3147749.4113,297380.21,7726.16
4787.0,4958293.8344,-3177296.0092,-3143681.8876,297387.21,7726.16
4788.0,4963468.7289,-3173254.3654,-3139610.1399,297394.21,7726.16
4789.0,4968636.9738,-3169208.4703,-3135534.1735,297401.20,7726.16
4790.0,4973798.5620,-3165158.3294,-3131453.9940,297408.18,7726.16
4791.0,4978953.4868,-3161103.9481,-3127369.6067,297415.16,7726.16
4792.0,4984101.7412,-3157045.3318,-3123281.0173,297422.13,7726.15
4793.0,4989243.3182,-3152982.4860,-3119188.2311,297429.09,7726.15
4794.0,4994378.2111,-3148915.4161,-3115091.2537,297436.05,7726.15
4795.0,4999506.4129,-3144844.1275,-3110990.0906,297443.00,7726.15
4796.0,5004627.9167,-3140768.6256,-3106884.7473,297449.94,7726.15
4797.0,5009742.7156,-3136688.9161,-3102775.2292,297456.87,7726.15
4798.0,5014850.8029,-3132605.0042,-3098661.5420,297463.80,7726.14
4799.0,5019952.1716,-3128516.8955,-3094543.6911,297470.72,7726.14
4800.0,5025046.8149,-3124424.5954,-3090421.6820,297477.63,7726.14
4801.0,5030134.7260,-3120328.1094,-3086295.5204,297484.54,7726.14
4802.0,5035215.8981,-3116227.4431,-3082165.2117,297491.44,7726.14
4803.0,5040290.3243,-3112122.6018,-3078030.7614,297498.33,7726.14
4804.0,5045357.9978,-3108013.5911,-3073892.1752,297505.21,7726.14
4805.0,5050418.9118,-3103900.4165,-3069749.4586,297512.09,7726.13
4806.0,5055473.0596,-3099783.0835,-3065602.6171,297518.95,7726.13
4807.0,5060520.4343,-3095661.5976,-3061451.6564,297525.82,7726.13
4808.0,5065561.0293,-3091535.9643,-3057296.5819,297532.67,7726.13
4809.0,5070594.8377,-3087406.1892,-3053137.3993,297539.52,7726.13
4810.0,5075621.8527,-3083272.2777,-3048974.1142,297546.36,7726.13
4811.0,5080642.0677,-3079134.2354,-3044806.7321,297553.19,7726.13
4812.0,5085655.4760,-3074992.0679,-3040635.2586,297560.01,7726.12
4813.0,5090662.0706,-3070845.7807,-3036459.6994,297566.83,7726.12
4814.0,5095661.8451,-3066695.3793,-3032280.0600,297573.64,7726.12
4815.0,5100654.7926,-3062540.8693,-3028096.3461,297580.44,7726.12
4816.0,5105640.9065,-3058382.2562,-3023908.5632,297587.24,7726.12
4817.0,5110620.1801,-3054219.5456,-3019716.7171,297594.02,7726.12
4818.0,5115592.6066,-3050052.7432,-3015520.8132,297600.80,7726.12
4819.0,5120558.1795,-3045881.8544,-3011320.8574,297607.58,7726.11
4820.0,5125516.8920,-3041706.8849,-3007116.8551,297614.34,7726.11
4821.0,5130468.7376,-3037527.8402,-3002908.8120,297621.10,7726.11
4822.0,5135413.7095,-3033344.7260,-2998696.7339,297627.85,7726.11
4823.0,5140351.8012,-3029157.5478,-2994480.6263,297634.59,7726.11
4824.0,5145283.0060,-3024966.3112,-2990260.4949,297641.32,7726.11
4825.0,5150207.3172,-3020771.0219,-2986036.3454,297648.05,7726.11
4826.0,5155124.7284,-3016571.6854,-2981808.1834,297654.77,7726.11
4827.0,5160035.2329,-3012368.3075,-2977576.0146,297661.48,7726.10
4828.0,5164938.8241,-3008160.8937,-2973339.8448,297668.18,7726.10
4829.0,5169835.4954,-3003949.4496,-2969099.6795,297674.88,7726.10
4830.0,5174725.2402,-2999733.9809,-2964855.5245,297681.57,7726.10
4831.0,5179608.0521,-2995514.4932,-2960607.3855,297688.25,7726.10
4832.0,5184483.9245,-2991290.9922,-2956355.2682,297694.92,7726.10
4833.0,5189352.8507,-2987063.4835,-2952099.1783,297701.59,7726.10
4834.0,5194214.8243,-2982831.9728,-2947839.1215,297708.24,7726.10
4835.0,5199069.8388,-2978596.4658,-2943575.1035,297714.89,7726.09
4836.0,5203917.8877,-2974356.9681,-2939307.1301,297721.53,7726.09
4837.0,5208758.9643,-2970113.4854,-2935035.2069,297728.17,7726.09
4838.0,5213593.0624,-2965866.0234,-2930759.3398,297734.79,7726.09
4839.0,5218420.1752,-2961614.5877,-2926479.5344,297741.41,7726.09
4840.0,5223240.2965,-2957359.1841,-2922195.7966,297748.02,7726.09
4841.0,5228053.4197,-2953099.8183,-2917908.1320,297754.62,7726.09
4842.0,5232859.5384,-2948836.4959,-2913616.5464,297761.22,7726.09
4843.0,5237658.6461,-2944569.2227,-2909321.0456,297767.80,7726.08
4844.0,5242450.7363,-2940298.0044,-2905021.6354,297774.38,7726.08
4845.0,5247235.8027,-2936022.8466,-2900718.3215,297780.95,7726.08
4846.0,5252013.8389,-2931743.7552,-2896411.1096,297787.51,7726.08
4847.0,5256784.8383,-2927460.7358,-2892100.0057,297794.07,7726.08
4848.0,5261548.7947,-2923173.7942,-2887785.0154,297800.62,7726.08
4849.0,5266305.7016,-2918882.9361,-2883466.1446,297807.15,7726.08
4850.0,5271055.5527,-2914588.1673,-2879143.3990,297813.68,7726.08
4851.0,5275798.3415,-2910289.4935,-2874816.7845,297820.21,7726.07
4852.0,5280534.0617,-2905986.9204,-2870486.3069,297826.72,7726.07
4853.0,5285262.7070,-2901680.4539,-2866151.9720,297833.23,7726.07
4854.0,5289984.2711,-2897370.0997,-2861813.7856,297839.72,7726.07
4855.0,5294698.7474,-2893055.8635,-2857471.7535,297846.21,7726.07
4856.0,5299406.1299,-2888737.7512,-2853125.8816,297852.70,7726.07
4857.0,5304106.4121,-2884415.7685,-2848776.1757,297859.17,7726.07
4858.0,5308799.5877,-2880089.9212,-2844422.6417,297865.63,7726.07
4859.0,5313485.6504,-2875760.2151,-2840065.2853,297872.09,7726.07
4860.0,5318164.5940,-2871426.6560,-2835704.1124,297878.54,7726.06
4861.0,5322836.4122,-2867089.2496,-2831339.1290,297884.98,7726.06
4862.0,5327501.0987,-2862748.0019,-2826970.3408,297891.41,7726.06
4863.0,5332158.6472,-2858402.9186,-2822597.7537,297897.84,7726.06
4864.0,5336809.0515,-2854054.0055,-2818221.3737,297904.25,7726.06
4865.0,5341452.3053,-2849701.2685,-2813841.2064,297910.66,7726.06
4866.0,5346088.4025,-2845344.7133,-2809457.2580,297917.06,7726.06
4867.0,5350717.3368,-2840984.3459,-2805069.5342,297923.45,7726.06
4868.0,5355339.1020,-2836620.1720,-2800678.0409,297929.84,7726.06
4869.0,5359953.6919,-2832252.1975,-2796282.7840,297936.21,7726.05
4870.0,5364561.1002,-2827880.4282,-2791883.7695,297942.58,7726.05
4871.0,5369161.3209,-2823504.8701,-2787481.0032,297948.93,7726.05
4872.0,5373754.3478,-2819125.5288,-2783074.4910,297955.28,7726.05
4873.0,5378340.1746,-2814742.4104,-2778664.2389,297961.62,7726.05
4874.0,5382918.7953,-2810355.5207,-2774250.2528,297967.96,7726.05
4875.0,5387490.2036,-2805964.8655,-2769832.5386,297974.28,7726.05
4876.0,5392054.3935,-2801570.4508,-2765411.1023,297980.59,7726.05
4877.0,5396611.3589,-2797172.2824,-2760985.9497,297986.90,7726.05
4878.0,5401161.0935,-2792770.3661,-2756557.0869,297993.20,7726.05
4879.0,5405703.5914,-2788364.7080,-2752124.5197,297999.49,7726.04
4880.0,5410238.8463,-2783955.3139,-2747688.2541,298005.77,7726.04
4881.0,5414766.8523,-2779542.1897,-2743248.2962,298012.04,7726.04
4882.0,5419287.6033,-2775125.3412,-2738804.6517,298018.31,7726.04
4883.0,5423801.0931,-2770704.7745,-2734357.3268,298024.56,7726.04
4884.0,5428307.3158,-2766280.4955,-2729906.3274,298030.81,7726.04
4885.0,5432806.2652,-2761852.5099,-2725451.6594,298037.05,7726.04
4886.0,5437297.9354,-2757420.8239,-2720993.3289,298043.28,7726.04
4887.0,5441782.3203,-2752985.4433,-2716531.3418,298049.50,7726.04
4888.0,5446259.4140,-2748546.3741,-2712065.7041,298055.71,7726.04
4889.0,5450729.2103,-2744103.6222,-2707596.4218,298061.92,7726.03
4890.0,5455191.7033,-2739657.1935,-2703123.5009,298068.11,7726.03
4891.0,5459646.8870,-2735207.0940,-2698646.9475,298074.30,7726.03
4892.0,5464094.7555,-2730753.3297,-2694166.7675,298080.48,7726.03
4893.0,5468535.3027,-2726295.9066,-2689682.9669,298086.65,7726.03
4894.0,5472968.5227,-2721834.8305,-2685195.5519,298092.81,7726.03
4895.0,5477394.4096,-2717370.1075,-2680704.5283,298098.96,7726.03
4896.0,5481812.9573,-2712901.7435,-2676209.9022,298105.10,7726.03
4897.0,5486224.1601,-2708429.7446,-2671711.6797,298111.24,7726.03
4898.0,5490628.0119,-2703954.1167,-2667209.8669,298117.36,7726.03
4899.0,5495024.5069,-2699474.8657,-2662704.4696,298123.48,7726.02
4900.0,5499413.6391,-2694991.9978,-2658195.4941,298129.59,7726.02
4901.0,5503795.4027,-2690505.5189,-2653682.9463,298135.68,7726.02
4902.0,5508169.7918,-2686015.4351,-2649166.8324,298141.77,7726.02
4903.0,5512536.8005,-2681521.7522,-2644647.1583,298147.86,7726.02
4904.0,5516896.4230,-2677024.4764,-2640123.9302,298153.93,7726.02
4905.0,5521248.6533,-2672523.6136,-2635597.1541,298159.99,7726.02
4906.0,5525593.4858,-2668019.1700,-2631066.8361,298166.05,7726.02
4907.0,5529930.9144,-2663511.1514,-2626532.9823,298172.09,7726.02
4908.0,5534260.9335,-2658999.5640,-2621995.5987,298178.13,7726.02
4909.0,5538583.5371,-2654484.4139,-2617454.6916,298184.15,7726.02
4910.0,5542898.7196,-2649965.7069,-2612910.2669,298190.17,7726.02
4911.0,5547206.4751,-2645443.4493,-2608362.3307,298196.18,7726.01
4912.0,5551506.7977,-2640917.6470,-2603810.8893,298202.18,7726.01
4913.0,5555799.6819,-2636388.3061,-2599255.9486,298208.17,7726.01
4914.0,5560085.1217,-2631855.4327,-2594697.5149,298214.16,7726.01
4915.0,5564363.1115,-2627319.0328,-2590135.5941,298220.13,7726.01
4916.0,5568633.6455,-2622779.1125,-2585570.1926,298226.09,7726.01
4917.0,5572896.7179,-2618235.6779,-2581001.3163,298232.05,7726.01
4918.0,5577152.3231,-2613688.7352,-2576428.9714,298238.00,7726.01
4919.0,5581400.4554,-2609138.2902,-2571853.1641,298243.93,7726.01
4920.0,5585641.1089,-2604584.3493,-2567273.9005,298249.86,7726.01
4921.0,5589874.2781,-2600026.9184,-2562691.1868,298255.78,7726.01
4922.0,5594099.9573,-2595466.0036,-2558105.0291,298261.69,7726.00
4923.0,5598318.1408,-2590901.6111,-2553515.4335,298267.59,7726.00
4924.0,5602528.8229,-2586333.7470,-2548922.4063,298273.48,7726.00
4925.0,5606731.9979,-2581762.4174,-2544325.9536,298279.36,7726.00
4926.0,5610927.6603,-2577187.6285,-2539726.0816,298285.23,7726.00
4927.0,5615115.8044,-2572609.3862,-2535122.7964,298291.10,7726.00
4928.0,5619296.4246,-2568027.6968,-2530516.1043,298296.95,7726.00
4929.0,5623469.5153,-2563442.5664,-2525906.0113,298302.80,7726.00
4930.0,5627635.0708,-2558854.0012,-2521292.5238,298308.63,7726.00
4931.0,5631793.0856,-2554262.0073,-2516675.6479,298314.46,7726.00
4932.0,5635943.5541,-2549666.5908,-2512055.3898,298320.28,7726.00
4933.0,5640086.4708,-2545067.7579,-2507431.7558,298326.08,7726.00
4934.0,5644221.8300,-2540465.5147,-2502804.7519,298331.88,7726.00
4935.0,5648349.6262,-2535859.8675,-2498174.3845,298337.67,7725.99
4936.0,5652469.8539,-2531250.8223,-2493540.6598,298343.45,7725.99
4937.0,5656582.5075,-2526638.3854,-2488903.5839,298349.22,7725.99
4938.0,5660687.5816,-2522022.5629,-2484263.1631,298354.98,7725.99
4939.0,5664785.0706,-2517403.3610,-2479619.4037,298360.73,7725.99
4940.0,5668874.9690,-2512780.7859,-2474972.3119,298366.47,7725.99
4941.0,5672957.2713,-2508154.8438,-2470321.8939,298372.21,7725.99
4942.0,5677031.9721,-2503525.5409,-2465668.1559,298377.93,7725.99
4943.0,5681099.0658,-2498892.8833,-2461011.1043,298383.64,7725.99
4944.0,5685158.5471,-2494256.8774,-2456350.7452,298389.35,7725.99
4945.0,5689210.4105,-2489617.5292,-2451687.0850,298395.04,7725.99
4946.0,5693254.6504,-2484974.8450,-2447020.1298,298400.73,7725.99
4947.0,5697291.2616,-2480328.8310,-2442349.8860,298406.40,7725.99
4948.0,5701320.2385,-2475679.4935,-2437676.3599,298412.07,7725.98
4949.0,5705341.5759,-2471026.8386,-2432999.5577,298417.72,7725.98
4950.0,5709355.2682,-2466370.8727,-2428319.4856,298423.37,7725.98
4951.0,5713361.3101,-2461711.6018,-2423636.1500,298429.01,7725.98
4952.0,5717359.6962,-2457049.0324,-2418949.5572,298434.64,7725.98
4953.0,5721350.4211,-2452383.1705,-2414259.7135,298440.25,7725.98
4954.0,5725333.4796,-2447714.0225,-2409566.6251,298445.86,7725.98
4955.0,5729308.8662,-2443041.5946,-2404870.2984,298451.46,7725.98
4956.0,5733276.5755,-2438365.8931,-2400170.7397,298457.05,7725.98
4957.0,5737236.6024,-2433686.9242,-2395467.9552,298462.63,7725.98
4958.0,5741188.9414,-2429004.6942,-2390761.9514,298468.20,7725.98
4959.0,5745133.5873,-2424319.2094,-2386052.7344,298473.76,7725.98
4960.0,5749070.5347,-2419630.4760,-2381340.3107,298479.31,7725.98
4961.0,5752999.7785,-2414938.5004,-2376624.6866,298484.85,7725.98
4962.0,5756921.3132,-2410243.2887,-2371905.8684,298490.38,7725.98
4963.0,5760835.1336,-2405544.8473,-2367183.8625,298495.90,7725.97
4964.0,5764741.2346,-2400843.1826,-2362458.6751,298501.41,7725.97
4965.0,5768639.6107,-2396138.3007,-2357730.3127,298506.91,7725.97
4966.0,5772530.2569,-2391430.2079,-2352998.7815,298512.40,7725.97
4967.0,5776413.1679,-2386718.9107,-2348264.0880,298517.89,7725.97
4968.0,5780288.3384,-2382004.4153,-2343526.2385,298523.36,7725.97
4969.0,5784155.7633,-2377286.7279,-2338785.2394,298528.82,7725.97
4970.0,5788015.4374,-2372565.8550,-2334041.0970,298534.27,7725.97
4971.0,5791867.3555,-2367841.8028,-2329293.8177,298539.71,7725.97
4972.0,5795711.5124,-2363114.5778,-2324543.4079,298545.15,7725.97
4973.0,5799547.9029,-2358384.1861,-2319789.8740,298550.57,7725.97
4974.0,5803376.5220,-2353650.6341,-2315033.2223,298555.98,7725.97
4975.0,5807197.3645,-2348913.9283,-2310273.4592,298561.39,7725.97
4976.0,5811010.4251,-2344174.0748,-2305510.5912,298566.78,7725.97
4977.0,5814815.6990,-2339431.0801,-2300744.6246,298572.16,7725.97
4978.0,5818613.1808,-2334684.9506,-2295975.5658,298577.53,7725.97
4979.0,5822402.8655,-2329935.6925,-2291203.4213,298582.90,7725.96
4980.0,5826184.7481,-2325183.3123,-2286428.1974,298588.25,7725.96
4981.0,5829958.8234,-2320427.8162,-2281649.9006,298593.59,7725.96
4982.0,5833725.0864,-2315669.2108,-2276868.5372,298598.93,7725.96
4983.0,5837483.5321,-2310907.5022,-2272084.1138,298604.25,7725.96
4984.0,5841234.1553,-2306142.6970,-2267296.6366,298609.56,7725.96
4985.0,5844976.9510,-2301374.8015,-2262506.1123,298614.86,7725.96
4986.0,5848711.9143,-2296603.8221,-2257712.5471,298620.16,7725.96
4987.0,5852439.0401,-2291829.7652,-2252915.9476,298625.44,7725.96
4988.0,5856158.3234,-2287052.6371,-2248116.3201,298630.71,7725.96
4989.0,5859869.7592,-2282272.4443,-2243313.6711,298635.97,7725.96
4990.0,5863573.3425,-2277489.1932,-2238508.0072,298641.23,7725.96
4991.0,5867269.0684,-2272702.8901,-2233699.3346,298646.47,7725.96
4992.0,5870956.9319,-2267913.5416,-2228887.6600,298651.70,7725.96
4993.0,5874636.9280,-2263121.1539,-2224072.9897,298656.92,7725.96
4994.0,5878309.0518,-2258325.7336,-2219255.3302,298662.13,7725.96
4995.0,5881973.2984,-2253527.2869,-2214434.6880,298667.33,7725.96
4996.0,5885629.6628,-2248725.8205,-2209611.0695,298672.52,7725.95
4997.0,5889278.1402,-2243921.3407,-2204784.4813,298677.71,7725.95
4998.0,5892918.7256,-2239113.8539,-2199954.9299,298682.88,7725.95
4999.0,5896551.4142,-2234303.3665,-2195122.4216,298688.04,7725.95
5000.0,5900176.2010,-2229489.8851,-2190286.9631,298693.19,7725.95
5001.0,5903793.0813,-2224673.4161,-2185448.5607,298698.33,7725.95
5002.0,5907402.0501,-2219853.9658,-2180607.2211,298703.46,7725.95
5003.0,5911003.1026,-2215031.5408,-2175762.9507,298708.57,7725.95
5004.0,5914596.2340,-2210206.1476,-2170915.7559,298713.68,7725.95
5005.0,5918181.4394,-2205377.7925,-2166065.6435,298718.78,7725.95
5006.0,5921758.7141,-2200546.4821,-2161212.6197,298723.87,7725.95
5007.0,5925328.0532,-2195712.2228,-2156356.6912,298728.95,7725.95
5008.0,5928889.4519,-2190875.0211,-2151497.8645,298734.02,7725.95
5009.0,5932442.9055,-2186034.8835,-2146636.1461,298739.07,7725.95
5010.0,5935988.4092,-2181191.8165,-2141771.5425,298744.12,7725.95
5011.0,5939525.9582,-2176345.8265,-2136904.0603,298749.16,7725.95
5012.0,5943055.5477,-2171496.9200,-2132033.7060,298754.18,7725.95
5013.0,5946577.1731,-2166645.1036,-2127160.4862,298759.20,7725.95
5014.0,5950090.8296,-2161790.3837,-2122284.4074,298764.20,7725.95
5015.0,5953596.5125,-2156932.7669,-2117405.4761,298769.20,7725.95
5016.0,5957094.2171,-2152072.2595,-2112523.6989,298774.18,7725.94
5017.0,5960583.9386,-2147208.8683,-2107639.0824,298779.15,7725.94
5018.0,5964065.6725,-2142342.5996,-2102751.6332,298784.12,7725.94
5019.0,5967539.4139,-2137473.4600,-2097861.3577,298789.07,7725.94
5020.0,5971005.1583,-2132601.4559,-2092968.2626,298794.01,7725.94
5021.0,5974462.9011,-2127726.5941,-2088072.3544,298798.94,7725.94
5022.0,5977912.6375,-2122848.8808,-2083173.6397,298803.86,7725.94
5023.0,5981354.3629,-2117968.3228,-2078272.1251,298808.77,7725.94
5024.0,5984788.0727,-2113084.9265,-2073367.8172,298813.67,7725.94
5025.0,5988213.7623,-2108198.6984,-2068460.7226,298818.56,7725.94
5026.0,5991631.4271,-2103309.6452,-2063550.8478,298823.44,7725.94
5027.0,5995041.0625,-2098417.7734,-2058638.1995,298828.31,7725.94
5028.0,5998442.6639,-2093523.0894,-2053722.7842,298833.17,7725.94
5029.0,6001836.2268,-2088625.5999,-2048804.6086,298838.01,7725.94
5030.0,6005221.7466,-2083725.3115,-2043883.6793,298842.85,7725.94
5031.0,6008599.2188,-2078822.2306,-2038960.0028,298847.67,7725.94
5032.0,6011968.6387,-2073916.3639,-2034033.5858,298852.49,7725.94
5033.0,6015330.0020,-2069007.7180,-2029104.4349,298857.29,7725.94
5034.0,6018683.3041,-2064096.2993,-2024172.5568,298862.09,7725.94
5035.0,6022028.5404,-2059182.1146,-2019237.9580,298866.87,7725.94
5036.0,6025365.7065,-2054265.1703,-2014300.6452,298871.64,7725.94
5037.0,6028694.7979,-2049345.4731,-2009360.6250,298876.40,7725.94
5038.0,6032015.8101,-2044423.0295,-2004417.9041,298881.15,7725.93
5039.0,6035328.7387,-2039497.8461,-1999472.4891,298885.89,7725.93
5040.0,6038633.5793,-2034569.9296,-1994524.3866,298890.62,7725.93
5041.0,6041930.3273,-2029639.2865,-1989573.6033,298895.34,7725.93
5042.0,6045218.9784,-2024705.9235,-1984620.1458,298900.04,7725.93
5043.0,6048499.5281,-2019769.8471,-1979664.0208,298904.74,7725.93
5044.0,6051771.9720,-2014831.0640,-1974705.2350,298909.43,7725.93
5045.0,6055036.3058,-2009889.5807,-1969743.7950,298914.10,7725.93
5046.0,6058292.5251,-2004945.4040,-1964779.7075,298918.77,7725.93
5047.0,6061540.6254,-1999998.5403,-1959812.9791,298923.42,7725.93
5048.0,6064780.6025,-1995048.9964,-1954843.6166,298928.06,7725.93
5049.0,6068012.4519,-1990096.7789,-1949871.6265,298932.69,7725.93
5050.0,6071236.1694,-1985141.8944,-1944897.0156,298937.31,7725.93
5051.0,6074451.7505,-1980184.3495,-1939919.7906,298941.92,7725.93
5052.0,6077659.1911,-1975224.1510,-1934939.9582,298946.52,7725.93
5053.0,6080858.4867,-1970261.3053,-1929957.5249,298951.11,7725.93
5054.0,6084049.6331,-1965295.8193,-1924972.4976,298955.68,7725.93
5055.0,6087232.6260,-1960327.6994,-1919984.8830,298960.25,7725.93
5056.0,6090407.4611,-1955356.9525,-1914994.6877,298964.80,7725.93
5057.0,6093574.1341,-1950383.5851,-1910001.9184,298969.35,7725.93
5058.0,6096732.6409,-1945407.6039,-1905006.5818,298973.88,7725.93
5059.0,6099882.9771,-1940429.0155,-1900008.6847,298978.40,7725.93
5060.0,6103025.1385,-1935447.8267,-1895008.2338,298982.91,7725.93
5061.0,6106159.1210,-1930464.0442,-1890005.2358,298987.41,7725.93
5062.0,6109284.9202,-1925477.6745,-1884999.6973,298991.90,7725.93
5063.0,6112402.5321,-1920488.7244,-1879991.6252,298996.38,7725.92
5064.0,6115511.9523,-1915497.2005,-1874981.0262,299000.85,7725.92
5065.0,6118613.1768,-1910503.1096,-1869967.9070,299005.30,7725.92
5066.0,6121706.2014,-1905506.4583,-1864952.2743,299009.75,7725.92
5067.0,6124791.0218,-1900507.2533,-1859934.1349,299014.18,7725.92
5068.0,6127867.6341,-1895505.5013,-1854913.4955,299018.60,7725.92
5069.0,6130936.0340,-1890501.2091,-1849890.3628,299023.01,7725.92
5070.0,6133996.2174,-1885494.3833,-1844864.7437,299027.41,7725.92
5071.0,6137048.1802,-1880485.0306,-1839836.6448,299031.80,7725.92
5072.0,6140091.9183,-1875473.1577,-1834806.0729,299036.18,7725.92
5073.0,6143127.4277,-1870458.7715,-1829773.0348,299040.54,7725.92
5074.0,6146154.7042,-1865441.8784,-1824737.5373,299044.90,7725.92
5075.0,6149173.7437,-1860422.4854,-1819699.5870,299049.24,7725.92
5076.0,6152184.5423,-1855400.5991,-1814659.1909,299053.58,7725.92
5077.0,6155187.0959,-1850376.2263,-1809616.3555,299057.90,7725.92
5078.0,6158181.4004,-1845349.3736,-1804571.0878,299062.21,7725.92
5079.0,6161167.4519,-1840320.0478,-1799523.3945,299066.51,7725.92
5080.0,6164145.2462,-1835288.2557,-1794473.2824,299070.80,7725.92
5081.0,6167114.7795,-1830254.0039,-1789420.7582,299075.07,7725.92
5082.0,6170076.0477,-1825217.2993,-1784365.8288,299079.34,7725.92
5083.0,6173029.0469,-1820178.1486,-1779308.5010,299083.59,7725.92
5084.0,6175973.7730,-1815136.5585,-1774248.7814,299087.84,7725.92
5085.0,6178910.2221,-1810092.5358,-1769186.6771,299092.07,7725.92
5086.0,6181838.3904,-1805046.0872,-1764122.1946,299096.29,7725.92
5087.0,6184758.2738,-1799997.2195,-1759055.3410,299100.50,7725.92
5088.0,6187669.8684,-1794945.9395,-1753986.1228,299104.69,7725.92
5089.0,6190573.1703,-1789892.2540,-1748914.5471,299108.88,7725.92
5090.0,6193468.1756,-1784836.1696,-1743840.6205,299113.06,7725.92
5091.0,6196354.8805,-1779777.6932,-1738764.3500,299117.22,7725.92
5092.0,6199233.2810,-1774716.8316,-1733685.7422,299121.37,7725.92
5093.0,6202103.3733,-1769653.5915,-1728604.8041,299125.51,7725.92
5094.0,6204965.1536,-1764587.9797,-1723521.5425,299129.64,7725.91
5095.0,6207818.6179,-1759520.0030,-1718435.9642,299133.76,7725.91
5096.0,6210663.7624,-1754449.6682,-1713348.0760,299137.87,7725.91
5097.0,6213500.5834,-1749376.9821,-1708257.8848,299141.96,7725.91
5098.0,6216329.0770,-1744301.9515,-1703165.3973,299146.04,7725.91
5099.0,6219149.2395,-1739224.5832,-1698070.6206,299150.12,7725.91
5100.0,6221961.0669,-1734144.8839,-1692973.5614,299154.18,7725.91
5101.0,6224764.5556,-1729062.8606,-1687874.2265,299158.23,7725.91
5102.0,6227559.7018,-1723978.5199,-1682772.6228,299162.27,7725.91
5103.0,6230346.5018,-1718891.8688,-1677668.7571,299166.29,7725.91
5104.0,6233124.9517,-1713802.9139,-1672562.6364,299170.31,7725.91
5105.0,6235895.0479,-1708711.6623,-1667454.2675,299174.31,7725.91
5106.0,6238656.7866,-1703618.1205,-1662343.6572,299178.30,7725.91
5107.0,6241410.1641,-1698522.2956,-1657230.8124,299182.28,7725.91
5108.0,6244155.1768,-1693424.1943,-1652115.7400,299186.25,7725.91
5109.0,6246891.8209,-1688323.8234,-1646998.4468,299190.21,7725.91
5110.0,6249620.0927,-1683221.1898,-1641878.9398,299194.15,7725.91
5111.0,6252339.9887,-1678116.3003,-1636757.2258,299198.09,7725.91
5112.0,6255051.5051,-1673009.1618,-1631633.3116,299202.01,7725.91
5113.0,6257754.6383,-1667899.7811,-1626507.2043,299205.92,7725.91
5114.0,6260449.3847,-1662788.1650,-1621378.9106,299209.82,7725.91
5115.0,6263135.7406,-1657674.3204,-1616248.4375,299213.71,7725.91
5116.0,6265813.7025,-1652558.2541,-1611115.7918,299217.58,7725.91
5117.0,6268483.2667,-1647439.9731,-1605980.9804,299221.45,7725.91
5118.0,6271144.4297,-1642319.4841,-1600844.0103,299225.30,7725.91
5119.0,6273797.1878,-1637196.7940,-1595704.8884,299229.14,7725.91
5120.0,6276441.5376,-1632071.9096,-1590563.6215,299232.97,7725.91
5121.0,6279077.4755,-1626944.8380,-1585420.2166,299236.79,7725.91
5122.0,6281704.9978,-1621815.5858,-1580274.6806,299240.59,7725.91
5123.0,6284324.1012,-1616684.1600,-1575127.0203,299244.39,7725.91
5124.0,6286934.7820,-1611550.5675,-1569977.2428,299248.17,7725.91
5125.0,6289537.0368,-1606414.8152,-1564825.3549,299251.94,7725.91
5126.0,6292130.8621,-1601276.9098,-1559671.3635,299255.70,7725.91
5127.0,6294716.2544,-1596136.8584,-1554515.2756,299259.45,7725.91
5128.0,6297293.2102,-1590994.6677,-1549357.0981,299263.18,7725.91
5129.0,6299861.7260,-1585850.3447,-1544196.8380,299266.91,7725.91
5130.0,6302421.7985,-1580703.8963,-1539034.5021,299270.62,7725.91
5131.0,6304973.4241,-1575555.3294,-1533870.0975,299274.32,7725.91
5132.0,6307516.5994,-1570404.6508,-1528703.6310,299278.01,7725.91
5133.0,6310051.3211,-1565251.8675,-1523535.1096,299281.69,7725.91
5134.0,6312577.5857,-1560096.9864,-1518364.5402,299285.35,7725.90
5135.0,6315095.3898,-1554940.0143,-1513191.9298,299289.00,7725.90
5136.0,6317604.7300,-1549780.9583,-1508017.2854,299292.65,7725.90
5137.0,6320105.6030,-1544619.8251,-1502840.6138,299296.28,7725.90
5138.0,6322598.0054,-1539456.6218,-1497661.9221,299299.89,7725.90
5139.0,6325081.9339,-1534291.3552,-1492481.2172,299303.50,7725.90
5140.0,6327557.3850,-1529124.0322,-1487298.5061,299307.09,7725.90
5141.0,6330024.3556,-1523954.6599,-1482113.7957,299310.67,7725.90
5142.0,6332482.8423,-1518783.2450,-1476927.0930,299314.25,7725.90
5143.0,6334932.8417,-1513609.7946,-1471738.4050,299317.80,7725.90
5144.0,6337374.3506,-1508434.3155,-1466547.7387,299321.35,7725.90
5145.0,6339807.3658,-1503256.8147,-1461355.1009,299324.88,7725.90
5146.0,6342231.8838,-1498077.2992,-1456160.4988,299328.41,7725.90
5147.0,6344647.9016,-1492895.7759,-1450963.9392,299331.92,7725.90
5148.0,6347055.4157,-1487712.2516,-1445765.4292,299335.42,7725.90
5149.0,6349454.4231,-1482526.7335,-1440564.9758,299338.90,7725.90
5150.0,6351844.9205,-1477339.2283,-1435362.5859,299342.38,7725.90
5151.0,6354226.9046,-1472149.7431,-1430158.2665,299345.84,7725.90
5152.0,6356600.3723,-1466958.2849,-1424952.0247,299349.29,7725.90
5153.0,6358965.3203,-1461764.8605,-1419743.8674,299352.73,7725.90
5154.0,6361321.7456,-1456569.4770,-1414533.8016,299356.16,7725.90
5155.0,6363669.6448,-1451372.1412,-1409321.8343,299359.57,7725.90
5156.0,6366009.0150,-1446172.8602,-1404107.9726,299362.98,7725.90
5157.0,6368339.8529,-1440971.6409,-1398892.2234,299366.37,7725.90
5158.0,6370662.1554,-1435768.4904,-1393674.5937,299369.74,7725.90
5159.0,6372975.9193,-1430563.4155,-1388455.0906,299373.11,7725.90
5160.0,6375281.1417,-1425356.4232,-1383233.7211,299376.47,7725.90
5161.0,6377577.8193,-1420147.5206,-1378010.4921,299379.81,7725.90
5162.0,6379865.9491,-1414936.7145,-1372785.4108,299383.14,7725.90
5163.0,6382145.5280,-1409724.0121,-1367558.4841,299386.46,7725.90
5164.0,6384416.5530,-1404509.4202,-1362329.7191,299389.76,7725.90
5165.0,6386679.0210,-1399292.9459,-1357099.1227,299393.06,7725.90
5166.0,6388932.9289,-1394074.5961,-1351866.7021,299396.34,7725.90
5167.0,6391178.2738,-1388854.3778,-1346632.4642,299399.61,7725.90
5168.0,6393415.0526,-1383632.2981,-1341396.4160,299402.87,7725.90
5169.0,6395643.2623,-1378408.3639,-1336158.5647,299406.12,7725.90
5170.0,6397862.8999,-1373182.5822,-1330918.9173,299409.35,7725.90
5171.0,6400073.9624,-1367954.9601,-1325677.4807,299412.57,7725.90
5172.0,6402276.4469,-1362725.5045,-1320434.2621,299415.78,7725.90
5173.0,6404470.3505,-1357494.2225,-1315189.2685,299418.98,7725.90
5174.0,6406655.6700,-1352261.1210,-1309942.5069,299422.16,7725.90
5175.0,6408832.4027,-1347026.2070,-1304693.9845,299425.34,7725.90
5176.0,6411000.5456,-1341789.4877,-1299443.7081,299428.50,7725.90
5177.0,6413160.0958,-1336550.9699,-1294191.6850,299431.65,7725.90
5178.0,6415311.0503,-1331310.6608,-1288937.9221,299434.78,7725.90
5179.0,6417453.4064,-1326068.5673,-1283682.4265,299437.91,7725.90
5180.0,6419587.1610,-1320824.6965,-1278425.2053,299441.02,7725.90
5181.0,6421712.3114,-1315579.0554,-1273166.2656,299444.12,7725.90
5182.0,6423828.8547,-1310331.6509,-1267905.6144,299447.21,7725.90
5183.0,6425936.7880,-1305082.4903,-1262643.2588,299450.28,7725.90
5184.0,6428036.1086,-1299831.5804,-1257379.2058,299453.35,7725.90
5185.0,6430126.8135,-1294578.9284,-1252113.4626,299456.40,7725.90
5186.0,6432208.9000,-1289324.5412,-1246846.0362,299459.43,7725.90
5187.0,6434282.3653,-1284068.4259,-1241576.9337,299462.46,7725.89
5188.0,6436347.2066,-1278810.5896,-1236306.1621,299465.48,7725.89
5189.0,6438403.4211,-1273551.0392,-1231033.7286,299468.48,7725.89
5190.0,6440451.0061,-1268289.7819,-1225759.6403,299471.47,7725.89
5191.0,6442489.9588,-1263026.8247,-1220483.9042,299474.44,7725.89
5192.0,6444520.2764,-1257762.1747,-1215206.5274,299477.41,7725.89
5193.0,6446541.9563,-1252495.8388,-1209927.5170,299480.36,7725.89
5194.0,6448554.9958,-1247227.8242,-1204646.8802,299483.30,7725.89
5195.0,6450559.3920,-1241958.1379,-1199364.6239,299486.23,7725.89
5196.0,6452555.1424,-1236686.7870,-1194080.7554,299489.14,7725.89
5197.0,6454542.2442,-1231413.7785,-1188795.2817,299492.05,7725.89
5198.0,6456520.6948,-1226139.1196,-1183508.2098,299494.94,7725.89
5199.0,6458490.4915,-1220862.8172,-1178219.5471,299497.82,7725.89
5200.0,6460451.6317,-1215584.8784,-1172929.3004,299500.68,7725.89
5201.0,6462404.1127,-1210305.3104,-1167637.4770,299503.54,7725.89
5202.0,6464347.9319,-1205024.1202,-1162344.0839,299506.38,7725.89
5203.0,6466283.0867,-1199741.3149,-1157049.1283,299509.21,7725.89
5204.0,6468209.5745,-1194456.9015,-1151752.6173,299512.02,7725.89
5205.0,6470127.3928,-1189170.8871,-1146454.5580,299514.83,7725.89
5206.0,6472036.5388,-1183883.2788,-1141154.9575,299517.62,7725.89
5207.0,6473937.0102,-1178594.0838,-1135853.8230,299520.40,7725.89
5208.0,6475828.8042,-1173303.3091,-1130551.1615,299523.17,7725.89
5209.0,6477711.9184,-1168010.9617,-1125246.9803,299525.92,7725.89
5210.0,6479586.3503,-1162717.0488,-1119941.2864,299528.66,7725.89
5211.0,6481452.0972,-1157421.5775,-1114634.0869,299531.39,7725.89
5212.0,6483309.1568,-1152124.5548,-1109325.3890,299534.11,7725.89
5213.0,6485157.5265,-1146825.9879,-1104015.1999,299536.81,7725.89
5214.0,6486997.2039,-1141525.8839,-1098703.5266,299539.51,7725.89
5215.0,6488828.1864,-1136224.2498,-1093390.3763,299542.18,7725.89
5216.0,6490650.4716,-1130921.0928,-1088075.7562,299544.85,7725.89
5217.0,6492464.0570,-1125616.4200,-1082759.6734,299547.51,7725.89
5218.0,6494268.9403,-1120310.2385,-1077442.1350,299550.15,7725.89
5219.0,6496065.1190,-1115002.5554,-1072123.1482,299552.78,7725.89
5220.0,6497852.5906,-1109693.3778,-1066802.7201,299555.40,7725.89
5221.0,6499631.3528,-1104382.7128,-1061480.8579,299558.00,7725.89
5222.0,6501401.4032,-1099070.5676,-1056157.5688,299560.59,7725.89
5223.0,6503162.7394,-1093756.9492,-1050832.8598,299563.17,7725.89
5224.0,6504915.3591,-1088441.8648,-1045506.7382,299565.74,7725.89
5225.0,6506659.2598,-1083125.3215,-1040179.2111,299568.29,7725.89
5226.0,6508394.4393,-1077807.3265,-1034850.2857,299570.83,7725.89
5227.0,6510120.8952,-1072487.8868,-1029519.9691,299573.36,7725.89
5228.0,6511838.6252,-1067167.0096,-1024188.2685,299575.88,7725.89
5229.0,6513547.6269,-1061844.7021,-1018855.1911,299578.38,7725.89
5230.0,6515247.8982,-1056520.9713,-1013520.7440,299580.88,7725.89
5231.0,6516939.4366,-1051195.8243,-1008184.9344,299583.36,7725.89
5232.0,6518622.2400,-1045869.2684,-1002847.7695,299585.82,7725.89
5233.0,6520296.3060,-1040541.3107,-997509.2565,299588.28,7725.89
5234.0,6521961.6324,-1035211.9583,-992169.4024,299590.72,7725.89
5235.0,6523618.2171,-1029881.2183,-986828.2146,299593.15,7725.89
5236.0,6525266.0576,-1024549.0979,-981485.7001,299595.56,7725.89
5237.0,6526905.1519,-1019215.6042,-976141.8663,299597.96,7725.89
5238.0,6528535.4978,-1013880.7444,-970796.7201,299600.35,7725.89
5239.0,6530157.0930,-1008544.5257,-965450.2689,299602.73,7725.89
5240.0,6531769.9353,-1003206.9551,-960102.5199,299605.10,7725.89
5241.0,6533374.0226,-997868.0399,-954753.4801,299607.45,7725.89
5242.0,6534969.3528,-992527.7872,-949403.1568,299609.79,7725.89
5243.0,6536555.9237,-987186.2041,-944051.5572,299612.12,7725.89
5244.0,6538133.7331,-981843.2979,-938698.6885,299614.43,7725.89
5245.0,6539702.7790,-976499.0756,-933344.5579,299616.74,7725.89
5246.0,6541263.0593,-971153.5444,-927989.1726,299619.02,7725.89
5247.0,6542814.5717,-965806.7116,-922632.5397,299621.30,7725.89
5248.0,6544357.3143,-960458.5842,-917274.6665,299623.56,7725.89
5249.0,6545891.2850,-955109.1694,-911915.5602,299625.82,7725.89
5250.0,6547416.4817,-949758.4745,-906555.2279,299628.05,7725.89
5251.0,6548932.9024,-944406.5065,-901193.6770,299630.28,7725.89
5252.0,6550440.5450,-939053.2726,-895830.9145,299632.49,7725.89
5253.0,6551939.4075,-933698.7801,-890466.9477,299634.69,7725.89
5254.0,6553429.4880,-928343.0361,-885101.7839,299636.88,7725.89
5255.0,6554910.7843,-922986.0477,-879735.4301,299639.06,7725.89
5256.0,6556383.2944,-917627.8222,-874367.8938,299641.22,7725.89
5257.0,6557847.0166,-912268.3668,-868999.1819,299643.37,7725.89
5258.0,6559301.9486,-906907.6885,-863629.3018,299645.50,7725.89
5259.0,6560748.0887,-901545.7947,-858258.2608,299647.63,7725.89
5260.0,6562185.4348,-896182.6925,-852886.0659,299649.74,7725.89
5261.0,6563613.9850,-890818.3890,-847512.7245,299651.84,7725.89
5262.0,6565033.7375,-885452.8915,-842138.2437,299653.92,7725.89
5263.0,6566444.6902,-880086.2071,-836762.6307,299656.00,7725.89
5264.0,6567846.8413,-874718.3431,-831385.8929,299658.06,7725.89
5265.0,6569240.1890,-869349.3067,-826008.0374,299660.10,7725.89
5266.0,6570624.7312,-863979.1050,-820629.0715,299662.14,7725.89
5267.0,6572000.4663,-858607.7452,-815249.0024,299664.16,7725.89
5268.0,6573367.3923,-853235.2346,-809867.8373,299666.17,7725.89
5269.0,6574725.5074,-847861.5803,-804485.5834,299668.16,7725.89
5270.0,6576074.8097,-842486.7895,-799102.2481,299670.15,7725.88
5271.0,6577415.2975,-837110.8695,-793717.8384,299672.12,7725.88
5272.0,6578746.9690,-831733.8274,-788332.3618,299674.08,7725.88
5273.0,6580069.8223,-826355.6705,-782945.8253,299676.02,7725.88
5274.0,6581383.8557,-820976.4060,-777558.2363,299677.95,7725.88
5275.0,6582689.0675,-815596.0410,-772169.6019,299679.87,7725.88
5276.0,6583985.4558,-810214.5829,-766779.9295,299681.78,7725.88
5277.0,6585273.0189,-804832.0387,-761389.2263,299683.67,7725.88
5278.0,6586551.7551,-799448.4157,-755997.4995,299685.55,7725.88
5279.0,6587821.6627,-794063.7212,-750604.7564,299687.42,7725.88
5280.0,6589082.7399,-788677.9623,-745211.0042,299689.27,7725.88
5281.0,6590334.9852,-783291.1462,-739816.2501,299691.11,7725.88
5282.0,6591578.3967,-777903.2803,-734420.5015,299692.94,7725.88
5283.0,6592812.9728,-772514.3717,-729023.7656,299694.76,7725.88
5284.0,6594038.7119,-767124.4275,-723626.0496,299696.56,7725.88
5285.0,6595255.6124,-761733.4552,-718227.3608,299698.35,7725.88
5286.0,6596463.6725,-756341.4618,-712827.7064,299700.13,7725.88
5287.0,6597662.8906,-750948.4546,-707427.0938,299701.89,7725.88
5288.0,6598853.2652,-745554.4409,-702025.5301,299703.65,7725.88
5289.0,6600034.7946,-740159.4278,-696623.0226,299705.38,7725.88
5290.0,6601207.4773,-734763.4226,-691219.5786,299707.11,7725.88
5291.0,6602371.3117,-729366.4326,-685815.2054,299708.82,7725.88
5292.0,6603526.2962,-723968.4649,-680409.9101,299710.52,7725.88
5293.0,6604672.4292,-718569.5267,-675003.7002,299712.21,7725.88
5294.0,6605809.7093,-713169.6255,-669596.5828,299713.88,7725.88
5295.0,6606938.1348,-707768.7683,-664188.5653,299715.54,7725.88
5296.0,6608057.7044,-702366.9624,-658779.6548,299717.19,7725.88
5297.0,6609168.4164,-696964.2150,-653369.8587,299718.83,7725.88
5298.0,6610270.2694,-691560.5335,-647959.1842,299720.45,7725.88
5299.0,6611363.2618,-686155.9249,-642547.6386,299722.06,7725.88
5300.0,6612447.3924,-680750.3967,-637135.2292,299723.65,7725.88
5301.0,6613522.6595,-675343.9560,-631721.9633,299725.24,7725.88
5302.0,6614589.0617,-669936.6100,-626307.8481,299726.81,7725.88
5303.0,6615646.5976,-664528.3661,-620892.8909,299728.37,7725.88
5304.0,6616695.2658,-659119.2314,-615477.0990,299729.91,7725.88
5305.0,6617735.0648,-653709.2132,-610060.4797,299731.44,7725.88
5306.0,6618765.9933,-648298.3188,-604643.0402,299732.96,7725.88
5307.0,6619788.0499,-642886.5555,-599224.7879,299734.46,7725.88
5308.0,6620801.2333,-637473.9304,-593805.7300,299735.96,7725.88
5309.0,6621805.5419,-632060.4508,-588385.8738,299737.44,7725.88
5310.0,6622800.9746,-626646.1240,-582965.2266,299738.90,7725.88
5311.0,6623787.5299,-621230.9572,-577543.7956,299740.36,7725.88
5312.0,6624765.2065,-615814.9578,-572121.5883,299741.80,7725.88
5313.0,6625734.0032,-610398.1329,-566698.6118,299743.22,7725.88
5314.0,6626693.9186,-604980.4898,-561274.8734,299744.64,7725.88
5315.0,6627644.9514,-599562.0358,-555850.3805,299746.04,7725.88
5316.0,6628587.1003,-594142.7782,-550425.1403,299747.43,7725.88
5317.0,6629520.3642,-588722.7241,-544999.1601,299748.80,7725.88
5318.0,6630444.7416,-583301.8809,-539572.4473,299750.16,7725.88
5319.0,6631360.2315,-577880.2559,-534145.0091,299751.51,7725.88
5320.0,6632266.8325,-572457.8563,-528716.8527,299752.85,7725.88
5321.0,6633164.5434,-567034.6893,-523287.9856,299754.17,7725.88
5322.0,6634053.3631,-561610.7623,-517858.4150,299755.48,7725.88
5323.0,6634933.2903,-556186.0825,-512428.1482,299756.78,7725.88
5324.0,6635804.3239,-550760.6572,-506997.1925,299758.06,7725.88
5325.0,6636666.4626,-545334.4936,-501565.5552,299759.33,7725.88
5326.0,6637519.7054,-539907.5991,-496133.2436,299760.59,7725.88
5327.0,6638364.0511,-534479.9809,-490700.2651,299761.84,7725.88
5328.0,6639199.4985,-529051.6462,-485266.6268,299763.07,7725.88
5329.0,6640026.0465,-523622.6024,-479832.3362,299764.29,7725.88
5330.0,6640843.6940,-518192.8567,-474397.4005,299765.49,7725.88
5331.0,6641652.4400,-512762.4165,-468961.8270,299766.68,7725.88
5332.0,6642452.2832,-507331.2889,-463525.6231,299767.86,7725.88
5333.0,6643243.2227,-501899.4813,-458088.7960,299769.03,7725.88
5334.0,6644025.2574,-496467.0009,-452651.3530,299770.18,7725.88
5335.0,6644798.3863,-491033.8551,-447213.3016,299771.32,7725.88
5336.0,6645562.6082,-485600.0511,-441774.6489,299772.45,7725.88
5337.0,6646317.9222,-480165.5962,-436335.4023,299773.56,7725.88
5338.0,6647064.3273,-474730.4976,-430895.5691,299774.67,7725.88
5339.0,6647801.8224,-469294.7627,-425455.1566,299775.75,7725.88
5340.0,6648530.4066,-463858.3988,-420014.1721,299776.83,7725.88
5341.0,6649250.0788,-458421.4131,-414572.6230,299777.89,7725.88
5342.0,6649960.8382,-452983.8130,-409130.5166,299778.94,7725.88
5343.0,6650662.6837,-447545.6056,-403687.8601,299779.97,7725.88
5344.0,6651355.6144,-442106.7984,-398244.6609,299780.99,7725.88
5345.0,6652039.6295,-436667.3985,-392800.9263,299782.00,7725.88
5346.0,6652714.7279,-431227.4134,-387356.6637,299783.00,7725.88
5347.0,6653380.9087,-425786.8502,-381911.8803,299783.98,7725.88
5348.0,6654038.1711,-420345.7163,-376466.5834,299784.95,7725.88
5349.0,6654686.5142,-414904.0189,-371020.7805,299785.91,7725.88
5350.0,6655325.9371,-409461.7655,-365574.4788,299786.85,7725.88
5351.0,6655956.4390,-404018.9631,-360127.6856,299787.78,7725.88
5352.0,6656578.0189,-398575.6192,-354680.4082,299788.70,7725.88
5353.0,6657190.6762,-393131.7411,-349232.6540,299789.60,7725.88
5354.0,6657794.4098,-387687.3360,-343784.4303,299790.49,7725.88
5355.0,6658389.2191,-382242.4112,-338335.7445,299791.37,7725.88
5356.0,6658975.1032,-376796.9741,-332886.6038,299792.24,7725.88
5357.0,6659552.0614,-371351.0319,-327437.0156,299793.09,7725.88
5358.0,6660120.0929,-365904.5919,-321986.9871,299793.93,7725.88
5359.0,6660679.1968,-360457.6615,-316536.5258,299794.75,7725.88
5360.0,6661229.3725,-355010.2479,-311085.6390,299795.56,7725.88
5361.0,6661770.6193,-349562.3585,-305634.3339,299796.36,7725.88
5362.0,6662302.9363,-344114.0005,-300182.6180,299797.15,7725.88
5363.0,6662826.3229,-338665.1812,-294730.4985,299797.92,7725.88
5364.0,6663340.7783,-333215.9080,-289277.9828,299798.68,7725.88
5365.0,6663846.3020,-327766.1882,-283825.0781,299799.42,7725.88
5366.0,6664342.8931,-322316.0290,-278371.7919,299800.16,7725.88
5367.0,6664830.5511,-316865.4378,-272918.1315,299800.88,7725.88
5368.0,6665309.2753,-311414.4218,-267464.1042,299801.58,7725.88
5369.0,6665779.0650,-305962.9884,-262009.7173,299802.28,7725.88
5370.0,6666239.9196,-300511.1449,-256554.9781,299802.96,7725.88
5371.0,6666691.8384,-295058.8986,-251099.8941,299803.62,7725.88
5372.0,6667134.8210,-289606.2568,-245644.4725,299804.28,7725.88
5373.0,6667568.8666,-284153.2268,-240188.7206,299804.92,7725.88
5374.0,6667993.9748,-278699.8159,-234732.6459,299805.55,7725.88
5375.0,6668410.1448,-273246.0315,-229276.2556,299806.16,7725.88
5376.0,6668817.3763,-267791.8808,-223819.5570,299806.76,7725.88
5377.0,6669215.6685,-262337.3711,-218362.5576,299807.35,7725.88
5378.0,6669605.0211,-256882.5098,-212905.2646,299807.92,7725.88
5379.0,6669985.4334,-251427.3042,-207447.6853,299808.49,7725.88
5380.0,6670356.9049,-245971.7616,-201989.8272,299809.03,7725.88
5381.0,6670719.4352,-240515.8892,-196531.6976,299809.57,7725.88
5382.0,6671073.0238,-235059.6945,-191073.3037,299810.09,7725.88
5383.0,6671417.6702,-229603.1847,-185614.6530,299810.60,7725.88
5384.0,6671753.3739,-224146.3672,-180155.7527,299811.10,7725.88
5385.0,6672080.1345,-218689.2491,-174696.6102,299811.58,7725.88
5386.0,6672397.9515,-213231.8380,-169237.2329,299812.05,7725.88
5387.0,6672706.8245,-207774.1411,-163777.6281,299812.50,7725.88
5388.0,6673006.7531,-202316.1656,-158317.8031,299812.95,7725.88
5389.0,6673297.7370,-196857.9190,-152857.7653,299813.38,7725.88
5390.0,6673579.7756,-191399.4085,-147397.5219,299813.79,7725.88
5391.0,6673852.8686,-185940.6414,-141937.0804,299814.20,7725.88
5392.0,6674117.0157,-180481.6251,-136476.4481,299814.59,7725.87
5393.0,6674372.2165,-175022.3669,-131015.6324,299814.96,7725.87
5394.0,6674618.4707,-169562.8741,-125554.6405,299815.33,7725.87
5395.0,6674855.7779,-164103.1540,-120093.4798,299815.68,7725.87
5396.0,6675084.1378,-158643.2140,-114632.1577,299816.01,7725.87
5397.0,6675303.5501,-153183.0613,-109170.6814,299816.34,7725.87
5398.0,6675514.0146,-147722.7033,-103709.0584,299816.65,7725.87
5399.0,6675715.5308,-142262.1473,-98247.2960,299816.95,7725.87
5400.0,6675908.0986,-136801.4006,-92785.4015,299817.23,7725.87
5401.0,6676091.7177,-131340.4705,-87323.3823,299817.50,7725.87
5402.0,6676266.3879,-125879.3644,-81861.2457,299817.76,7725.87
5403.0,6676432.1088,-120418.0896,-76398.9991,299818.00,7725.87
5404.0,6676588.8804,-114956.6533,-70936.6497,299818.23,7725.87
5405.0,6676736.7024,-109495.0630,-65474.2050,299818.45,7725.87
5406.0,6676875.5745,-104033.3259,-60011.6723,299818.66,7725.87
5407.0,6677005.4966,-98571.4494,-54549.0589,299818.85,7725.87
5408.0,6677126.4686,-93109.4408,-49086.3722,299819.03,7725.87
5409.0,6677238.4902,-87647.3073,-43623.6195,299819.19,7725.87
5410.0,6677341.5613,-82185.0564,-38160.8081,299819.35,7725.87
5411.0,6677435.6819,-76722.6953,-32697.9455,299819.48,7725.87
5412.0,6677520.8516,-71260.2314,-27235.0389,299819.61,7725.87
5413.0,6677597.0705,-65797.6720,-21772.0957,299819.72,7725.87
5414.0,6677664.3384,-60335.0244,-16309.1233,299819.82,7725.87
5415.0,6677722.6553,-54872.2960,-10846.1289,299819.91,7725.87
5416.0,6677772.0210,-49409.4939,-5383.1200,299819.98,7725.87
5417.0,6677812.4356,-43946.6257,79.8962,299820.04,7725.87
5418.0,6677843.8988,-38483.6986,5542.9122,299820.09,7725.87
5419.0,6677866.4108,-33020.7199,11005.9208,299820.12,7725.87
5420.0,6677879.9715,-27557.6969,16468.9146,299820.14,7725.87
5421.0,6677884.5808,-22094.6370,21931.8862,299820.15,7725.87
5422.0,6677880.2387,-16631.5475,27394.8283,299820.14,7725.87
5423.0,6677866.9453,-11168.4358,32857.7336,299820.12,7725.87
5424.0,6677844.7006,-5705.3090,38320.5947,299820.09,7725.87
5425.0,6677813.5046,-242.1747,43783.4043,299820.04,7725.87
5426.0,6677773.3573,5220.9600,49246.1550,299819.98,7725.87
5427.0,6677724.2589,10684.0877,54708.8395,299819.91,7725.87
5428.0,6677666.2093,16147.2011,60171.4504,299819.82,7725.87
5429.0,6677599.2086,21610.2928,65633.9804,299819.72,7725.87
5430.0,6677523.2570,27073.3555,71096.4222,299819.61,7725.87
5431.0,6677438.3545,32536.3819,76558.7684,299819.49,7725.87
5432.0,6677344.5013,37999.3647,82021.0116,299819.35,7725.87
5433.0,6677241.6974,43462.2965,87483.1446,299819.20,7725.87
5434.0,6677129.9431,48925.1701,92945.1599,299819.03,7725.87
5435.0,6677009.2384,54387.9781,98407.0503,299818.85,7725.87
5436.0,6676879.5836,59850.7132,103868.8083,299818.66,7725.87
5437.0,6676740.9787,65313.3680,109330.4268,299818.46,7725.87
5438.0,6676593.4241,70775.9353,114791.8982,299818.24,7725.87
5439.0,6676436.9198,76238.4077,120253.2152,299818.01,7725.87
5440.0,6676271.4662,81700.7779,125714.3706,299817.76,7725.87
5441.0,6676097.0634,87163.0385,131175.3570,299817.50,7725.87
5442.0,6675913.7116,92625.1824,136636.1670,299817.23,7725.87
5443.0,6675721.4111,98087.2020,142096.7933,299816.95,7725.87
5444.0,6675520.1622,103549.0902,147557.2286,299816.65,7725.87
5445.0,6675309.9652,109010.8395,153017.4654,299816.34,7725.87
5446.0,6675090.8202,114472.4427,158477.4966,299816.02,7725.87
5447.0,6674862.7277,119933.8925,163937.3147,299815.68,7725.87
5448.0,6674625.6879,125395.1815,169396.9123,299815.33,7725.87
5449.0,6674379.7011,130856.3024,174856.2822,299814.97,7725.87
5450.0,6674124.7678,136317.2478,180315.4171,299814.59,7725.87
5451.0,6673860.8881,141778.0106,185774.3095,299814.20,7725.87
5452.0,6673588.0625,147238.5832,191232.9521,299813.80,7725.87
5453.0,6673306.2913,152698.9586,196691.3376,299813.38,7725.87
5454.0,6673015.5749,158159.1292,202149.4587,299812.95,7725.87
5455.0,6672715.9138,163619.0878,207607.3080,299812.51,7725.87
5456.0,6672407.3082,169078.8270,213064.8782,299812.05,7725.87
5457.0,6672089.7587,174538.3396,218522.1619,299811.59,7725.87
5458.0,6671763.2657,179997.6183,223979.1518,299811.10,7725.87
5459.0,6671427.8295,185456.6557,229435.8406,299810.61,7725.87
5460.0,6671083.4507,190915.4444,234892.2210,299810.10,7725.87
5461.0,6670730.1296,196373.9772,240348.2855,299809.58,7725.87
5462.0,6670367.8669,201832.2468,245804.0269,299809.04,7725.87
5463.0,6669996.6629,207290.2459,251259.4378,299808.50,7725.87
5464.0,6669616.5182,212747.9671,256714.5110,299807.93,7725.87
5465.0,6669227.4333,218205.4031,262169.2390,299807.36,7725.87
5466.0,6668829.4087,223662.5465,267623.6145,299806.77,7725.87
5467.0,6668422.4449,229119.3902,273077.6302,299806.17,7725.87
5468.0,6668006.5425,234575.9267,278531.2787,299805.56,7725.87
5469.0,6667581.7021,240032.1488,283984.5529,299804.93,7725.87
5470.0,6667147.9241,245488.0492,289437.4452,299804.29,7725.87
5471.0,6666705.2093,250943.6204,294889.9483,299803.64,7725.87
5472.0,6666253.5582,256398.8553,300342.0550,299802.97,7725.87
5473.0,6665792.9714,261853.7465,305793.7580,299802.29,7725.87
5474.0,6665323.4495,267308.2867,311245.0498,299801.60,7725.87
5475.0,6664844.9931,272762.4685,316695.9231,299800.89,7725.87
5476.0,6664357.6030,278216.2848,322146.3707,299800.17,7725.87
5477.0,6663861.2797,283669.7280,327596.3852,299799.44,7725.87
5478.0,6663356.0239,289122.7911,333045.9592,299798.69,7725.87
5479.0,6662841.8363,294575.4665,338495.0855,299797.93,7725.87
5480.0,6662318.7176,300027.7471,343943.7567,299797.16,7725.87
5481.0,6661786.6686,305479.6256,349391.9655,299796.38,7725.87
5482.0,6661245.6898,310931.0945,354839.7045,299795.58,7725.87
5483.0,6660695.7821,316382.1466,360286.9665,299794.77,7725.87
5484.0,6660136.9461,321832.7747,365733.7442,299793.94,7725.87
5485.0,6659569.1827,327282.9713,371180.0301,299793.10,7725.87
5486.0,6658992.4926,332732.7293,376625.8170,299792.25,7725.87
5487.0,6658406.8765,338182.0412,382071.0975,299791.39,7725.87
5488.0,6657812.3353,343630.8998,387515.8644,299790.51,7725.87
5489.0,6657208.8698,349079.2977,392960.1103,299789.62,7725.87
5490.0,6656596.4808,354527.2278,398403.8279,299788.72,7725.87
5491.0,6655975.1690,359974.6826,403847.0099,299787.80,7725.87
5492.0,6655344.9353,365421.6549,409289.6489,299786.87,7725.87
5493.0,6654705.7807,370868.1373,414731.7377,299785.93,7725.87
5494.0,6654057.7059,376314.1226,420173.2689,299784.97,7725.87
5495.0,6653400.7117,381759.6035,425614.2352,299784.00,7725.87
5496.0,6652734.7992,387204.5727,431054.6293,299783.02,7725.87
5497.0,6652059.9692,392649.0228,436494.4439,299782.02,7725.87
5498.0,6651376.2225,398092.9466,441933.6716,299781.02,7725.87
5499.0,6650683.5602,403536.3368,447372.3052,299779.99,7725.87
5500.0,6649981.9831,408979.1860,452810.3374,299778.96,7725.87
5501.0,6649271.4922,414421.4870,458247.7608,299777.91,7725.87
5502.0,6648552.0884,419863.2325,463684.5681,299776.85,7725.87
5503.0,6647823.7728,425304.4153,469120.7521,299775.78,7725.87
5504.0,6647086.5463,430745.0279,474556.3053,299774.69,7725.87
5505.0,6646340.4098,436185.0631,479991.2206,299773.59,7725.87
5506.0,6645585.3644,441624.5136,485425.4905,299772.47,7725.87
5507.0,6644821.4111,447063.3722,490859.1078,299771.35,7725.87
5508.0,6644048.5510,452501.6315,496292.0653,299770.21,7725.87
5509.0,6643266.7850,457939.2843,501724.3555,299769.06,7725.87
5510.0,6642476.1143,463376.3232,507155.9711,299767.89,7725.87
5511.0,6641676.5398,468812.7409,512586.9050,299766.71,7725.87
5512.0,6640868.0627,474248.5303,518017.1497,299765.52,7725.87
5513.0,6640050.6840,479683.6840,523446.6980,299764.31,7725.87
5514.0,6639224.4049,485118.1946,528875.5426,299763.10,7725.87
5515.0,6638389.2264,490552.0550,534303.6761,299761.87,7725.87
5516.0,6637545.1497,495985.2579,539731.0914,299760.62,7725.87
5517.0,6636692.1759,501417.7959,545157.7810,299759.36,7725.87
5518.0,6635830.3062,506849.6618,550583.7377,299758.09,7725.87
5519.0,6634959.5417,512280.8482,556008.9542,299756.81,7725.87
5520.0,6634079.8836,517711.3480,561433.4232,299755.51,7725.87
5521.0,6633191.3331,523141.1539,566857.1374,299754.20,7725.87
5522.0,6632293.8913,528570.2585,572280.0895,299752.88,7725.87
5523.0,6631387.5595,533998.6546,577702.2723,299751.55,7725.87
5524.0,6630472.3389,539426.3349,583123.6784,299750.20,7725.87
5525.0,6629548.2308,544853.2921,588544.3005,299748.84,7725.87
5526.0,6628615.2363,550279.5191,593964.1314,299747.46,7725.87
5527.0,6627673.3567,555705.0083,599383.1638,299746.07,7725.86
5528.0,6626722.5933,561129.7528,604801.3904,299744.67,7725.86
5529.0,6625762.9474,566553.7450,610218.8039,299743.26,7725.86
5530.0,6624794.4202,571976.9778,615635.3970,299741.83,7725.86
5531.0,6623817.0131,577399.4440,621051.1625,299740.39,7725.86
5532.0,6622830.7274,582821.1361,626466.0930,299738.94,7725.86
5533.0,6621835.5643,588242.0471,631880.1813,299737.48,7725.86
5534.0,6620831.5253,593662.1695,637293.4201,299736.00,7725.86
5535.0,6619818.6117,599081.4962,642705.8021,299734.51,7725.86
5536.0,6618796.8249,604500.0199,648117.3201,299733.00,7725.86
5537.0,6617766.1662,609917.7333,653527.9668,299731.48,7725.86
5538.0,6616726.6369,615334.6291,658937.7349,299729.95,7725.86
5539.0,6615678.2386,620750.7001,664346.6171,299728.41,7725.86
5540.0,6614620.9726,626165.9391,669754.6062,299726.85,7725.86
5541.0,6613554.8404,631580.3387,675161.6948,299725.28,7725.86
5542.0,6612479.8433,636993.8918,680567.8758,299723.70,7725.86
5543.0,6611395.9828,642406.5910,685973.1419,299722.10,7725.86
5544.0,6610303.2604,647818.4291,691377.4857,299720.50,7725.86
5545.0,6609201.6776,653229.3989,696780.9001,299718.87,7725.86
5546.0,6608091.2358,658639.4930,702183.3777,299717.24,7725.86
5547.0,6606971.9365,664048.7044,707584.9113,299715.59,7725.86
5548.0,6605843.7812,669457.0256,712985.4937,299713.93,7725.86
5549.0,6604706.7715,674864.4495,718385.1175,299712.26,7725.86
5550.0,6603560.9088,680270.9687,723783.7756,299710.57,7725.86
5551.0,6602406.1947,685676.5762,729181.4606,299708.87,7725.86
5552.0,6601242.6309,691081.2645,734578.1653,299707.16,7725.86
5553.0,6600070.2187,696485.0265,739973.8825,299705.44,7725.86
5554.0,6598888.9598,701887.8550,745368.6048,299703.70,7725.86
5555.0,6597698.8559,707289.7426,750762.3252,299701.95,7725.86
5556.0,6596499.9084,712690.6822,756155.0362,299700.19,7725.86
5557.0,6595292.1190,718090.6664,761546.7306,299698.41,7725.86
5558.0,6594075.4893,723489.6882,766937.4013,299696.62,7725.86
5559.0,6592850.0211,728887.7401,772327.0409,299694.82,7725.86
5560.0,6591615.7158,734284.8151,777715.6422,299693.00,7725.86
5561.0,6590372.5752,739680.9058,783103.1980,299691.18,7725.86
5562.0,6589120.6009,745076.0051,788489.7010,299689.33,7725.86
5563.0,6587859.7947,750470.1056,793875.1440,299687.48,7725.86
5564.0,6586590.1582,755863.2003,799259.5197,299685.61,7725.86
5565.0,6585311.6931,761255.2817,804642.8210,299683.73,7725.86
5566.0,6584024.4011,766646.3428,810025.0405,299681.84,7725.86
5567.0,6582728.2841,772036.3763,815406.1710,299679.94,7725.86
5568.0,6581423.3436,777425.3749,820786.2053,299678.02,7725.86
5569.0,6580109.5815,782813.3315,826165.1362,299676.09,7725.86
5570.0,6578786.9996,788200.2388,831542.9565,299674.15,7725.86
5571.0,6577455.5996,793586.0896,836919.6588,299672.19,7725.86
5572.0,6576115.3833,798970.8767,842295.2360,299670.22,7725.86
5573.0,6574766.3525,804354.5928,847669.6809,299668.24,7725.86
5574.0,6573408.5090,809737.2308,853042.9862,299666.24,7725.86
5575.0,6572041.8547,815118.7834,858415.1447,299664.23,7725.86
5576.0,6570666.3913,820499.2435,863786.1492,299662.21,7725.86
5577.0,6569282.1208,825878.6038,869155.9925,299660.18,7725.86
5578.0,6567889.0450,831256.8570,874524.6673,299658.13,7725.86
5579.0,6566487.1658,836633.9961,879892.1664,299656.08,7725.86
5580.0,6565076.4850,842010.0137,885258.4826,299654.00,7725.86
5581.0,6563657.0045,847384.9028,890623.6088,299651.92,7725.86
5582.0,6562228.7264,852758.6560,895987.5376,299649.82,7725.86
5583.0,6560791.6524,858131.2662,901350.2620,299647.71,7725.86
5584.0,6559345.7845,863502.7261,906711.7746,299645.59,7725.86
5585.0,6557891.1247,868873.0287,912072.0682,299643.45,7725.86
5586.0,6556427.6748,874242.1666,917431.1358,299641.31,7725.86
5587.0,6554955.4370,879610.1327,922788.9699,299639.15,7725.86
5588.0,6553474.4131,884976.9198,928145.5636,299636.97,7725.86
5589.0,6551984.6051,890342.5207,933500.9095,299634.79,7725.86
5590.0,6550486.0152,895706.9282,938855.0004,299632.59,7725.86
5591.0,6548978.6451,901070.1351,944207.8292,299630.37,7725.86
5592.0,6547462.4971,906432.1343,949559.3887,299628.15,7725.86
5593.0,6545937.5731,911792.9184,954909.6716,299625.91,7725.86
5594.0,6544403.8752,917152.4805,960258.6708,299623.66,7725.86
5595.0,6542861.4054,922510.8132,965606.3791,299621.40,7725.86
5596.0,6541310.1658,927867.9094,970952.7893,299619.12,7725.86
5597.0,6539750.1585,933223.7619,976297.8942,299616.84,7725.86
5598.0,6538181.3857,938578.3636,981641.6867,299614.54,7725.86
5599.0,6536603.8493,943931.7072,986984.1595,299612.22,7725.86
5600.0,6535017.5516,949283.7856,992325.3054,299609.90,7725.86
5601.0,6533422.4946,954634.5916,997665.1174,299607.56,7725.86
5602.0,6531818.6805,959984.1181,1003003.5881,299605.21,7725.86
5603.0,6530206.1115,965332.3578,1008340.7105,299602.84,7725.86
5604.0,6528584.7897,970679.3037,1013676.4773,299600.47,7725.86
5605.0,6526954.7173,976024.9484,1019010.8815,299598.08,7725.86
5606.0,6525315.8965,981369.2850,1024343.9157,299595.68,7725.86
5607.0,6523668.3296,986712.3062,1029675.5729,299593.26,7725.86
5608.0,6522012.0186,992054.0048,1035005.8459,299590.83,7725.86
5609.0,6520346.9659,997394.3737,1040334.7275,299588.39,7725.86
5610.0,6518673.1736,1002733.4057,1045662.2105,299585.94,7725.86
5611.0,6516990.6441,1008071.0938,1050988.2879,299583.48,7725.86
5612.0,6515299.3796,1013407.4306,1056312.9523,299581.00,7725.86
5613.0,6513599.3823,1018742.4091,1061636.1968,299578.51,7725.86
5614.0,6511890.6546,1024076.0222,1066958.0141,299576.01,7725.86
5615.0,6510173.1987,1029408.2626,1072278.3970,299573.49,7725.86
5616.0,6508447.0170,1034739.1233,1077597.3385,299570.96,7725.86
5617.0,6506712.1118,1040068.5971,1082914.8313,299568.42,7725.86
5618.0,6504968.4854,1045396.6768,1088230.8684,299565.87,7725.86
5619.0,6503216.1401,1050723.3553,1093545.4425,299563.31,7725.86
5620.0,6501455.0784,1056048.6254,1098858.5466,299560.73,7725.86
5621.0,6499685.3025,1061372.4801,1104170.1735,299558.14,7725.86
5622.0,6497906.8148,1066694.9122,1109480.3160,299555.53,7725.86
5623.0,6496119.6178,1072015.9146,1114788.9670,299552.92,7725.86
5624.0,6494323.7139,1077335.4801,1120096.1195,299550.29,7725.86
5625.0,6492519.1054,1082653.6016,1125401.7661,299547.65,7725.86
5626.0,6490705.7948,1087970.2720,1130705.8999,299545.00,7725.86
5627.0,6488883.7845,1093285.4841,1136008.5137,299542.33,7725.86
5628.0,6487053.0770,1098599.2309,1141309.6003,299539.65,7725.86
5629.0,6485213.6748,1103911.5052,1146609.1527,299536.96,7725.86
5630.0,6483365.5802,1109222.2998,1151907.1636,299534.26,7725.86
5631.0,6481508.7958,1114531.6078,1157203.6261,299531.55,7725.86
5632.0,6479643.3242,1119839.4218,1162498.5330,299528.82,7725.86
5633.0,6477769.1677,1125145.7350,1167791.8771,299526.08,7725.86
5634.0,6475886.3289,1130450.5400,1173083.6513,299523.33,7725.86
5635.0,6473994.8103,1135753.8299,1178373.8486,299520.56,7725.86
5636.0,6472094.6146,1141055.5975,1183662.4618,299517.78,7725.86
5637.0,6470185.7442,1146355.8358,1188949.4838,299514.99,7725.86
5638.0,6468268.2017,1151654.5375,1194234.9075,299512.19,7725.86
5639.0,6466341.9896,1156951.6956,1199518.7258,299509.38,7725.86
5640.0,6464407.1107,1162247.3031,1204800.9316,299506.55,7725.86
5641.0,6462463.5674,1167541.3527,1210081.5178,299503.71,7725.86
5642.0,6460511.3624,1172833.8375,1215360.4773,299500.86,7725.86
5643.0,6458550.4983,1178124.7503,1220637.8030,299497.99,7725.86
5644.0,6456580.9777,1183414.0841,1225913.4878,299495.12,7725.86
5645.0,6454602.8034,1188701.8317,1231187.5247,299492.23,7725.86
5646.0,6452615.9778,1193987.9861,1236459.9065,299489.33,7725.86
5647.0,6450620.5039,1199272.5401,1241730.6261,299486.41,7725.86
5648.0,6448616.3841,1204555.4867,1246999.6766,299483.49,7725.86
5649.0,6446603.6212,1209836.8189,1252267.0506,299480.55,7725.86
5650.0,6444582.2179,1215116.5295,1257532.7413,299477.60,7725.86
5651.0,6442552.1769,1220394.6115,1262796.7416,299474.64,7725.86
5652.0,6440513.5009,1225671.0577,1268059.0443,299471.66,7725.86
5653.0,6438466.1928,1230945.8612,1273319.6423,299468.67,7725.86
5654.0,6436410.2552,1236219.0149,1278578.5287,299465.67,7725.86
5655.0,6434345.6909,1241490.5116,1283835.6963,299462.66,7725.86
5656.0,6432272.5026,1246760.3444,1289091.1381,299459.64,7725.86
5657.0,6430190.6933,1252028.5061,1294344.8470,299456.60,7725.86
5658.0,6428100.2655,1257294.9897,1299596.8160,299453.55,7725.86
5659.0,6426001.2223,1262559.7882,1304847.0379,299450.49,7725.86
5660.0,6423893.5663,1267822.8944,1310095.5058,299447.42,7725.86
5661.0,6421777.3005,1273084.3014,1315342.2126,299444.33,7725.86
5662.0,6419652.4276,1278344.0021,1320587.1512,299441.24,7725.86
5663.0,6417518.9506,1283601.9895,1325830.3146,299438.13,7725.86
5664.0,6415376.8722,1288858.2564,1331071.6958,299435.00,7725.86
5665.0,6413226.1954,1294112.7959,1336311.2876,299431.87,7725.86
5666.0,6411066.9231,1299365.6009,1341549.0831,299428.72,7725.86
5667.0,6408899.0581,1304616.6643,1346785.0752,299425.57,7725.86
5668.0,6406722.6034,1309865.9792,1352019.2568,299422.39,7725.86
5669.0,6404537.5619,1315113.5385,1357251.6211,299419.21,7725.86
5670.0,6402343.9365,1320359.3352,1362482.1608,299416.02,7725.86
5671.0,6400141.7302,1325603.3622,1367710.8690,299412.81,7725.86
5672.0,6397930.9460,1330845.6125,1372937.7387,299409.59,7725.86
5673.0,6395711.5868,1336086.0792,1378162.7627,299406.36,7725.86
5674.0,6393483.6555,1341324.7550,1383385.9342,299403.12,7725.86
5675.0,6391247.1553,1346561.6332,1388607.2461,299399.86,7725.86
5676.0,6389002.0891,1351796.7066,1393826.6914,299396.59,7725.86
5677.0,6386748.4598,1357029.9681,1399044.2630,299393.31,7725.86
5678.0,6384486.2706,1362261.4109,1404259.9539,299390.02,7725.86
5679.0,6382215.5245,1367491.0279,1409473.7572,299386.72,7725.86
5680.0,6379936.2246,1372718.8121,1414685.6659,299383.40,7725.86
5681.0,6377648.3738,1377944.7564,1419895.6728,299380.07,7725.86
5682.0,6375351.9753,1383168.8540,1425103.7711,299376.73,7725.86
5683.0,6373047.0321,1388391.0977,1430309.9536,299373.38,7725.86
5684.0,6370733.5474,1393611.4806,1435514.2136,299370.02,7725.86
5685.0,6368411.5243,1398829.9957,1440716.5438,299366.64,7725.86
5686.0,6366080.9659,1404046.6360,1445916.9374,299363.25,7725.86
5687.0,6363741.8752,1409261.3944,1451115.3873,299359.85,7725.86
5688.0,6361394.2555,1414474.2642,1456311.8866,299356.44,7725.86
5689.0,6359038.1100,1419685.2381,1461506.4283,299353.01,7725.86
5690.0,6356673.4417,1424894.3093,1466699.0054,299349.58,7725.86
5691.0,6354300.2539,1430101.4707,1471889.6110,299346.13,7725.86
5692.0,6351918.5497,1435306.7155,1477078.2379,299342.67,7725.86
5693.0,6349528.3324,1440510.0366,1482264.8794,299339.20,7725.86
5694.0,6347129.6051,1445711.4270,1487449.5283,299335.71,7725.86
5695.0,6344722.3711,1450910.8798,1492632.1778,299332.22,7725.86
5696.0,6342306.6336,1456108.3880,1497812.8209,299328.71,7725.86
5697.0,6339882.3959,1461303.9447,1502991.4506,299325.19,7725.86
5698.0,6337449.6612,1466497.5429,1508168.0599,299321.66,7725.86
5699.0,6335008.4328,1471689.1756,1513342.6419,299318.12,7725.86
5700.0,6332558.7140,1476878.8358,1518515.1897,299314.56,7725.86
5701.0,6330100.5080,1482066.5167,1523685.6963,299310.99,7725.86
5702.0,6327633.8182,1487252.2112,1528854.1547,299307.41,7725.86
5703.0,6325158.6479,1492435.9125,1534020.5580,299303.82,7725.86
5704.0,6322675.0004,1497617.6136,1539184.8993,299300.22,7725.86
5705.0,6320182.8790,1502797.3074,1544347.1716,299296.61,7725.86
5706.0,6317682.2871,1507974.9872,1549507.3679,299292.98,7725.86
5707.0,6315173.2281,1513150.6459,1554665.4814,299289.34,7725.86
5708.0,6312655.7052,1518324.2767,1559821.5052,299285.69,7725.86
5709.0,6310129.7220,1523495.8725,1564975.4322,299282.03,7725.86
5710.0,6307595.2818,1528665.4265,1570127.2555,299278.36,7725.86
5711.0,6305052.3880,1533832.9317,1575276.9683,299274.67,7725.86
5712.0,6302501.0440,1538998.3813,1580424.5637,299270.97,7725.86
5713.0,6299941.2533,1544161.7682,1585570.0346,299267.26,7725.86
5714.0,6297373.0193,1549323.0856,1590713.3742,299263.54,7725.86
5715.0,6294796.3453,1554482.3265,1595854.5756,299259.81,7725.86
5716.0,6292211.2350,1559639.4841,1600993.6318,299256.07,7725.86
5717.0,6289617.6918,1564794.5515,1606130.5360,299252.31,7725.86
5718.0,6287015.7191,1569947.5216,1611265.2813,299248.54,7725.86
5719.0,6284405.3205,1575098.3877,1616397.8607,299244.76,7725.86
5720.0,6281786.4995,1580247.1428,1621528.2674,299240.97,7725.86
5721.0,6279159.2595,1585393.7801,1626656.4944,299237.17,7725.86
5722.0,6276523.6042,1590538.2925,1631782.5349,299233.35,7725.86
5723.0,6273879.5370,1595680.6733,1636906.3820,299229.53,7725.86
5724.0,6271227.0615,1600820.9156,1642028.0288,299225.69,7725.87
5725.0,6268566.1812,1605959.0124,1647147.4685,299221.84,7725.87
5726.0,6265896.8999,1611094.9569,1652264.6940,299217.98,7725.87
5727.0,6263219.2209,1616228.7421,1657379.6987,299214.11,7725.87
5728.0,6260533.1480,1621360.3613,1662492.4755,299210.22,7725.87
5729.0,6257838.6847,1626489.8076,1667603.0177,299206.33,7725.87
5730.0,6255135.8347,1631617.0740,1672711.3183,299202.42,7725.87
5731.0,6252424.6015,1636742.1537,1677817.3705,299198.50,7725.87
5732.0,6249704.9889,1641865.0399,1682921.1674,299194.57,7725.87
5733.0,6246977.0005,1646985.7256,1688022.7022,299190.63,7725.87
5734.0,6244240.6399,1652104.2040,1693121.9680,299186.68,7725.87
5735.0,6241495.9109,1657220.4683,1698218.9580,299182.71,7725.87
5736.0,6238742.8171,1662334.5116,1703313.6653,299178.73,7725.87
5737.0,6235981.3622,1667446.3270,1708406.0830,299174.75,7725.87
5738.0,6233211.5499,1672555.9078,1713496.2044,299170.75,7725.87
5739.0,6230433.3839,1677663.2470,1718584.0226,299166.73,7725.87
5740.0,6227646.8681,1682768.3378,1723669.5308,299162.71,7725.87
5741.0,6224852.0060,1687871.1733,1728752.7220,299158.68,7725.87
5742.0,6222048.8016,1692971.7469,1733833.5896,299154.63,7725.87
5743.0,6219237.2584,1698070.0515,1738912.1266,299150.58,7725.87
5744.0,6216417.3804,1703166.0804,1743988.3262,299146.51,7725.87
5745.0,6213589.1713,1708259.8267,1749062.1817,299142.43,7725.87
5746.0,6210752.6349,1713351.2837,1754133.6862,299138.34,7725.87
5747.0,6207907.7750,1718440.4444,1759202.8328,299134.23,7725.87
5748.0,6205054.5955,1723527.3022,1764269.6148,299130.12,7725.87
5749.0,6202193.1001,1728611.8501,1769334.0254,299125.99,7725.87
5750.0,6199323.2928,1733694.0814,1774396.0578,299121.86,7725.87
5751.0,6196445.1773,1738773.9892,1779455.7051,299117.71,7725.87
5752.0,6193558.7576,1743851.5668,1784512.9606,299113.55,7725.87
5753.0,6190664.0374,1748926.8073,1789567.8175,299109.38,7725.87
5754.0,6187761.0208,1753999.7039,1794620.2689,299105.19,7725.87
5755.0,6184849.7116,1759070.2499,1799670.3081,299101.00,7725.87
5756.0,6181930.1137,1764138.4385,1804717.9283,299096.80,7725.87
5757.0,6179002.2311,1769204.2628,1809763.1228,299092.58,7725.87
5758.0,6176066.0676,1774267.7161,1814805.8847,299088.35,7725.87
5759.0,6173121.6272,1779328.7916,1819846.2072,299084.11,7725.87
5760.0,6170168.9139,1784387.4825,1824884.0837,299079.86,7725.87
5761.0,6167207.9316,1789443.7821,1829919.5072,299075.60,7725.87
5762.0,6164238.6844,1794497.6835,1834952.4712,299071.33,7725.87
5763.0,6161261.1761,1799549.1800,1839982.9687,299067.04,7725.87
5764.0,6158275.4109,1804598.2648,1845010.9931,299062.75,7725.87
5765.0,6155281.3927,1809644.9312,1850036.5375,299058.44,7725.87
5766.0,6152279.1255,1814689.1724,1855059.5953,299054.13,7725.87
5767.0,6149268.6133,1819730.9817,1860080.1597,299049.80,7725.87
5768.0,6146249.8603,1824770.3522,1865098.2239,299045.46,7725.87
5769.0,6143222.8705,1829807.2773,1870113.7812,299041.11,7725.87
5770.0,6140187.6479,1834841.7502,1875126.8249,299036.74,7725.87
5771.0,6137144.1966,1839873.7641,1880137.3482,299032.37,7725.87
5772.0,6134092.5207,1844903.3124,1885145.3444,299027.99,7725.87
5773.0,6131032.6243,1849930.3882,1890150.8067,299023.59,7725.87
5774.0,6127964.5115,1854954.9848,1895153.7285,299019.18,7725.87
5775.0,6124888.1864,1859977.0956,1900154.1030,299014.77,7725.87
5776.0,6121803.6532,1864996.7137,1905151.9235,299010.34,7725.87
5777.0,6118710.9161,1870013.8325,1910147.1833,299005.90,7725.87
5778.0,6115609.9790,1875028.4453,1915139.8756,299001.45,7725.87
5779.0,6112500.8463,1880040.5452,1920129.9939,298996.98,7725.87
5780.0,6109383.5221,1885050.1257,1925117.5312,298992.51,7725.87
5781.0,6106258.0106,1890057.1799,1930102.4811,298988.03,7725.88
5782.0,6103124.3160,1895061.7012,1935084.8367,298983.53,7725.88
5783.0,6099982.4424,1900063.6830,1940064.5914,298979.03,7725.88
5784.0,6096832.3942,1905063.1184,1945041.7384,298974.51,7725.88
5785.0,6093674.1756,1910060.0008,1950016.2711,298969.98,7725.88
5786.0,6090507.7907,1915054.3234,1954988.1829,298965.44,7725.88
5787.0,6087333.2438,1920046.0797,1959957.4670,298960.89,7725.88
5788.0,6084150.5393,1925035.2629,1964924.1167,298956.33,7725.88
5789.0,6080959.6814,1930021.8663,1969888.1254,298951.76,7725.88
5790.0,6077760.6743,1935005.8833,1974849.4865,298947.17,7725.88
5791.0,6074553.5224,1939987.3072,1979808.1931,298942.58,7725.88
5792.0,6071338.2299,1944966.1313,1984764.2388,298937.98,7725.88
5793.0,6068114.8013,1949942.3489,1989717.6168,298933.36,7725.88
5794.0,6064883.2407,1954915.9534,1994668.3204,298928.73,7725.88
5795.0,6061643.5527,1959886.9380,1999616.3431,298924.10,7725.88
5796.0,6058395.7414,1964855.2963,2004561.6782,298919.45,7725.88
5797.0,6055139.8113,1969821.0214,2009504.3189,298914.79,7725.88
5798.0,6051875.7668,1974784.1068,2014444.2588,298910.12,7725.88
5799.0,6048603.6121,1979744.5458,2019381.4911,298905.44,7725.88
5800.0,6045323.3518,1984702.3317,2024316.0093,298900.75,7725.88
5801.0,6042034.9903,1989657.4579,2029247.8066,298896.05,7725.88
5802.0,6038738.5319,1994609.9178,2034176.8765,298891.33,7725.88
5803.0,6035433.9810,1999559.7048,2039103.2124,298886.61,7725.88
5804.0,6032121.3422,2004506.8122,2044026.8076,298881.87,7725.88
5805.0,6028800.6198,2009451.2333,2048947.6555,298877.13,7725.88
5806.0,6025471.8184,2014392.9616,2053865.7495,298872.37,7725.88
5807.0,6022134.9424,2019331.9905,2058781.0830,298867.61,7725.88
5808.0,6018789.9962,2024268.3132,2063693.6493,298862.83,7725.88
5809.0,6015436.9844,2029201.9233,2068603.4420,298858.04,7725.88
5810.0,6012075.9114,2034132.8141,2073510.4544,298853.24,7725.88
5811.0,6008706.7819,2039060.9790,2078414.6799,298848.43,7725.88
5812.0,6005329.6002,2043986.4114,2083316.1119,298843.61,7725.88
5813.0,6001944.3710,2048909.1048,2088214.7438,298838.78,7725.88
5814.0,5998551.0988,2053829.0524,2093110.5691,298833.94,7725.88
5815.0,5995149.7881,2058746.2477,2098003.5812,298829.09,7725.89
5816.0,5991740.4436,2063660.6842,2102893.7734,298824.22,7725.89
5817.0,5988323.0697,2068572.3553,2107781.1393,298819.35,7725.89
5818.0,5984897.6711,2073481.2543,2112665.6723,298814.47,7725.89
5819.0,5981464.2524,2078387.3747,2117547.3658,298809.57,7725.89
5820.0,5978022.8182,2083290.7099,2122426.2132,298804.67,7725.89
5821.0,5974573.3731,2088191.2534,2127302.2080,298799.75,7725.89
5822.0,5971115.9218,2093088.9986,2132175.3437,298794.83,7725.89
5823.0,5967650.4688,2097983.9390,2137045.6136,298789.89,7725.89
5824.0,5964177.0189,2102876.0679,2141913.0113,298784.94,7725.89
5825.0,5960695.5767,2107765.3789,2146777.5303,298779.98,7725.89
5826.0,5957206.1469,2112651.8653,2151639.1639,298775.02,7725.89
5827.0,5953708.7341,2117535.5207,2156497.9057,298770.04,7725.89
5828.0,5950203.3432,2122416.3385,2161353.7491,298765.05,7725.89
5829.0,5946689.9787,2127294.3121,2166206.6876,298760.05,7725.89
5830.0,5943168.6453,2132169.4350,2171056.7147,298755.04,7725.89
5831.0,5939639.3480,2137041.7008,2175903.8238,298750.02,7725.89
5832.0,5936102.0912,2141911.1028,2180748.0086,298744.99,7725.89
5833.0,5932556.8799,2146777.6346,2185589.2623,298739.95,7725.89
5834.0,5929003.7187,2151641.2896,2190427.5787,298734.90,7725.89
5835.0,5925442.6125,2156502.0614,2195262.9510,298729.83,7725.89
5836.0,5921873.5660,2161359.9433,2200095.3730,298724.76,7725.89
5837.0,5918296.5841,2166214.9289,2204924.8380,298719.68,7725.89
5838.0,5914711.6714,2171067.0118,2209751.3395,298714.59,7725.89
5839.0,5911118.8329,2175916.1853,2214574.8712,298709.48,7725.89
5840.0,5907518.0733,2180762.4431,2219395.4265,298704.37,7725.89
5841.0,5903909.3976,2185605.7785,2224212.9989,298699.25,7725.89
5842.0,5900292.8104,2190446.1852,2229027.5820,298694.11,7725.90
5843.0,5896668.3168,2195283.6567,2233839.1693,298688.97,7725.90
5844.0,5893035.9215,2200118.1864,2238647.7543,298683.81,7725.90
5845.0,5889395.6295,2204949.7679,2243453.3306,298678.65,7725.90
5846.0,5885747.4456,2209778.3948,2248255.8917,298673.47,7725.90
5847.0,5882091.3747,2214604.0605,2253055.4312,298668.29,7725.90
5848.0,5878427.4217,2219426.7585,2257851.9427,298663.09,7725.90
5849.0,5874755.5916,2224246.4826,2262645.4196,298657.89,7725.90
5850.0,5871075.8893,2229063.2261,2267435.8556,298652.67,7725.90
5851.0,5867388.3197,2233876.9826,2272223.2441,298647.45,7725.90
5852.0,5863692.8878,2238687.7457,2277007.5789,298642.21,7725.90
5853.0,5859989.5985,2243495.5090,2281788.8534,298636.96,7725.90
5854.0,5856278.4569,2248300.2660,2286567.0612,298631.71,7725.90
5855.0,5852559.4678,2253102.0102,2291342.1960,298626.44,7725.90
5856.0,5848832.6363,2257900.7353,2296114.2513,298621.16,7725.90
5857.0,5845097.9674,2262696.4348,2300883.2206,298615.88,7725.90
5858.0,5841355.4661,2267489.1022,2305649.0977,298610.58,7725.90
5859.0,5837605.1375,2272278.7313,2310411.8760,298605.28,7725.90
5860.0,5833846.9865,2277065.3155,2315171.5492,298599.96,7725.90
5861.0,5830081.0182,2281848.8484,2319928.1109,298594.63,7725.90
5862.0,5826307.2377,2286629.3237,2324681.5547,298589.30,7725.90
5863.0,5822525.6500,2291406.7349,2329431.8743,298583.95,7725.91
5864.0,5818736.2602,2296181.0757,2334179.0631,298578.59,7725.91
5865.0,5814939.0735,2300952.3396,2338923.1150,298573.23,7725.91
5866.0,5811134.0948,2305720.5203,2343664.0234,298567.85,7725.91
5867.0,5807321.3293,2310485.6113,2348401.7821,298562.46,7725.91
5868.0,5803500.7822,2315247.6064,2353136.3846,298557.07,7725.91
5869.0,5799672.4585,2320006.4990,2357867.8246,298551.66,7725.91
5870.0,5795836.3634,2324762.2829,2362596.0958,298546.24,7725.91
5871.0,5791992.5021,2329514.9516,2367321.1918,298540.82,7725.91
5872.0,5788140.8796,2334264.4989,2372043.1062,298535.38,7725.91
5873.0,5784281.5013,2339010.9183,2376761.8327,298529.94,7725.91
5874.0,5780414.3721,2343754.2035,2381477.3650,298524.48,7725.91
5875.0,5776539.4975,2348494.3482,2386189.6968,298519.01,7725.91
5876.0,5772656.8825,2353231.3459,2390898.8216,298513.54,7725.91
5877.0,5768766.5323,2357965.1904,2395604.7333,298508.05,7725.91
5878.0,5764868.4522,2362695.8753,2400307.4254,298502.56,7725.91
5879.0,5760962.6475,2367423.3943,2405006.8916,298497.05,7725.91
5880.0,5757049.1233,2372147.7410,2409703.1257,298491.54,7725.91
5881.0,5753127.8850,2376868.9091,2414396.1214,298486.02,7725.91
5882.0,5749198.9377,2381586.8924,2419085.8722,298480.48,7725.92
5883.0,5745262.2867,2386301.6844,2423772.3720,298474.94,7725.92
5884.0,5741317.9374,2391013.2789,2428455.6144,298469.39,7725.92
5885.0,5737365.8951,2395721.6695,2433135.5932,298463.82,7725.92
5886.0,5733406.1650,2400426.8500,2437812.3020,298458.25,7725.92
5887.0,5729438.7524,2405128.8140,2442485.7346,298452.67,7725.92
5888.0,5725463.6627,2409827.5553,2447155.8847,298447.08,7725.92
5889.0,5721480.9013,2414523.0675,2451822.7460,298441.47,7725.92
5890.0,5717490.4734,2419215.3444,2456486.3123,298435.86,7725.92
5891.0,5713492.3844,2423904.3797,2461146.5773,298430.24,7725.92
5892.0,5709486.6397,2428590.1672,2465803.5347,298424.61,7725.92
5893.0,5705473.2447,2433272.7004,2470457.1783,298418.97,7725.92
5894.0,5701452.2048,2437951.9733,2475107.5019,298413.32,7725.92
5895.0,5697423.5253,2442627.9794,2479754.4991,298407.66,7725.92
5896.0,5693387.2116,2447300.7126,2484398.1638,298402.00,7725.92
5897.0,5689343.2692,2451970.1665,2489038.4897,298396.32,7725.92
5898.0,5685291.7036,2456636.3350,2493675.4706,298390.63,7725.92
5899.0,5681232.5200,2461299.2118,2498309.1002,298384.93,7725.93
5900.0,5677165.7241,2465958.7906,2502939.3724,298379.23,7725.93
5901.0,5673091.3212,2470615.0652,2507566.2809,298373.51,7725.93
5902.0,5669009.3169,2475268.0293,2512189.8194,298367.78,7725.93
5903.0,5664919.7165,2479917.6769,2516809.9819,298362.05,7725.93
5904.0,5660822.5256,2484564.0015,2521426.7621,298356.31,7725.93
5905.0,5656717.7498,2489206.9970,2526040.1537,298350.55,7725.93
5906.0,5652605.3944,2493846.6572,2530650.1506,298344.79,7725.93
5907.0,5648485.4650,2498482.9758,2535256.7467,298339.02,7725.93
5908.0,5644357.9672,2503115.9467,2539859.9356,298333.23,7725.93
5909.0,5640222.9065,2507745.5636,2544459.7113,298327.44,7725.93
5910.0,5636080.2884,2512371.8204,2549056.0675,298321.64,7725.93
5911.0,5631930.1185,2516994.7108,2553648.9981,298315.83,7725.93
5912.0,5627772.4024,2521614.2287,2558238.4969,298310.01,7725.93
5913.0,5623607.1457,2526230.3679,2562824.5578,298304.19,7725.93
5914.0,5619434.3539,2530843.1222,2567407.1745,298298.35,7725.94
5915.0,5615254.0326,2535452.4853,2571986.3410,298292.50,7725.94
5916.0,5611066.1875,2540058.4513,2576562.0511,298286.65,7725.94
5917.0,5606870.8242,2544661.0138,2581134.2986,298280.78,7725.94
5918.0,5602667.9482,2549260.1668,2585703.0774,298274.91,7725.94
5919.0,5598457.5653,2553855.9040,2590268.3814,298269.02,7725.94
5920.0,5594239.6812,2558448.2193,2594830.2045,298263.13,7725.94
5921.0,5590014.3013,2563037.1066,2599388.5404,298257.23,7725.94
5922.0,5585781.4315,2567622.5597,2603943.3831,298251.32,7725.94
5923.0,5581541.0774,2572204.5724,2608494.7265,298245.40,7725.94
5924.0,5577293.2448,2576783.1387,2613042.5645,298239.47,7725.94
5925.0,5573037.9392,2581358.2524,2617586.8909,298233.53,7725.94
5926.0,5568775.1664,2585929.9075,2622127.6996,298227.58,7725.94
5927.0,5564504.9322,2590498.0976,2626664.9847,298221.62,7725.95
5928.0,5560227.2422,2595062.8168,2631198.7398,298215.66,7725.95
5929.0,5555942.1023,2599624.0590,2635728.9591,298209.68,7725.95
5930.0,5551649.5181,2604181.8180,2640255.6363,298203.70,7725.95
5931.0,5547349.4954,2608736.0877,2644778.7655,298197.71,7725.95
5932.0,5543042.0401,2613286.8620,2649298.3404,298191.71,7725.95
5933.0,5538727.1578,2617834.1349,2653814.3552,298185.69,7725.95
5934.0,5534404.8543,2622377.9002,2658326.8036,298179.67,7725.95
5935.0,5530075.1356,2626918.1519,2662835.6797,298173.65,7725.95
5936.0,5525738.0073,2631454.8839,2667340.9774,298167.61,7725.95
5937.0,5521393.4753,2635988.0900,2671842.6906,298161.56,7725.95
5938.0,5517041.5454,2640517.7644,2676340.8133,298155.51,7725.95
5939.0,5512682.2235,2645043.9008,2680835.3395,298149.44,7725.95
5940.0,5508315.5154,2649566.4932,2685326.2631,298143.37,7725.96
5941.0,5503941.4270,2654085.5356,2689813.5780,298137.29,7725.96
5942.0,5499559.9641,2658601.0219,2694297.2784,298131.20,7725.96
5943.0,5495171.1327,2663112.9460,2698777.3581,298125.10,7725.96
5944.0,5490774.9386,2667621.3020,2703253.8111,298118.99,7725.96
5945.0,5486371.3877,2672126.0838,2707726.6314,298112.87,7725.96
5946.0,5481960.4859,2676627.2853,2712195.8130,298106.74,7725.96
5947.0,5477542.2392,2681124.9006,2716661.3499,298100.61,7725.96
5948.0,5473116.6534,2685618.9236,2721123.2362,298094.46,7725.96
5949.0,5468683.7346,2690109.3483,2725581.4657,298088.31,7725.96
5950.0,5464243.4886,2694596.1686,2730036.0326,298082.15,7725.96
5951.0,5459795.9214,2699079.3787,2734486.9309,298075.98,7725.96
5952.0,5455341.0391,2703558.9724,2738934.1545,298069.80,7725.97
5953.0,5450878.8475,2708034.9438,2743377.6975,298063.62,7725.97
5954.0,5446409.3526,2712507.2868,2747817.5540,298057.42,7725.97
5955.0,5441932.5605,2716975.9956,2752253.7179,298051.21,7725.97
5956.0,5437448.4772,2721441.0641,2756686.1834,298045.00,7725.97
5957.0,5432957.1087,2725902.4863,2761114.9444,298038.78,7725.97
5958.0,5428458.4609,2730360.2563,2765539.9950,298032.55,7725.97
5959.0,5423952.5400,2734814.3680,2769961.3293,298026.31,7725.97
5960.0,5419439.3520,2739264.8156,2774378.9414,298020.06,7725.97
5961.0,5414918.9029,2743711.5931,2778792.8253,298013.81,7725.97
5962.0,5410391.1989,2748154.6945,2783202.9750,298007.54,7725.97
5963.0,5405856.2459,2752594.1139,2787609.3848,298001.27,7725.98
5964.0,5401314.0501,2757029.8453,2792012.0485,297994.99,7725.98
5965.0,5396764.6175,2761461.8828,2796410.9604,297988.70,7725.98
5966.0,5392207.9544,2765890.2204,2800806.1145,297982.40,7725.98
5967.0,5387644.0667,2770314.8523,2805197.5050,297976.09,7725.98
5968.0,5383072.9606,2774735.7725,2809585.1259,297969.78,7725.98
5969.0,5378494.6422,2779152.9750,2813968.9713,297963.45,7725.98
5970.0,5373909.1178,2783566.4541,2818349.0354,297957.12,7725.98
5971.0,5369316.3934,2787976.2037,2822725.3122,297950.78,7725.98
5972.0,5364716.4752,2792382.2179,2827097.7960,297944.43,7725.98
5973.0,5360109.3693,2796784.4910,2831466.4807,297938.07,7725.99
5974.0,5355495.0820,2801183.0169,2835831.3606,297931.71,7725.99
5975.0,5350873.6195,2805577.7897,2840192.4299,297925.33,7725.99
5976.0,5346244.9878,2809968.8037,2844549.6825,297918.95,7725.99
5977.0,5341609.1934,2814356.0529,2848903.1128,297912.56,7725.99
5978.0,5336966.2423,2818739.5314,2853252.7148,297906.16,7725.99
5979.0,5332316.1409,2823119.2335,2857598.4827,297899.75,7725.99
5980.0,5327658.8952,2827495.1531,2861940.4106,297893.34,7725.99
5981.0,5322994.5117,2831867.2845,2866278.4929,297886.91,7725.99
5982.0,5318322.9965,2836235.6218,2870612.7235,297880.48,7725.99
5983.0,5313644.3559,2840600.1591,2874943.0967,297874.04,7726.00
5984.0,5308958.5963,2844960.8907,2879269.6067,297867.59,7726.00
5985.0,5304265.7238,2849317.8106,2883592.2477,297861.14,7726.00
5986.0,5299565.7448,2853670.9131,2887911.0139,297854.67,7726.00
5987.0,5294858.6656,2858020.1923,2892225.8994,297848.20,7726.00
5988.0,5290144.4924,2862365.6424,2896536.8985,297841.72,7726.00
5989.0,5285423.2317,2866707.2575,2900844.0054,297835.23,7726.00
5990.0,5280694.8898,2871045.0320,2905147.2143,297828.73,7726.00
5991.0,5275959.4730,2875378.9598,2909446.5195,297822.22,7726.00
5992.0,5271216.9876,2879709.0354,2913741.9151,297815.71,7726.01
5993.0,5266467.4400,2884035.2528,2918033.3954,297809.19,7726.01
5994.0,5261710.8367,2888357.6062,2922320.9546,297802.66,7726.01
5995.0,5256947.1839,2892676.0900,2926604.5870,297796.12,7726.01
5996.0,5252176.4880,2896990.6982,2930884.2868,297789.58,7726.01
5997.0,5247398.7555,2901301.4252,2935160.0482,297783.02,7726.01
5998.0,5242613.9928,2905608.2651,2939431.8657,297776.46,7726.01
5999.0,5237822.2063,2909911.2122,2943699.7333,297769.89,7726.01
6000.0,5233023.4024,2914210.2608,2947963.6454,297763.32,7726.01
6001.0,5228217.5876,2918505.4050,2952223.5962,297756.73,7726.02
6002.0,5223404.7683,2922796.6391,2956479.5800,297750.14,7726.02
6003.0,5218584.9509,2927083.9574,2960731.5912,297743.54,7726.02
6004.0,5213758.1420,2931367.3542,2964979.6240,297736.93,7726.02
6005.0,5208924.3479,2935646.8236,2969223.6726,297730.31,7726.02
6006.0,5204083.5753,2939922.3601,2973463.7315,297723.69,7726.02
6007.0,5199235.8305,2944193.9578,2977699.7949,297717.05,7726.02
6008.0,5194381.1201,2948461.6110,2981931.8571,297710.41,7726.02
6009.0,5189519.4506,2952725.3141,2986159.9124,297703.77,7726.02
6010.0,5184650.8285,2956985.0612,2990383.9552,297697.11,7726.03
6011.0,5179775.2604,2961240.8468,2994603.9798,297690.45,7726.03
6012.0,5174892.7528,2965492.6651,2998819.9805,297683.78,7726.03
6013.0,5170003.3122,2969740.5104,3003031.9516,297677.10,7726.03
6014.0,5165106.9452,2973984.3771,3007239.8876,297670.41,7726.03
6015.0,5160203.6584,2978224.2594,3011443.7828,297663.72,7726.03
6016.0,5155293.4583,2982460.1518,3015643.6314,297657.01,7726.03
6017.0,5150376.3515,2986692.0484,3019839.4280,297650.30,7726.03
6018.0,5145452.3447,2990919.9437,3024031.1668,297643.59,7726.04
6019.0,5140521.4444,2995143.8319,3028218.8422,297636.86,7726.04
6020.0,5135583.6573,2999363.7075,3032402.4486,297630.13,7726.04
6021.0,5130638.9899,3003579.5648,3036581.9803,297623.39,7726.04
6022.0,5125687.4489,3007791.3981,3040757.4319,297616.64,7726.04
6023.0,5120729.0410,3011999.2018,3044928.7976,297609.89,7726.04
6024.0,5115763.7727,3016202.9704,3049096.0719,297603.12,7726.04
6025.0,5110791.6509,3020402.6980,3053259.2491,297596.35,7726.04
6026.0,5105812.6820,3024598.3792,3057418.3237,297589.58,7726.05
6027.0,5100826.8728,3028790.0083,3061573.2901,297582.79,7726.05
6028.0,5095834.2301,3032977.5796,3065724.1427,297576.00,7726.05
6029.0,5090834.7604,3037161.0877,3069870.8760,297569.20,7726.05
6030.0,5085828.4705,3041340.5269,3074013.4844,297562.39,7726.05
6031.0,5080815.3671,3045515.8915,3078151.9622,297555.57,7726.05
6032.0,5075795.4570,3049687.1761,3082286.3040,297548.75,7726.05
6033.0,5070768.7468,3053854.3750,3086416.5042,297541.92,7726.06
6034.0,5065735.2434,3058017.4826,3090542.5573,297535.08,7726.06
6035.0,5060694.9533,3062176.4934,3094664.4577,297528.24,7726.06
6036.0,5055647.8836,3066331.4019,3098782.1999,297521.39,7726.06
6037.0,5050594.0408,3070482.2023,3102895.7784,297514.53,7726.06
6038.0,5045533.4317,3074628.8893,3107005.1876,297507.66,7726.06
6039.0,5040466.0632,3078771.4572,3111110.4220,297500.79,7726.06
6040.0,5035391.9421,3082909.9005,3115211.4762,297493.91,7726.07
6041.0,5030311.0751,3087044.2136,3119308.3445,297487.02,7726.07
6042.0,5025223.4691,3091174.3911,3123401.0216,297480.12,7726.07
6043.0,5020129.1309,3095300.4274,3127489.5018,297473.22,7726.07
6044.0,5015028.0674,3099422.3169,3131573.7798,297466.31,7726.07
6045.0,5009920.2853,3103540.0542,3135653.8500,297459.39,7726.07
6046.0,5004805.7915,3107653.6337,3139729.7070,297452.47,7726.07
6047.0,4999684.5929,3111763.0500,3143801.3453,297445.54,7726.07
6048.0,4994556.6963,3115868.2975,3147868.7594,297438.60,7726.08
6049.0,4989422.1087,3119969.3707,3151931.9439,297431.65,7726.08
6050.0,4984280.8369,3124066.2642,3155990.8933,297424.70,7726.08
6051.0,4979132.8877,3128158.9725,3160045.6021,297417.74,7726.08
6052.0,4973978.2682,3132247.4900,3164096.0649,297410.77,7726.08
6053.0,4968816.9853,3136331.8114,3168142.2764,297403.80,7726.08
6054.0,4963649.0457,3140411.9311,3172184.2310,297396.82,7726.09
6055.0,4958474.4566,3144487.8437,3176221.9233,297389.83,7726.09
6056.0,4953293.2247,3148559.5437,3180255.3479,297382.83,7726.09
6057.0,4948105.3572,3152627.0257,3184284.4994,297375.83,7726.09
6058.0,4942910.8608,3156690.2842,3188309.3723,297368.82,7726.09
6059.0,4937709.7426,3160749.3139,3192329.9614,297361.81,7726.09
6060.0,4932502.0096,3164804.1092,3196346.2611,297354.78,7726.09
6061.0,4927287.6688,3168854.6648,3200358.2661,297347.75,7726.10
6062.0,4922066.7271,3172900.9751,3204365.9710,297340.72,7726.10
6063.0,4916839.1915,3176943.0349,3208369.3704,297333.67,7726.10
6064.0,4911605.0691,3180980.8387,3212368.4590,297326.62,7726.10
6065.0,4906364.3669,3185014.3810,3216363.2313,297319.56,7726.10
6066.0,4901117.0918,3189043.6566,3220353.6820,297312.50,7726.10
6067.0,4895863.2510,3193068.6599,3224339.8058,297305.43,7726.10
6068.0,4890602.8515,3197089.3856,3228321.5974,297298.35,7726.11
6069.0,4885335.9003,3201105.8284,3232299.0512,297291.27,7726.11
6070.0,4880062.4045,3205117.9828,3236272.1621,297284.17,7726.11
6071.0,4874782.3712,3209125.8435,3240240.9247,297277.08,7726.11
6072.0,4869495.8074,3213129.4051,3244205.3336,297269.97,7726.11
6073.0,4864202.7203,3217128.6623,3248165.3836,297262.86,7726.11
6074.0,4858903.1169,3221123.6097,3252121.0693,297255.74,7726.12
6075.0,4853597.0044,3225114.2419,3256072.3854,297248.62,7726.12
6076.0,4848284.3898,3229100.5536,3260019.3266,297241.49,7726.12
6077.0,4842965.2804,3233082.5396,3263961.8876,297234.35,7726.12
6078.0,4837639.6831,3237060.1943,3267900.0631,297227.20,7726.12
6079.0,4832307.6052,3241033.5126,3271833.8479,297220.05,7726.12
6080.0,4826969.0538,3245002.4891,3275763.2366,297212.89,7726.13
6081.0,4821624.0360,3248967.1185,3279688.2240,297205.73,7726.13
6082.0,4816272.5591,3252927.3955,3283608.8048,297198.56,7726.13
6083.0,4810914.6302,3256883.3148,3287524.9737,297191.38,7726.13
6084.0,4805550.2566,3260834.8711,3291436.7255,297184.19,7726.13
6085.0,4800179.4452,3264782.0591,3295344.0549,297177.00,7726.13
6086.0,4794802.2035,3268724.8735,3299246.9567,297169.81,7726.14
6087.0,4789418.5386,3272663.3090,3303145.4257,297162.60,7726.14
6088.0,4784028.4577,3276597.3605,3307039.4566,297155.39,7726.14
6089.0,4778631.9681,3280527.0225,3310929.0442,297148.17,7726.14
6090.0,4773229.0769,3284452.2899,3314814.1832,297140.95,7726.14
6091.0,4767819.7915,3288373.1573,3318694.8685,297133.72,7726.14
6092.0,4762404.1190,3292289.6197,3322571.0948,297126.49,7726.15
6093.0,4756982.0668,3296201.6716,3326442.8570,297119.24,7726.15
6094.0,4751553.6421,3300109.3079,3330310.1498,297112.00,7726.15
6095.0,4746118.8522,3304012.5233,3334172.9680,297104.74,7726.15
6096.0,4740677.7043,3307911.3126,3338031.3065,297097.48,7726.15
6097.0,4735230.2059,3311805.6707,3341885.1601,297090.21,7726.16
6098.0,4729776.3641,3315695.5922,3345734.5236,297082.94,7726.16
6099.0,4724316.1863,3319581.0720,3349579.3919,297075.66,7726.16
6100.0,4718849.6798,3323462.1049,3353419.7597,297068.37,7726.16
6101.0,4713376.8519,3327338.6856,3357255.6219,297061.08,7726.16
6102.0,4707897.7100,3331210.8091,3361086.9735,297053.78,7726.16
6103.0,4702412.2615,3335078.4701,3364913.8091,297046.47,7726.17
6104.0,4696920.5136,3338941.6633,3368736.1238,297039.16,7726.17
6105.0,4691422.4738,3342800.3838,3372553.9123,297031.85,7726.17
6106.0,4685918.1494,3346654.6263,3376367.1695,297024.52,7726.17
6107.0,4680407.5477,3350504.3856,3380175.8904,297017.19,7726.17
6108.0,4674890.6763,3354349.6566,3383980.0698,297009.86,7726.18
6109.0,4669367.5424,3358190.4341,3387779.7026,297002.52,7726.18
6110.0,4663838.1535,3362026.7130,3391574.7837,296995.17,7726.18
6111.0,4658302.5170,3365858.4882,3395365.3080,296987.81,7726.18
6112.0,4652760.6404,3369685.7545,3399151.2704,296980.45,7726.18
6113.0,4647212.5309,3373508.5069,3402932.6658,296973.09,7726.18
6114.0,4641658.1962,3377326.7401,3406709.4892,296965.72,7726.19
6115.0,4636097.6436,3381140.4492,3410481.7355,296958.34,7726.19
6116.0,4630530.8805,3384949.6289,3414249.3996,296950.95,7726.19
6117.0,4624957.9146,3388754.2742,3418012.4765,296943.56,7726.19
6118.0,4619378.7531,3392554.3800,3421770.9611,296936.17,7726.19
6119.0,4613793.4037,3396349.9412,3425524.8484,296928.77,7726.20
6120.0,4608201.8737,3400140.9527,3429274.1333,296921.36,7726.20
6121.0,4602604.1707,3403927.4095,3433018.8108,296913.94,7726.20
6122.0,4597000.3022,3407709.3064,3436758.8758,296906.53,7726.20
6123.0,4591390.2757,3411486.6385,3440494.3234,296899.10,7726.20
6124.0,4585774.0988,3415259.4007,3444225.1486,296891.67,7726.21
6125.0,4580151.7789,3419027.5879,3447951.3463,296884.23,7726.21
6126.0,4574523.3235,3422791.1950,3451672.9115,296876.79,7726.21
6127.0,4568888.7403,3426550.2171,3455389.8392,296869.34,7726.21
6128.0,4563248.0368,3430304.6491,3459102.1245,296861.89,7726.21
6129.0,4557601.2206,3434054.4860,3462809.7623,296854.43,7726.22
6130.0,4551948.2991,3437799.7227,3466512.7478,296846.96,7726.22
6131.0,4546289.2801,3441540.3543,3470211.0758,296839.49,7726.22
6132.0,4540624.1711,3445276.3757,3473904.7415,296832.01,7726.22
6133.0,4534952.9796,3449007.7820,3477593.7398,296824.53,7726.22
6134.0,4529275.7133,3452734.5681,3481278.0659,296817.04,7726.23
6135.0,4523592.3798,3456456.7291,3484957.7148,296809.55,7726.23
6136.0,4517902.9867,3460174.2599,3488632.6815,296802.05,7726.23
6137.0,4512207.5416,3463887.1557,3492302.9611,296794.54,7726.23
6138.0,4506506.0523,3467595.4114,3495968.5488,296787.03,7726.23
6139.0,4500798.5262,3471299.0220,3499629.4395,296779.52,7726.24
6140.0,4495084.9711,3474997.9827,3503285.6283,296771.99,7726.24
6141.0,4489365.3946,3478692.2884,3506937.1104,296764.47,7726.24
6142.0,4483639.8044,3482381.9343,3510583.8809,296756.93,7726.24
6143.0,4477908.2082,3486066.9153,3514225.9347,296749.39,7726.24
6144.0,4472170.6136,3489747.2266,3517863.2672,296741.85,7726.25
6145.0,4466427.0284,3493422.8632,3521495.8733,296734.30,7726.25
6146.0,4460677.4602,3497093.8202,3525123.7482,296726.75,7726.25
6147.0,4454921.9168,3500760.0927,3528746.8871,296719.19,7726.25
6148.0,4449160.4058,3504421.6757,3532365.2850,296711.62,7726.26
6149.0,4443392.9350,3508078.5645,3535978.9371,296704.05,7726.26
6150.0,4437619.5121,3511730.7540,3539587.8386,296696.47,7726.26
6151.0,4431840.1449,3515378.2395,3543191.9846,296688.89,7726.26
6152.0,4426054.8411,3519021.0159,3546791.3703,296681.30,7726.26
6153.0,4420263.6084,3522659.0785,3550385.9908,296673.71,7726.27
6154.0,4414466.4546,3526292.4224,3553975.8413,296666.11,7726.27
6155.0,4408663.3876,3529921.0426,3557560.9170,296658.51,7726.27
6156.0,4402854.4150,3533544.9345,3561141.2131,296650.90,7726.27
6157.0,4397039.5446,3537164.0930,3564716.7248,296643.29,7726.28
6158.0,4391218.7843,3540778.5133,3568287.4473,296635.67,7726.28
6159.0,4385392.1419,3544388.1907,3571853.3757,296628.05,7726.28
6160.0,4379559.6251,3547993.1203,3575414.5054,296620.42,7726.28
6161.0,4373721.2417,3551593.2973,3578970.8315,296612.78,7726.28
6162.0,4367876.9997,3555188.7168,3582522.3492,296605.14,7726.29
6163.0,4362026.9069,3558779.3740,3586069.0538,296597.50,7726.29
6164.0,4356170.9710,3562365.2641,3589610.9405,296589.85,7726.29
6165.0,4350309.1999,3565946.3824,3593148.0046,296582.19,7726.29
6166.0,4344441.6015,3569522.7240,3596680.2412,296574.53,7726.30
6167.0,4338568.1836,3573094.2841,3600207.6458,296566.87,7726.30
6168.0,4332688.9542,3576661.0581,3603730.2135,296559.20,7726.30
6169.0,4326803.9211,3580223.0410,3607247.9396,296551.52,7726.30
6170.0,4320913.0921,3583780.2281,3610760.8193,296543.84,7726.31
6171.0,4315016.4752,3587332.6147,3614268.8481,296536.16,7726.31
6172.0,4309114.0784,3590880.1960,3617772.0211,296528.47,7726.31
6173.0,4303205.9094,3594422.9673,3621270.3336,296520.77,7726.31
6174.0,4297291.9762,3597960.9237,3624763.7811,296513.07,7726.31
6175.0,4291372.2868,3601494.0607,3628252.3587,296505.37,7726.32
6176.0,4285446.8490,3605022.3734,3631736.0617,296497.66,7726.32
6177.0,4279515.6708,3608545.8572,3635214.8856,296489.94,7726.32
6178.0,4273578.7603,3612064.5072,3638688.8256,296482.22,7726.32
6179.0,4267636.1252,3615578.3189,3642157.8771,296474.50,7726.33
6180.0,4261687.7736,3619087.2875,3645622.0355,296466.77,7726.33
6181.0,4255733.7135,3622591.4082,3649081.2959,296459.04,7726.33
6182.0,4249773.9528,3626090.6765,3652535.6540,296451.30,7726.33
6183.0,4243808.4996,3629585.0877,3655985.1049,296443.55,7726.34
6184.0,4237837.3617,3633074.6369,3659429.6440,296435.81,7726.34
6185.0,4231860.5473,3636559.3197,3662869.2668,296428.05,7726.34
6186.0,4225878.0643,3640039.1313,3666303.9686,296420.29,7726.34
6187.0,4219889.9208,3643514.0670,3669733.7448,296412.53,7726.35
6188.0,4213896.1247,3646984.1223,3673158.5908,296404.76,7726.35
6189.0,4207896.6842,3650449.2924,3676578.5020,296396.99,7726.35
6190.0,4201891.6072,3653909.5727,3679993.4738,296389.22,7726.35
6191.0,4195880.9018,3657364.9586,3683403.5017,296381.43,7726.36
6192.0,4189864.5760,3660815.4456,3686808.5810,296373.65,7726.36
6193.0,4183842.6380,3664261.0288,3690208.7071,296365.86,7726.36
6194.0,4177815.0957,3667701.7038,3693603.8756,296358.06,7726.36
6195.0,4171781.9573,3671137.4659,3696994.0818,296350.26,7726.37
6196.0,4165743.2308,3674568.3106,3700379.3213,296342.46,7726.37
6197.0,4159698.9244,3677994.2332,3703759.5894,296334.65,7726.37
6198.0,4153649.0461,3681415.2292,3707134.8816,296326.84,7726.37
6199.0,4147593.6041,3684831.2940,3710505.1934,296319.02,7726.38
6200.0,4141532.6064,3688242.4229,3713870.5202,296311.20,7726.38
6201.0,4135466.0613,3691648.6115,3717230.8576,296303.37,7726.38
6202.0,4129393.9767,3695049.8552,3720586.2011,296295.54,7726.39
6203.0,4123316.3609,3698446.1494,3723936.5461,296287.70,7726.39
6204.0,4117233.2219,3701837.4896,3727281.8881,296279.86,7726.39
6205.0,4111144.5680,3705223.8712,3730622.2226,296272.02,7726.39
6206.0,4105050.4074,3708605.2898,3733957.5452,296264.17,7726.40
6207.0,4098950.7481,3711981.7407,3737287.8514,296256.32,7726.40
6208.0,4092845.5983,3715353.2195,3740613.1367,296248.46,7726.40
6209.0,4086734.9663,3718719.7216,3743933.3966,296240.60,7726.40
6210.0,4080618.8601,3722081.2426,3747248.6267,296232.73,7726.41
6211.0,4074497.2881,3725437.7779,3750558.8225,296224.86,7726.41
6212.0,4068370.2584,3728789.3231,3753863.9797,296216.99,7726.41
6213.0,4062237.7793,3732135.8736,3757164.0937,296209.11,7726.41
6214.0,4056099.8588,3735477.4251,3760459.1601,296201.23,7726.42
6215.0,4049956.5054,3738813.9729,3763749.1745,296193.34,7726.42
6216.0,4043807.7271,3742145.5127,3767034.1325,296185.45,7726.42
6217.0,4037653.5323,3745472.0400,3770314.0296,296177.55,7726.43
6218.0,4031493.9292,3748793.5503,3773588.8615,296169.65,7726.43
6219.0,4025328.9260,3752110.0392,3776858.6238,296161.75,7726.43
6220.0,4019158.5310,3755421.5023,3780123.3121,296153.84,7726.43
6221.0,4012982.7524,3758727.9350,3783382.9220,296145.93,7726.44
6222.0,4006801.5986,3762029.3331,3786637.4491,296138.01,7726.44
6223.0,4000615.0779,3765325.6920,3789886.8890,296130.09,7726.44
6224.0,3994423.1984,3768617.0074,3793131.2375,296122.17,7726.45
6225.0,3988225.9686,3771903.2749,3796370.4900,296114.24,7726.45
6226.0,3982023.3967,3775184.4899,3799604.6424,296106.31,7726.45
6227.0,3975815.4910,3778460.6483,3802833.6902,296098.37,7726.45
6228.0,3969602.2598,3781731.7455,3806057.6291,296090.43,7726.46
6229.0,3963383.7115,3784997.7773,3809276.4547,296082.48,7726.46
6230.0,3957159.8544,3788258.7391,3812490.1629,296074.54,7726.46
6231.0,3950930.6969,3791514.6267,3815698.7491,296066.58,7726.47
6232.0,3944696.2473,3794765.4357,3818902.2092,296058.63,7726.47
6233.0,3938456.5138,3798011.1618,3822100.5389,296050.67,7726.47
6234.0,3932211.5050,3801251.8005,3825293.7337,296042.70,7726.47
6235.0,3925961.2292,3804487.3477,3828481.7896,296034.74,7726.48
6236.0,3919705.6947,3807717.7988,3831664.7020,296026.76,7726.48
6237.0,3913444.9099,3810943.1497,3834842.4669,296018.79,7726.48
6238.0,3907178.8833,3814163.3959,3838015.0799,296010.81,7726.49
6239.0,3900907.6231,3817378.5333,3841182.5368,296002.83,7726.49
6240.0,3894631.1379,3820588.5574,3844344.8333,295994.84,7726.49
6241.0,3888349.4360,3823793.4640,3847501.9652,295986.85,7726.49
6242.0,3882062.5258,3826993.2488,3850653.9282,295978.86,7726.50
6243.0,3875770.4158,3830187.9075,3853800.7181,295970.86,7726.50
6244.0,3869473.1144,3833377.4358,3856942.3307,295962.86,7726.50
6245.0,3863170.6300,3836561.8295,3860078.7617,295954.85,7726.51
6246.0,3856862.9711,3839741.0843,3863210.0070,295946.84,7726.51
6247.0,3850550.1461,3842915.1959,3866336.0623,295938.83,7726.51
6248.0,3844232.1635,3846084.1601,3869456.9234,295930.81,7726.52
6249.0,3837909.0318,3849247.9726,3872572.5862,295922.79,7726.52
6250.0,3831580.7593,3852406.6293,3875683.0465,295914.77,7726.52
6251.0,3825247.3547,3855560.1258,3878788.3001,295906.74,7726.52
6252.0,3818908.8263,3858708.4580,3881888.3428,295898.71,7726.53
6253.0,3812565.1828,3861851.6217,3884983.1704,295890.68,7726.53
6254.0,3806216.4325,3864989.6126,3888072.7789,295882.64,7726.53
6255.0,3799862.5839,3868122.4265,3891157.1640,295874.60,7726.54
6256.0,3793503.6457,3871250.0593,3894236.3216,295866.56,7726.54
6257.0,3787139.6263,3874372.5067,3897310.2476,295858.51,7726.54
6258.0,3780770.5342,3877489.7646,3900378.9378,295850.46,7726.55
6259.0,3774396.3780,3880601.8288,3903442.3882,295842.40,7726.55
6260.0,3768017.1662,3883708.6952,3906500.5946,295834.34,7726.55
6261.0,3761632.9074,3886810.3595,3909553.5529,295826.28,7726.56
6262.0,3755243.6100,3889906.8177,3912601.2590,295818.22,7726.56
6263.0,3748849.2828,3892998.0655,3915643.7088,295810.15,7726.56
6264.0,3742449.9342,3896084.0988,3918680.8983,295802.08,7726.57
6265.0,3736045.5728,3899164.9136,3921712.8233,295794.00,7726.57
6266.0,3729636.2072,3902240.5057,3924739.4798,295785.92,7726.57
6267.0,3723221.8459,3905310.8709,3927760.8637,295777.84,7726.58
6268.0,3716802.4977,3908376.0051,3930776.9710,295769.76,7726.58
6269.0,3710378.1710,3911435.9044,3933787.7976,295761.67,7726.58
6270.0,3703948.8745,3914490.5644,3936793.3394,295753.58,7726.58
6271.0,3697514.6167,3917539.9813,3939793.5925,295745.48,7726.59
6272.0,3691075.4064,3920584.1508,3942788.5528,295737.39,7726.59
6273.0,3684631.2522,3923623.0689,3945778.2163,295729.28,7726.59
6274.0,3678182.1626,3926656.7316,3948762.5789,295721.18,7726.60
6275.0,3671728.1463,3929685.1347,3951741.6367,295713.07,7726.60
6276.0,3665269.2119,3932708.2742,3954715.3856,295704.96,7726.60
6277.0,3658805.3682,3935726.1462,3957683.8217,295696.85,7726.61
6278.0,3652336.6237,3938738.7464,3960646.9410,295688.73,7726.61
6279.0,3645862.9872,3941746.0710,3963604.7395,295680.61,7726.61
6280.0,3639384.4673,3944748.1158,3966557.2132,295672.49,7726.62
6281.0,3632901.0727,3947744.8769,3969504.3582,295664.37,7726.62
6282.0,3626412.8120,3950736.3502,3972446.1705,295656.24,7726.62
6283.0,3619919.6940,3953722.5317,3975382.6461,295648.11,7726.63
6284.0,3613421.7274,3956703.4175,3978313.7811,295639.97,7726.63
6285.0,3606918.9208,3959679.0035,3981239.5716,295631.83,7726.64
6286.0,3600411.2830,3962649.2858,3984160.0136,295623.69,7726.64
6287.0,3593898.8227,3965614.2603,3987075.1033,295615.55,7726.64
6288.0,3587381.5486,3968573.9232,3989984.8366,295607.40,7726.65
6289.0,3580859.4695,3971528.2704,3992889.2098,295599.25,7726.65
6290.0,3574332.5940,3974477.2980,3995788.2189,295591.10,7726.65
6291.0,3567800.9310,3977421.0020,3998681.8599,295582.95,7726.66
6292.0,3561264.4892,3980359.3786,4001570.1291,295574.79,7726.66
6293.0,3554723.2773,3983292.4237,4004453.0225,295566.63,7726.66
6294.0,3548177.3041,3986220.1334,4007330.5363,295558.47,7726.67
6295.0,3541626.5784,3989142.5039,4010202.6665,295550.30,7726.67
6296.0,3535071.1089,3992059.5312,4013069.4094,295542.13,7726.67
6297.0,3528510.9044,3994971.2113,4015930.7611,295533.96,7726.68
6298.0,3521945.9737,3997877.5405,4018786.7178,295525.78,7726.68
6299.0,3515376.3257,4000778.5148,4021637.2756,295517.61,7726.68
6300.0,3508801.9690,4003674.1303,4024482.4306,295509.43,7726.69
6301.0,3502222.9126,4006564.3831,4027322.1791,295501.24,7726.69
6302.0,3495639.1652,4009449.2694,4030156.5173,295493.06,7726.69
6303.0,3489050.7356,4012328.7853,4032985.4413,295484.87,7726.70
6304.0,3482457.6327,4015202.9270,4035808.9473,295476.68,7726.70
6305.0,3475859.8653,4018071.6906,4038627.0316,295468.49,7726.71
6306.0,3469257.4422,4020935.0723,4041439.6903,295460.29,7726.71
6307.0,3462650.3724,4023793.0681,4044246.9198,295452.09,7726.71
6308.0,3456038.6645,4026645.6744,4047048.7161,295443.89,7726.72
6309.0,3449422.3276,4029492.8873,4049845.0756,295435.69,7726.72
6310.0,3442801.3704,4032334.7029,4052635.9945,295427.49,7726.72
6311.0,3436175.8018,4035171.1175,4055421.4691,295419.28,7726.73
6312.0,3429545.6307,4038002.1272,4058201.4955,295411.07,7726.73
6313.0,3422910.8660,4040827.7284,4060976.0701,295402.85,7726.73
6314.0,3416271.5165,4043647.9171,4063745.1892,295394.64,7726.74
6315.0,3409627.5913,4046462.6896,4066508.8490,295386.42,7726.74
6316.0,3402979.0990,4049272.0422,4069267.0458,295378.20,7726.75
6317.0,3396326.0487,4052075.9710,4072019.7759,295369.98,7726.75
6318.0,3389668.4494,4054874.4724,4074767.0356,295361.75,7726.75
6319.0,3383006.3097,4057667.5425,4077508.8212,295353.52,7726.76
6320.0,3376339.6389,4060455.1777,4080245.1291,295345.29,7726.76
6321.0,3369668.4456,4063237.3742,4082975.9555,295337.06,7726.76
6322.0,3362992.7389,4066014.1282,4085701.2968,295328.83,7726.77
6323.0,3356312.5278,4068785.4361,4088421.1493,295320.59,7726.77
6324.0,3349627.8211,4071551.2941,4091135.5094,295312.35,7726.78
6325.0,3342938.6279,4074311.6986,4093844.3735,295304.11,7726.78
6326.0,3336244.9570,4077066.6459,4096547.7378,295295.87,7726.78
6327.0,3329546.8175,4079816.1321,4099245.5988,295287.62,7726.79
6328.0,3322844.2183,4082560.1538,4101937.9528,295279.37,7726.79
6329.0,3316137.1684,4085298.7071,4104624.7962,295271.12,7726.79
6330.0,3309425.6768,4088031.7885,4107306.1255,295262.87,7726.80
6331.0,3302709.7524,4090759.3942,4109981.9369,295254.62,7726.80
6332.0,3295989.4043,4093481.5206,4112652.2269,295246.36,7726.81
6333.0,3289264.6415,4096198.1641,4115316.9920,295238.10,7726.81
6334.0,3282535.4730,4098909.3210,4117976.2285,295229.84,7726.81
6335.0,3275801.9077,4101614.9877,4120629.9329,295221.58,7726.82
6336.0,3269063.9548,4104315.1606,4123278.1015,295213.31,7726.82
6337.0,3262321.6232,4107009.8360,4125920.7310,295205.04,7726.83
6338.0,3255574.9219,4109699.0104,4128557.8176,295196.78,7726.83
6339.0,3248823.8601,4112382.6801,4131189.3578,295188.50,7726.83
6340.0,3242068.4467,4115060.8416,4133815.3482,295180.23,7726.84
6341.0,3235308.6907,4117733.4912,4136435.7852,295171.96,7726.84
6342.0,3228544.6014,4120400.6254,4139050.6652,295163.68,7726.85
6343.0,3221776.1876,4123062.2405,4141659.9848,295155.40,7726.85
6344.0,3215003.4585,4125718.3332,4144263.7404,295147.12,7726.85
6345.0,3208226.4231,4128368.8997,4146861.9286,295138.84,7726.86
6346.0,3201445.0906,4131013.9365,4149454.5458,295130.55,7726.86
6347.0,3194659.4699,4133653.4401,4152041.5886,295122.27,7726.87
6348.0,3187869.5702,4136287.4070,4154623.0535,295113.98,7726.87
6349.0,3181075.4006,4138915.8336,4157198.9370,295105.69,7726.87
6350.0,3174276.9702,4141538.7164,4159769.2357,295097.40,7726.88
6351.0,3167474.2881,4144156.0518,4162333.9461,295089.10,7726.88
6352.0,3160667.3634,4146767.8365,4164893.0648,295080.81,7726.89
6353.0,3153856.2052,4149374.0668,4167446.5883,295072.51,7726.89
6354.0,3147040.8226,4151974.7393,4169994.5131,295064.21,7726.89
6355.0,3140221.2248,4154569.8505,4172536.8360,295055.91,7726.90
6356.0,3133397.4209,4157159.3970,4175073.5534,295047.61,7726.90
6357.0,3126569.4200,4159743.3752,4177604.6620,295039.30,7726.91
6358.0,3119737.2313,4162321.7816,4180130.1583,295031.00,7726.91
6359.0,3112900.8639,4164894.6130,4182650.0389,295022.69,7726.92
6360.0,3106060.3270,4167461.8657,4185164.3005,295014.38,7726.92
6361.0,3099215.6298,4170023.5364,4187672.9397,295006.07,7726.92
6362.0,3092366.7814,4172579.6216,4190175.9531,294997.76,7726.93
6363.0,3085513.7910,4175130.1178,4192673.3374,294989.45,7726.93
6364.0,3078656.6677,4177675.0218,4195165.0891,294981.13,7726.94
6365.0,3071795.4208,4180214.3300,4197651.2050,294972.81,7726.94
6366.0,3064930.0595,4182748.0391,4200131.6817,294964.50,7726.94
6367.0,3058060.5928,4185276.1457,4202606.5159,294956.18,7726.95
6368.0,3051187.0302,4187798.6463,4205075.7042,294947.85,7726.95
6369.0,3044309.3806,4190315.5377,4207539.2433,294939.53,7726.96
6370.0,3037427.6534,4192826.8163,4209997.1299,294931.21,7726.96
6371.0,3030541.8578,4195332.4790,4212449.3608,294922.88,7726.97
6372.0,3023652.0029,4197832.5222,4214895.9325,294914.55,7726.97
6373.0,3016758.0981,4200326.9427,4217336.8419,294906.23,7726.97
6374.0,3009860.1525,4202815.7371,4219772.0856,294897.90,7726.98
6375.0,3002958.1755,4205298.9021,4222201.6604,294889.56,7726.98
6376.0,2996052.1761,4207776.4343,4224625.5630,294881.23,7726.99
6377.0,2989142.1637,4210248.3305,4227043.7902,294872.90,7726.99
6378.0,2982228.1476,4212714.5873,4229456.3386,294864.56,7727.00
6379.0,2975310.1370,4215175.2014,4231863.2051,294856.22,7727.00
6380.0,2968388.1411,4217630.1695,4234264.3864,294847.89,7727.01
6381.0,2961462.1693,4220079.4883,4236659.8793,294839.55,7727.01
6382.0,2954532.2307,4222523.1546,4239049.6806,294831.21,7727.01
6383.0,2947598.3348,4224961.1650,4241433.7870,294822.86,7727.02
6384.0,2940660.4907,4227393.5163,4243812.1953,294814.52,7727.02
6385.0,2933718.7078,4229820.2053,4246184.9025,294806.18,7727.03
6386.0,2926772.9953,4232241.2286,4248551.9051,294797.83,7727.03
6387.0,2919823.3626,4234656.5831,4250913.2002,294789.49,7727.04
6388.0,2912869.8190,4237066.2655,4253268.7845,294781.14,7727.04
6389.0,2905912.3737,4239470.2726,4255618.6548,294772.79,7727.05
6390.0,2898951.0362,4241868.6011,4257962.8080,294764.44,7727.05
6391.0,2891985.8157,4244261.2478,4260301.2409,294756.09,7727.05
6392.0,2885016.7215,4246648.2096,4262633.9504,294747.74,7727.06
6393.0,2878043.7630,4249029.4832,4264960.9333,294739.38,7727.06
6394.0,2871066.9496,4251405.0655,4267282.1866,294731.03,7727.07
6395.0,2864086.2905,4253774.9532,4269597.7071,294722.67,7727.07
6396.0,2857101.7951,4256139.1431,4271907.4916,294714.32,7727.08
6397.0,2850113.4728,4258497.6322,4274211.5372,294705.96,7727.08
6398.0,2843121.3329,4260850.4172,4276509.8406,294697.60,7727.09
6399.0,2836125.3848,4263197.4950,4278802.3988,294689.24,7727.09
6400.0,2829125.6378,4265538.8625,4281089.2087,294680.88,7727.10
6401.0,2822122.1014,4267874.5164,4283370.2673,294672.52,7727.10
6402.0,2815114.7849,4270204.4538,4285645.5714,294664.16,7727.10
6403.0,2808103.6977,4272528.6713,4287915.1180,294655.79,7727.11
6404.0,2801088.8492,4274847.1661,4290178.9041,294647.43,7727.11
6405.0,2794070.2488,4277159.9348,4292436.9265,294639.07,7727.12
6406.0,2787047.9058,4279466.9745,4294689.1824,294630.70,7727.12
6407.0,2780021.8297,4281768.2819,4296935.6686,294622.33,7727.13
6408.0,2772992.0300,4284063.8542,4299176.3821,294613.97,7727.13
6409.0,2765958.5159,4286353.6881,4301411.3200,294605.60,7727.14
6410.0,2758921.2969,4288637.7806,4303640.4791,294597.23,7727.14
6411.0,2751880.3825,4290916.1286,4305863.8565,294588.86,7727.15
6412.0,2744835.7821,4293188.7292,4308081.4493,294580.49,7727.15
6413.0,2737787.5051,4295455.5791,4310293.2544,294572.12,7727.16
6414.0,2730735.5609,4297716.6755,4312499.2688,294563.75,7727.16
6415.0,2723679.9591,4299972.0152,4314699.4897,294555.38,7727.17
6416.0,2716620.7090,4302221.5952,4316893.9140,294547.00,7727.17
6417.0,2709557.8200,4304465.4126,4319082.5387,294538.63,7727.18
6418.0,2702491.3018,4306703.4642,4321265.3610,294530.25,7727.18
6419.0,2695421.1636,4308935.7472,4323442.3779,294521.88,7727.18
6420.0,2688347.4151,4311162.2585,4325613.5865,294513.50,7727.19
6421.0,2681270.0656,4313382.9952,4327778.9838,294505.13,7727.19
6422.0,2674189.1246,4315597.9541,4329938.5669,294496.75,7727.20
6423.0,2667104.6016,4317807.1325,4332092.3330,294488.37,7727.20
6424.0,2660016.5062,4320010.5273,4334240.2792,294480.00,7727.21
6425.0,2652924.8478,4322208.1355,4336382.4024,294471.62,7727.21
6426.0,2645829.6358,4324399.9543,4338518.7000,294463.24,7727.22
6427.0,2638730.8799,4326585.9806,4340649.1689,294454.86,7727.22
6428.0,2631628.5894,4328766.2116,4342773.8063,294446.48,7727.23
6429.0,2624522.7740,4330940.6443,4344892.6095,294438.10,7727.23
6430.0,2617413.4431,4333109.2758,4347005.5754,294429.72,7727.24
6431.0,2610300.6062,4335272.1032,4349112.7013,294421.34,7727.24
6432.0,2603184.2729,4337429.1236,4351213.9844,294412.95,7727.25
6433.0,2596064.4528,4339580.3341,4353309.4217,294404.57,7727.25
6434.0,2588941.1552,4341725.7319,4355399.0106,294396.19,7727.26
6435.0,2581814.3899,4343865.3139,4357482.7481,294387.81,7727.26
6436.0,2574684.1662,4345999.0774,4359560.6315,294379.42,7727.27
6437.0,2567550.4939,4348127.0195,4361632.6580,294371.04,7727.27
6438.0,2560413.3823,4350249.1374,4363698.8248,294362.66,7727.28
6439.0,2553272.8412,4352365.4282,4365759.1291,294354.27,7727.28
6440.0,2546128.8800,4354475.8890,4367813.5681,294345.89,7727.29
6441.0,2538981.5083,4356580.5171,4369862.1391,294337.50,7727.29
6442.0,2531830.7356,4358679.3096,4371904.8393,294329.12,7727.30
6443.0,2524676.5717,4360772.2637,4373941.6660,294320.73,7727.30
6444.0,2517519.0259,4362859.3765,4375972.6164,294312.35,7727.31
6445.0,2510358.1080,4364940.6454,4377997.6878,294303.96,7727.31
6446.0,2503193.8275,4367016.0674,4380016.8775,294295.58,7727.32
6447.0,2496026.1940,4369085.6398,4382030.1828,294287.19,7727.32
6448.0,2488855.2171,4371149.3599,4384037.6008,294278.81,7727.33
6449.0,2481680.9064,4373207.2248,4386039.1290,294270.42,7727.33
6450.0,2474503.2716,4375259.2319,4388034.7647,294262.04,7727.34
6451.0,2467322.3221,4377305.3783,4390024.5051,294253.65,7727.35
6452.0,2460138.0677,4379345.6612,4392008.3476,294245.26,7727.35
6453.0,2452950.5179,4381380.0781,4393986.2896,294236.88,7727.36
6454.0,2445759.6825,4383408.6261,4395958.3282,294228.49,7727.36
6455.0,2438565.5709,4385431.3024,4397924.4610,294220.10,7727.37
6456.0,2431368.1929,4387448.1045,4399884.6852,294211.72,7727.37
6457.0,2424167.5581,4389459.0296,4401838.9982,294203.33,7727.38
6458.0,2416963.6761,4391464.0750,4403787.3974,294194.94,7727.38
6459.0,2409756.5566,4393463.2379,4405729.8801,294186.56,7727.39
6460.0,2402546.2092,4395456.5158,4407666.4438,294178.17,7727.39
6461.0,2395332.6436,4397443.9059,4409597.0859,294169.79,7727.40
6462.0,2388115.8695,4399425.4056,4411521.8036,294161.40,7727.40
6463.0,2380895.8964,4401401.0122,4413440.5945,294153.01,7727.41
6464.0,2373672.7342,4403370.7231,4415353.4560,294144.63,7727.41
6465.0,2366446.3923,4405334.5356,4417260.3854,294136.24,7727.42
6466.0,2359216.8806,4407292.4471,4419161.3803,294127.86,7727.42
6467.0,2351984.2087,4409244.4549,4421056.4380,294119.47,7727.43
6468.0,2344748.3863,4411190.5564,4422945.5560,294111.09,7727.44
6469.0,2337509.4231,4413130.7491,4424828.7318,294102.70,7727.44
6470.0,2330267.3287,4415065.0303,4426705.9628,294094.32,7727.45
6471.0,2323022.1130,4416993.3974,4428577.2464,294085.93,7727.45
6472.0,2315773.7855,4418915.8479,4430442.5803,294077.55,7727.46
6473.0,2308522.3559,4420832.3791,4432301.9618,294069.16,7727.46
6474.0,2301267.8341,4422742.9884,4434155.3885,294060.78,7727.47
6475.0,2294010.2296,4424647.6734,4436002.8579,294052.39,7727.47
6476.0,2286749.5523,4426546.4314,4437844.3674,294044.01,7727.48
6477.0,2279485.8119,4428439.2600,4439679.9147,294035.63,7727.48
6478.0,2272219.0180,4430326.1565,4441509.4971,294027.25,7727.49
6479.0,2264949.1804,4432207.1184,4443333.1123,294018.86,7727.49
6480.0,2257676.3088,4434082.1432,4445150.7578,294010.48,7727.50
6481.0,2250400.4131,4435951.2284,4446962.4312,294002.10,7727.51
6482.0,2243121.5028,4437814.3715,4448768.1300,293993.72,7727.51
6483.0,2235839.5878,4439671.5700,4450567.8517,293985.34,7727.52
6484.0,2228554.6779,4441522.8213,4452361.5940,293976.96,7727.52
6485.0,2221266.7827,4443368.1230,4454149.3545,293968.58,7727.53
6486.0,2213975.9120,4445207.4727,4455931.1306,293960.20,7727.53
6487.0,2206682.0757,4447040.8678,4457706.9202,293951.82,7727.54
6488.0,2199385.2834,4448868.3058,4459476.7206,293943.44,7727.54
6489.0,2192085.5449,4450689.7844,4461240.5296,293935.07,7727.55
6490.0,2184782.8700,4452505.3011,4462998.3448,293926.69,7727.56
6491.0,2177477.2686,4454314.8534,4464750.1638,293918.31,7727.56
6492.0,2170168.7503,4456118.4389,4466495.9842,293909.94,7727.57
6493.0,2162857.3250,4457916.0552,4468235.8037,293901.56,7727.57
6494.0,2155543.0024,4459707.6999,4469969.6200,293893.19,7727.58
6495.0,2148225.7923,4461493.3705,4471697.4307,293884.81,7727.58
6496.0,2140905.7046,4463273.0648,4473419.2335,293876.44,7727.59
6497.0,2133582.7491,4465046.7801,4475135.0260,293868.07,7727.60
6498.0,2126256.9355,4466814.5143,4476844.8060,293859.69,7727.60
6499.0,2118928.2736,4468576.2649,4478548.5712,293851.32,7727.61
6500.0,2111596.7734,4470332.0296,4480246.3192,293842.95,7727.61
6501.0,2104262.4445,4472081.8059,4481938.0477,293834.58,7727.62
6502.0,2096925.2969,4473825.5916,4483623.7546,293826.21,7727.62
6503.0,2089585.3402,4475563.3842,4485303.4374,293817.84,7727.63
6504.0,2082242.5845,4477295.1816,4486977.0940,293809.48,7727.64
6505.0,2074897.0394,4479020.9812,4488644.7221,293801.11,7727.64
6506.0,2067548.7149,4480740.7809,4490306.3194,293792.74,7727.65
6507.0,2060197.6208,4482454.5783,4491961.8838,293784.38,7727.65
6508.0,2052843.7669,4484162.3711,4493611.4129,293776.01,7727.66
6509.0,2045487.1630,4485864.1570,4495254.9045,293767.65,7727.67
6510.0,2038127.8191,4487559.9337,4496892.3565,293759.28,7727.67
6511.0,2030765.7449,4489249.6989,4498523.7666,293750.92,7727.68
6512.0,2023400.9504,4490933.4504,4500149.1326,293742.56,7727.68
6513.0,2016033.4454,4492611.1859,4501768.4523,293734.20,7727.69
6514.0,2008663.2397,4494282.9032,4503381.7236,293725.84,7727.69
6515.0,2001290.3433,4495948.5999,4504988.9443,293717.48,7727.70
6516.0,1993914.7660,4497608.2739,4506590.1122,293709.13,7727.71
6517.0,1986536.5176,4499261.9230,4508185.2251,293700.77,7727.71
6518.0,1979155.6081,4500909.5448,4509774.2809,293692.41,7727.72
6519.0,1971772.0474,4502551.1373,4511357.2775,293684.06,7727.72
6520.0,1964385.8453,4504186.6981,4512934.2126,293675.70,7727.73
6521.0,1956997.0117,4505816.2251,4514505.0843,293667.35,7727.74
6522.0,1949605.5565,4507439.7161,4516069.8903,293659.00,7727.74
6523.0,1942211.4897,4509057.1689,4517628.6286,293650.65,7727.75
6524.0,1934814.8211,4510668.5813,4519181.2970,293642.30,7727.75
6525.0,1927415.5605,4512273.9513,4520727.8935,293633.95,7727.76
6526.0,1920013.7181,4513873.2765,4522268.4160,293625.61,7727.77
6527.0,1912609.3035,4515466.5549,4523802.8624,293617.26,7727.77
6528.0,1905202.3268,4517053.7843,4525331.2306,293608.91,7727.78
6529.0,1897792.7979,4518634.9625,4526853.5185,293600.57,7727.78
6530.0,1890380.7267,4520210.0876,4528369.7242,293592.23,7727.79
6531.0,1882966.1232,4521779.1572,4529879.8455,293583.89,7727.80
6532.0,1875548.9971,4523342.1694,4531383.8804,293575.55,7727.80
6533.0,1868129.3586,4524899.1220,4532881.8270,293567.21,7727.81
6534.0,1860707.2175,4526450.0129,4534373.6831,293558.87,7727.82
6535.0,1853282.5837,4527994.8401,4535859.4468,293550.53,7727.82
6536.0,1845855.4673,4529533.6014,4537339.1160,293542.20,7727.83
6537.0,1838425.8781,4531066.2949,4538812.6888,293533.86,7727.83
6538.0,1830993.8261,4532592.9183,4540280.1631,293525.53,7727.84
6539.0,1823559.3212,4534113.4697,4541741.5371,293517.20,7727.85
6540.0,1816122.3735,4535627.9471,4543196.8086,293508.87,7727.85
6541.0,1808682.9928,4537136.3483,4544645.9758,293500.54,7727.86
6542.0,1801241.1892,4538638.6714,4546089.0367,293492.21,7727.86
6543.0,1793796.9725,4540134.9144,4547525.9893,293483.89,7727.87
6544.0,1786350.3528,4541625.0751,4548956.8317,293475.56,7727.88
6545.0,1778901.3401,4543109.1517,4550381.5620,293467.24,7727.88
6546.0,1771449.9443,4544587.1421,4551800.1783,293458.92,7727.89
6547.0,1763996.1753,4546059.0443,4553212.6786,293450.59,7727.90
6548.0,1756540.0432,4547524.8564,4554619.0610,293442.28,7727.90
6549.0,1749081.5580,4548984.5764,4556019.3236,293433.96,7727.91
6550.0,1741620.7296,4550438.2023,4557413.4646,293425.64,7727.92
6551.0,1734157.5681,4551885.7321,4558801.4820,293417.33,7727.92
6552.0,1726692.0834,4553327.1639,4560183.3740,293409.01,7727.93
6553.0,1719224.2855,4554762.4958,4561559.1387,293400.70,7727.93
6554.0,1711754.1844,4556191.7258,4562928.7742,293392.39,7727.94
6555.0,1704281.7902,4557614.8521,4564292.2788,293384.08,7727.95
6556.0,1696807.1128,4559031.8726,4565649.6505,293375.78,7727.95
6557.0,1689330.1623,4560442.7855,4567000.8875,293367.47,7727.96
6558.0,1681850.9486,4561847.5889,4568345.9880,293359.17,7727.97
6559.0,1674369.4818,4563246.2808,4569684.9502,293350.86,7727.97
6560.0,1666885.7719,4564638.8595,4571017.7723,293342.56,7727.98
6561.0,1659399.8290,4566025.3230,4572344.4524,293334.26,7727.99
6562.0,1651911.6629,4567405.6695,4573664.9889,293325.97,7727.99
6563.0,1644421.2839,4568779.8970,4574979.3798,293317.67,7728.00
6564.0,1636928.7018,4570148.0039,4576287.6234,293309.38,7728.00
6565.0,1629433.9268,4571509.9881,4577589.7179,293301.08,7728.01
6566.0,1621936.9688,4572865.8479,4578885.6617,293292.79,7728.02
6567.0,1614437.8380,4574215.5814,4580175.4529,293284.50,7728.02
6568.0,1606936.5443,4575559.1869,4581459.0898,293276.22,7728.03
6569.0,1599433.0978,4576896.6625,4582736.5706,293267.93,7728.04
6570.0,1591927.5086,4578228.0064,4584007.8936,293259.65,7728.04
6571.0,1584419.7866,4579553.2168,4585273.0572,293251.37,7728.05
6572.0,1576909.9421,4580872.2919,4586532.0595,293243.09,7728.06
6573.0,1569397.9849,4582185.2300,4587784.8990,293234.81,7728.06
6574.0,1561883.9252,4583492.0293,4589031.5738,293226.53,7728.07
6575.0,1554367.7731,4584792.6880,4590272.0824,293218.26,7728.08
6576.0,1546849.5385,4586087.2044,4591506.4230,293209.98,7728.08
6577.0,1539329.2317,4587375.5767,4592734.5940,293201.71,7728.09
6578.0,1531806.8625,4588657.8032,4593956.5936,293193.44,7728.10
6579.0,1524282.4412,4589933.8821,4595172.4203,293185.18,7728.10
6580.0,1516755.9778,4591203.8118,4596382.0725,293176.91,7728.11
6581.0,1509227.4823,4592467.5905,4597585.5483,293168.65,7728.12
6582.0,1501696.9649,4593725.2165,4598782.8464,293160.39,7728.12
6583.0,1494164.4357,4594976.6882,4599973.9649,293152.13,7728.13
6584.0,1486629.9047,4596222.0038,4601158.9024,293143.87,7728.14
6585.0,1479093.3820,4597461.1616,4602337.6571,293135.61,7728.14
6586.0,1471554.8777,4598694.1600,4603510.2276,293127.36,7728.15
6587.0,1464014.4019,4599920.9973,4604676.6122,293119.11,7728.16
6588.0,1456471.9647,4601141.6719,4605836.8093,293110.86,7728.16
6589.0,1448927.5762,4602356.1821,4606990.8174,293102.61,7728.17
6590.0,1441381.2466,4603564.5263,4608138.6349,293094.36,7728.18
6591.0,1433832.9858,4604766.7029,4609280.2602,293086.12,7728.18
6592.0,1426282.8041,4605962.7101,4610415.6919,293077.88,7728.19
6593.0,1418730.7116,4607152.5465,4611544.9283,293069.64,7728.20
6594.0,1411176.7182,4608336.2104,4612667.9679,293061.40,7728.21
6595.0,1403620.8343,4609513.7002,4613784.8093,293053.17,7728.21
6596.0,1396063.0698,4610685.0143,4614895.4509,293044.94,7728.22
6597.0,1388503.4350,4611850.1511,4615999.8912,293036.70,7728.23
6598.0,1380941.9399,4613009.1091,4617098.1287,293028.48,7728.23
6599.0,1373378.5946,4614161.8867,4618190.1619,293020.25,7728.24
6600.0,1365813.4094,4615308.4823,4619275.9893,293012.03,7728.25
6601.0,1358246.3943,4616448.8944,4620355.6095,293003.80,7728.25
6602.0,1350677.5594,4617583.1215,4621429.0210,292995.58,7728.26
6603.0,1343106.9149,4618711.1620,4622496.2224,292987.37,7728.27
6604.0,1335534.4710,4619833.0144,4623557.2121,292979.15,7728.27
6605.0,1327960.2377,4620948.6771,4624611.9888,292970.94,7728.28
6606.0,1320384.2253,4622058.1488,4625660.5511,292962.73,7728.29
6607.0,1312806.4438,4623161.4278,4626702.8974,292954.52,7728.29
6608.0,1305226.9035,4624258.5127,4627739.0264,292946.31,7728.30
6609.0,1297645.6144,4625349.4020,4628768.9368,292938.11,7728.31
6610.0,1290062.5867,4626434.0942,4629792.6270,292929.91,7728.32
6611.0,1282477.8306,4627512.5878,4630810.0957,292921.71,7728.32
6612.0,1274891.3563,4628584.8815,4631821.3416,292913.51,7728.33
6613.0,1267303.1738,4629650.9737,4632826.3632,292905.32,7728.34
6614.0,1259713.2935,4630710.8631,4633825.1591,292897.12,7728.34
6615.0,1252121.7253,4631764.5481,4634817.7282,292888.93,7728.35
6616.0,1244528.4795,4632812.0273,4635804.0689,292880.75,7728.36
6617.0,1236933.5664,4633853.2994,4636784.1799,292872.56,7728.37
6618.0,1229336.9959,4634888.3629,4637758.0600,292864.38,7728.37
6619.0,1221738.7783,4635917.2165,4638725.7077,292856.20,7728.38
6620.0,1214138.9239,4636939.8586,4639687.1219,292848.02,7728.39
6621.0,1206537.4427,4637956.2881,4640642.3011,292839.85,7728.39
6622.0,1198934.3450,4638966.5034,4641591.2441,292831.67,7728.40
6623.0,1191329.6408,4639970.5032,4642533.9495,292823.50,7728.41
6624.0,1183723.3406,4640968.2861,4643470.4162,292815.34,7728.42
6625.0,1176115.4543,4641959.8509,4644400.6428,292807.17,7728.42
6626.0,1168505.9922,4642945.1961,4645324.6281,292799.01,7728.43
6627.0,1160894.9645,4643924.3204,4646242.3708,292790.85,7728.44
6628.0,1153282.3814,4644897.2225,4647153.8697,292782.69,7728.44
6629.0,1145668.2530,4645863.9012,4648059.1235,292774.54,7728.45
6630.0,1138052.5897,4646824.3549,4648958.1310,292766.39,7728.46
6631.0,1130435.4015,4647778.5826,4649850.8909,292758.24,7728.47
6632.0,1122816.6987,4648726.5828,4650737.4022,292750.09,7728.47
6633.0,1115196.4914,4649668.3543,4651617.6634,292741.95,7728.48
6634.0,1107574.7900,4650603.8958,4652491.6736,292733.80,7728.49
6635.0,1099951.6046,4651533.2061,4653359.4314,292725.67,7728.50
6636.0,1092326.9454,4652456.2838,4654220.9357,292717.53,7728.50
6637.0,1084700.8226,4653373.1278,4655076.1853,292709.40,7728.51
6638.0,1077073.2464,4654283.7368,4655925.1791,292701.26,7728.52
6639.0,1069444.2271,4655188.1096,4656767.9159,292693.14,7728.52
6640.0,1061813.7749,4656086.2449,4657604.3945,292685.01,7728.53
6641.0,1054181.8999,4656978.1414,4658434.6138,292676.89,7728.54
6642.0,1046548.6125,4657863.7982,4659258.5728,292668.77,7728.55
6643.0,1038913.9228,4658743.2138,4660076.2701,292660.65,7728.55
6644.0,1031277.8411,4659616.3871,4660887.7049,292652.54,7728.56
6645.0,1023640.3776,4660483.3169,4661692.8758,292644.43,7728.57
6646.0,1016001.5425,4661344.0021,4662491.7819,292636.32,7728.58
6647.0,1008361.3461,4662198.4415,4663284.4221,292628.21,7728.58
6648.0,1000719.7986,4663046.6339,4664070.7952,292620.11,7728.59
6649.0,993076.9102,4663888.5781,4664850.9003,292612.01,7728.60
6650.0,985432.6911,4664724.2731,4665624.7361,292603.91,7728.61
6651.0,977787.1517,4665553.7177,4666392.3018,292595.82,7728.61
6652.0,970140.3021,4666376.9108,4667153.5962,292587.73,7728.62
6653.0,962492.1526,4667193.8512,4667908.6183,292579.64,7728.63
6654.0,954842.7135,4668004.5378,4668657.3671,292571.55,7728.64
6655.0,947191.9949,4668808.9696,4669399.8415,292563.47,7728.64
6656.0,939540.0071,4669607.1454,4670136.0405,292555.39,7728.65
6657.0,931886.7605,4670399.0642,4670865.9632,292547.31,7728.66
6658.0,924232.2651,4671184.7248,4671589.6085,292539.24,7728.67
6659.0,916576.5314,4671964.1263,4672306.9754,292531.17,7728.67
6660.0,908919.5695,4672737.2675,4673018.0630,292523.10,7728.68
6661.0,901261.3897,4673504.1474,4673722.8703,292515.04,7728.69
6662.0,893602.0022,4674264.7650,4674421.3964,292506.97,7728.70
6663.0,885941.4174,4675019.1192,4675113.6402,292498.91,7728.70
6664.0,878279.6454,4675767.2090,4675799.6008,292490.86,7728.71
6665.0,870616.6966,4676509.0334,4676479.2773,292482.81,7728.72
6666.0,862952.5812,4677244.5913,4677152.6688,292474.76,7728.73
6667.0,855287.3095,4677973.8818,4677819.7743,292466.71,7728.74
6668.0,847620.8917,4678696.9039,4678480.5930,292458.67,7728.74
6669.0,839953.3381,4679413.6566,4679135.1239,292450.63,7728.75
6670.0,832284.6590,4680124.1389,4679783.3661,292442.59,7728.76
6671.0,824614.8647,4680828.3498,4680425.3187,292434.56,7728.77
6672.0,816943.9654,4681526.2884,4681060.9809,292426.52,7728.77
6673.0,809271.9714,4682217.9537,4681690.3518,292418.50,7728.78
6674.0,801598.8930,4682903.3449,4682313.4305,292410.47,7728.79
6675.0,793924.7405,4683582.4609,4682930.2162,292402.45,7728.80
6676.0,786249.5241,4684255.3008,4683540.7080,292394.43,7728.81
6677.0,778573.2542,4684921.8637,4684144.9051,292386.42,7728.81
6678.0,770895.9409,4685582.1487,4684742.8067,292378.41,7728.82
6679.0,763217.5947,4686236.1549,4685334.4119,292370.40,7728.83
6680.0,755538.2257,4686883.8814,4685919.7199,292362.39,7728.84
6681.0,747857.8443,4687525.3274,4686498.7300,292354.39,7728.84
6682.0,740176.4607,4688160.4919,4687071.4413,292346.39,7728.85
6683.0,732494.0854,4688789.3740,4687637.8530,292338.40,7728.86
6684.0,724810.7284,4689411.9730,4688197.9644,292330.40,7728.87
6685.0,717126.4002,4690028.2879,4688751.7747,292322.42,7728.88
6686.0,709441.1110,4690638.3180,4689299.2831,292314.43,7728.88
6687.0,701754.8712,4691242.0624,4689840.4889,292306.45,7728.89
6688.0,694067.6910,4691839.5202,4690375.3914,292298.47,7728.90
6689.0,686379.5807,4692430.6906,4690903.9897,292290.49,7728.91
6690.0,678690.5506,4693015.5729,4691426.2832,292282.52,7728.92
6691.0,671000.6111,4693594.1662,4691942.2712,292274.55,7728.92
6692.0,663309.7723,4694166.4698,4692451.9529,292266.59,7728.93
6693.0,655618.0448,4694732.4828,4692955.3277,292258.63,7728.94
6694.0,647925.4386,4695292.2045,4693452.3948,292250.67,7728.95
6695.0,640231.9642,4695845.6341,4693943.1536,292242.71,7728.96
6696.0,632537.6318,4696392.7709,4694427.6033,292234.76,7728.96
6697.0,624842.4518,4696933.6140,4694905.7434,292226.81,7728.97
6698.0,617146.4345,4697468.1629,4695377.5731,292218.87,7728.98
6699.0,609449.5902,4697996.4166,4695843.0918,292210.93,7728.99
6700.0,601751.9291,4698518.3746,4696302.2988,292202.99,7729.00
6701.0,594053.4617,4699034.0360,4696755.1936,292195.06,7729.00
6702.0,586354.1981,4699543.4002,4697201.7755,292187.13,7729.01
6703.0,578654.1488,4700046.4665,4697642.0439,292179.20,7729.02
6704.0,570953.3241,4700543.2341,4698075.9981,292171.27,7729.03
6705.0,563251.7342,4701033.7025,4698503.6376,292163.35,7729.04
6706.0,555549.3895,4701517.8709,4698924.9618,292155.44,7729.04
6707.0,547846.3004,4701995.7386,4699339.9700,292147.53,7729.05
6708.0,540142.4770,4702467.3050,4699748.6618,292139.62,7729.06
6709.0,532437.9298,4702932.5695,4700151.0365,292131.71,7729.07
6710.0,524732.6691,4703391.5314,4700547.0936,292123.81,7729.08
6711.0,517026.7052,4703844.1901,4700936.8326,292115.91,7729.08
6712.0,509320.0484,4704290.5449,4701320.2528,292108.02,7729.09
6713.0,501612.7091,4704730.5952,4701697.3538,292100.12,7729.10
6714.0,493904.6975,4705164.3404,4702068.1350,292092.24,7729.11
6715.0,486196.0240,4705591.7800,4702432.5959,292084.35,7729.12
6716.0,478486.6990,4706012.9133,4702790.7361,292076.47,7729.13
6717.0,470776.7328,4706427.7397,4703142.5549,292068.60,7729.13
6718.0,463066.1356,4706836.2587,4703488.0520,292060.72,7729.14
6719.0,455354.9179,4707238.4698,4703827.2268,292052.85,7729.15
6720.0,447643.0899,4707634.3722,4704160.0788,292044.99,7729.16
6721.0,439930.6620,4708023.9656,4704486.6077,292037.13,7729.17
6722.0,432217.6446,4708407.2493,4704806.8129,292029.27,7729.18
6723.0,424504.0479,4708784.2229,4705120.6939,292021.42,7729.18
6724.0,416789.8823,4709154.8857,4705428.2504,292013.57,7729.19
6725.0,409075.1581,4709519.2373,4705729.4819,292005.72,7729.20
6726.0,401359.8857,4709877.2773,4706024.3880,291997.88,7729.21
6727.0,393644.0755,4710229.0049,4706312.9683,291990.04,7729.22
6728.0,385927.7376,4710574.4199,4706595.2223,291982.20,7729.23
6729.0,378210.8826,4710913.5217,4706871.1497,291974.37,7729.23
6730.0,370493.5207,4711246.3098,4707140.7501,291966.54,7729.24
6731.0,362775.6623,4711572.7838,4707404.0230,291958.72,7729.25
6732.0,355057.3177,4711892.9431,4707660.9682,291950.90,7729.26
6733.0,347338.4972,4712206.7875,4707911.5852,291943.08,7729.27
6734.0,339619.2112,4712514.3163,4708155.8737,291935.27,7729.28
6735.0,331899.4701,4712815.5293,4708393.8334,291927.46,7729.28
6736.0,324179.2842,4713110.4259,4708625.4639,291919.66,7729.29
6737.0,316458.6638,4713399.0057,4708850.7648,291911.86,7729.30
6738.0,308737.6193,4713681.2684,4709069.7359,291904.06,7729.31
6739.0,301016.1611,4713957.2136,4709282.3769,291896.27,7729.32
6740.0,293294.2994,4714226.8408,4709488.6873,291888.48,7729.33
6741.0,285572.0446,4714490.1497,4709688.6671,291880.70,7729.33
6742.0,277849.4071,4714747.1398,4709882.3157,291872.92,7729.34
6743.0,270126.3972,4714997.8109,4710069.6330,291865.14,7729.35
6744.0,262403.0253,4715242.1626,4710250.6188,291857.37,7729.36
6745.0,254679.3018,4715480.1946,4710425.2726,291849.60,7729.37
6746.0,246955.2369,4715711.9064,4710593.5944,291841.84,7729.38
6747.0,239230.8410,4715937.2977,4710755.5837,291834.08,7729.39
6748.0,231506.1245,4716156.3684,4710911.2405,291826.32,7729.39
6749.0,223781.0977,4716369.1179,4711060.5644,291818.57,7729.40
6750.0,216055.7710,4716575.5460,4711203.5552,291810.82,7729.41
6751.0,208330.1548,4716775.6525,4711340.2128,291803.08,7729.42
6752.0,200604.2593,4716969.4370,4711470.5369,291795.34,7729.43
6753.0,192878.0950,4717156.8993,4711594.5274,291787.60,7729.44
6754.0,185151.6722,4717338.0391,4711712.1839,291779.87,7729.45
6755.0,177425.0012,4717512.8560,4711823.5065,291772.14,7729.45
6756.0,169698.0925,4717681.3500,4711928.4948,291764.42,7729.46
6757.0,161970.9563,4717843.5206,4712027.1487,291756.70,7729.47
6758.0,154243.6030,4717999.3677,4712119.4682,291748.98,7729.48
6759.0,146516.0430,4718148.8911,4712205.4529,291741.27,7729.49
6760.0,138788.2866,4718292.0905,4712285.1029,291733.56,7729.50
6761.0,131060.3443,4718428.9657,4712358.4179,291725.86,7729.51
6762.0,123332.2263,4718559.5165,4712425.3978,291718.16,7729.52
6763.0,115603.9430,4718683.7428,4712486.0426,291710.47,7729.52
6764.0,107875.5047,4718801.6442,4712540.3522,291702.78,7729.53
6765.0,100146.9219,4718913.2207,4712588.3263,291695.09,7729.54
6766.0,92418.2049,4719018.4721,4712629.9650,291687.41,7729.55
6767.0,84689.3640,4719117.3982,4712665.2682,291679.73,7729.56
6768.0,76960.4096,4719209.9989,4712694.2358,291672.06,7729.57
6769.0,69231.3521,4719296.2739,4712716.8677,291664.39,7729.58
6770.0,61502.2018,4719376.2233,4712733.1640,291656.72,7729.59
6771.0,53772.9690,4719449.8468,4712743.1245,291649.06,7729.59
6772.0,46043.6642,4719517.1443,4712746.7491,291641.41,7729.60
6773.0,38314.2978,4719578.1157,4712744.0380,291633.76,7729.61
6774.0,30584.8799,4719632.7610,4712734.9911,291626.11,7729.62
6775.0,22855.4211,4719681.0799,4712719.6083,291618.47,7729.63
6776.0,15125.9317,4719723.0725,4712697.8896,291610.83,7729.64
6777.0,7396.4220,4719758.7387,4712669.8352,291603.19,7729.65
6778.0,-333.0976,4719788.0783,4712635.4449,291595.56,7729.66
6779.0,-8062.6167,4719811.0913,4712594.7188,291587.94,7729.67
6780.0,-15792.1250,4719827.7778,4712547.6569,291580.31,7729.67
6781.0,-23521.6121,4719838.1375,4712494.2594,291572.70,7729.68
6782.0,-31251.0676,4719842.1705,4712434.5261,291565.09,7729.69
6783.0,-38980.4812,4719839.8768,4712368.4573,291557.48,7729.70
6784.0,-46709.8426,4719831.2564,4712296.0529,291549.87,7729.71
6785.0,-54439.1414,4719816.3091,4712217.3130,291542.27,7729.72
6786.0,-62168.3671,4719795.0351,4712132.2377,291534.68,7729.73
6787.0,-69897.5095,4719767.4343,4712040.8272,291527.09,7729.74
6788.0,-77626.5582,4719733.5068,4711943.0814,291519.50,7729.75
6789.0,-85355.5028,4719693.2525,4711839.0006,291511.92,7729.76
6790.0,-93084.3330,4719646.6716,4711728.5848,291504.34,7729.76
6791.0,-100813.0384,4719593.7640,4711611.8341,291496.77,7729.77
6792.0,-108541.6086,4719534.5298,4711488.7487,291489.20,7729.78
6793.0,-116270.0333,4719468.9690,4711359.3288,291481.64,7729.79
6794.0,-123998.3021,4719397.0818,4711223.5745,291474.08,7729.80
6795.0,-131726.4047,4719318.8681,4711081.4859,291466.53,7729.81
6796.0,-139454.3307,4719234.3281,4710933.0632,291458.98,7729.82
6797.0,-147182.0697,4719143.4619,4710778.3066,291451.43,7729.83
6798.0,-154909.6114,4719046.2695,4710617.2162,291443.89,7729.84
6799.0,-162636.9454,4718942.7511,4710449.7924,291436.35,7729.85
6800.0,-170364.0614,4718832.9067,4710276.0352,291428.82,7729.85
6801.0,-178090.9490,4718716.7366,4710095.9449,291421.29,7729.86
6802.0,-185817.5978,4718594.2408,4709909.5217,291413.77,7729.87
6803.0,-193543.9975,4718465.4195,4709716.7658,291406.25,7729.88
6804.0,-201270.1378,4718330.2728,4709517.6775,291398.74,7729.89
6805.0,-208996.0082,4718188.8010,4709312.2570,291391.23,7729.90
6806.0,-216721.5984,4718041.0040,4709100.5045,291383.73,7729.91
6807.0,-224446.8980,4717886.8822,4708882.4204,291376.23,7729.92
6808.0,-232171.8968,4717726.4357,4708658.0048,291368.73,7729.93
6809.0,-239896.5843,4717559.6647,4708427.2581,291361.24,7729.94
6810.0,-247620.9502,4717386.5694,4708190.1806,291353.76,7729.95
6811.0,-255344.9841,4717207.1500,4707946.7725,291346.28,7729.96
6812.0,-263068.6756,4717021.4068,4707697.0342,291338.80,7729.97
6813.0,-270792.0145,4716829.3399,4707440.9660,291331.33,7729.97
6814.0,-278514.9903,4716630.9496,4707178.5681,291323.86,7729.98
6815.0,-286237.5928,4716426.2361,4706909.8410,291316.40,7729.99
6816.0,-293959.8115,4716215.1997,4706634.7849,291308.94,7730.00
6817.0,-301681.6360,4715997.8406,4706353.4002,291301.49,7730.01
6818.0,-309403.0561,4715774.1592,4706065.6872,291294.04,7730.02
6819.0,-317124.0614,4715544.1556,4705771.6464,291286.60,7730.03
6820.0,-324844.6416,4715307.8302,4705471.2781,291279.16,7730.04
6821.0,-332564.7862,4715065.1833,4705164.5826,291271.73,7730.05
6822.0,-340284.4849,4714816.2151,4704851.5604,291264.30,7730.06
6823.0,-348003.7275,4714560.9260,4704532.2118,291256.87,7730.07
6824.0,-355722.5034,4714299.3162,4704206.5373,291249.46,7730.08
6825.0,-363440.8024,4714031.3862,4703874.5373,291242.04,7730.09
6826.0,-371158.6142,4713757.1363,4703536.2122,291234.63,7730.10
6827.0,-378875.9283,4713476.5667,4703191.5624,291227.23,7730.10
6828.0,-386592.7345,4713189.6779,4702840.5883,291219.83,7730.11
6829.0,-394309.0224,4712896.4702,4702483.2905,291212.43,7730.12
6830.0,-402024.7816,4712596.9439,4702119.6693,291205.04,7730.13
6831.0,-409740.0017,4712291.0996,4701749.7253,291197.66,7730.14
6832.0,-417454.6726,4711978.9374,4701373.4588,291190.28,7730.15
6833.0,-425168.7837,4711660.4579,4700990.8705,291182.90,7730.16
6834.0,-432882.3248,4711335.6614,4700601.9607,291175.53,7730.17
6835.0,-440595.2854,4711004.5484,4700206.7300,291168.16,7730.18
6836.0,-448307.6554,4710667.1192,4699805.1789,291160.80,7730.19
6837.0,-456019.4243,4710323.3743,4699397.3078,291153.45,7730.20
6838.0,-463730.5817,4709973.3141,4698983.1174,291146.10,7730.21
6839.0,-471441.1174,4709616.9391,4698562.6081,291138.75,7730.22
6840.0,-479151.0210,4709254.2498,4698135.7806,291131.41,7730.23
6841.0,-486860.2822,4708885.2465,4697702.6352,291124.07,7730.24
6842.0,-494568.8906,4708509.9298,4697263.1727,291116.74,7730.25
6843.0,-502276.8359,4708128.3001,4696817.3935,291109.41,7730.26
6844.0,-509984.1077,4707740.3579,4696365.2983,291102.09,7730.27
6845.0,-517690.6957,4707346.1037,4695906.8876,291094.78,7730.28
6846.0,-525396.5896,4706945.5381,4695442.1620,291087.47,7730.28
6847.0,-533101.7791,4706538.6615,4694971.1221,291080.16,7730.29
6848.0,-540806.2537,4706125.4744,4694493.7685,291072.86,7730.30
6849.0,-548510.0033,4705705.9774,4694010.1019,291065.56,7730.31
6850.0,-556213.0174,4705280.1710,4693520.1228,291058.27,7730.32
6851.0,-563915.2856,4704848.0558,4693023.8319,291050.98,7730.33
6852.0,-571616.7978,4704409.6323,4692521.2299,291043.70,7730.34
6853.0,-579317.5435,4703964.9011,4692012.3173,291036.43,7730.35
6854.0,-587017.5125,4703513.8628,4691497.0949,291029.16,7730.36
6855.0,-594716.6943,4703056.5178,4690975.5633,291021.89,7730.37
6856.0,-602415.0787,4702592.8669,4690447.7232,291014.63,7730.38
6857.0,-610112.6554,4702122.9106,4689913.5752,291007.37,7730.39
6858.0,-617809.4140,4701646.6495,4689373.1201,291000.12,7730.40
6859.0,-625505.3441,4701164.0842,4688826.3586,290992.88,7730.41
6860.0,-633200.4356,4700675.2154,4688273.2914,290985.64,7730.42
6861.0,-640894.6780,4700180.0436,4687713.9191,290978.40,7730.43
6862.0,-648588.0610,4699678.5696,4687148.2426,290971.17,7730.44
6863.0,-656280.5743,4699170.7939,4686576.2625,290963.94,7730.45
6864.0,-663972.2077,4698656.7173,4685997.9796,290956.72,7730.46
6865.0,-671662.9507,4698136.3403,4685413.3947,290949.51,7730.47
6866.0,-679352.7930,4697609.6637,4684822.5085,290942.30,7730.48
6867.0,-687041.7244,4697076.6881,4684225.3217,290935.10,7730.49
6868.0,-694729.7346,4696537.4143,4683621.8352,290927.90,7730.50
6869.0,-702416.8132,4695991.8428,4683012.0498,290920.70,7730.51
6870.0,-710102.9498,4695439.9745,4682395.9662,290913.51,7730.52
6871.0,-717788.1343,4694881.8100,4681773.5852,290906.33,7730.53
6872.0,-725472.3563,4694317.3501,4681144.9076,290899.15,7730.54
6873.0,-733155.6054,4693746.5954,4680509.9344,290891.98,7730.55
6874.0,-740837.8714,4693169.5468,4679868.6662,290884.81,7730.56
6875.0,-748519.1440,4692586.2050,4679221.1039,290877.65,7730.57
6876.0,-756199.4128,4691996.5707,4678567.2484,290870.49,7730.58
6877.0,-763878.6677,4691400.6447,4677907.1006,290863.34,7730.59
6878.0,-771556.8981,4690798.4278,4677240.6612,290856.19,7730.60
6879.0,-779234.0939,4690189.9207,4676567.9312,290849.05,7730.61
6880.0,-786910.2448,4689575.1242,4675888.9114,290841.91,7730.62
6881.0,-794585.3405,4688954.0392,4675203.6028,290834.78,7730.63
6882.0,-802259.3706,4688326.6664,4674512.0061,290827.65,7730.64
6883.0,-809932.3248,4687693.0067,4673814.1224,290820.53,7730.65
6884.0,-817604.1930,4687053.0609,4673109.9525,290813.42,7730.66
6885.0,-825274.9647,4686406.8297,4672399.4973,290806.30,7730.67
6886.0,-832944.6298,4685754.3142,4671682.7579,290799.20,7730.68
6887.0,-840613.1778,4685095.5150,4670959.7350,290792.10,7730.69
6888.0,-848280.5985,4684430.4330,4670230.4297,290785.01,7730.69
6889.0,-855946.8817,4683759.0692,4669494.8429,290777.92,7730.70
6890.0,-863612.0170,4683081.4244,4668752.9757,290770.83,7730.71
6891.0,-871275.9942,4682397.4995,4668004.8288,290763.76,7730.72
6892.0,-878938.8029,4681707.2953,4667250.4034,290756.68,7730.73
6893.0,-886600.4329,4681010.8128,4666489.7004,290749.61,7730.74
6894.0,-894260.8740,4680308.0528,4665722.7208,290742.55,7730.75
6895.0,-901920.1158,4679599.0163,4664949.4656,290735.50,7730.76
6896.0,-909578.1480,4678883.7043,4664169.9358,290728.44,7730.77
6897.0,-917234.9604,4678162.1175,4663384.1325,290721.40,7730.78
6898.0,-924890.5428,4677434.2571,4662592.0567,290714.36,7730.79
6899.0,-932544.8847,4676700.1239,4661793.7094,290707.32,7730.80
6900.0,-940197.9761,4675959.7188,4660989.0916,290700.29,7730.82
6901.0,-947849.8065,4675213.0429,4660178.2045,290693.27,7730.83
6902.0,-955500.3657,4674460.0972,4659361.0490,290686.25,7730.84
6903.0,-963149.6436,4673700.8825,4658537.6263,290679.24,7730.85
6904.0,-970797.6297,4672935.4000,4657707.9374,290672.23,7730.86
6905.0,-978444.3139,4672163.6505,4656871.9835,290665.23,7730.87
6906.0,-986089.6858,4671385.6351,4656029.7655,290658.23,7730.88
6907.0,-993733.7353,4670601.3549,4655181.2847,290651.24,7730.89
6908.0,-1001376.4520,4669810.8108,4654326.5421,290644.25,7730.90
6909.0,-1009017.8257,4669014.0038,4653465.5389,290637.27,7730.91
6910.0,-1016657.8462,4668210.9351,4652598.2761,290630.29,7730.92
6911.0,-1024296.5032,4667401.6057,4651724.7550,290623.32,7730.93
6912.0,-1031933.7864,4666586.0165,4650844.9766,290616.36,7730.94
6913.0,-1039569.6856,4665764.1688,4649958.9422,290609.40,7730.95
6914.0,-1047204.1906,4664936.0635,4649066.6529,290602.45,7730.96
6915.0,-1054837.2911,4664101.7017,4648168.1098,290595.50,7730.97
6916.0,-1062468.9768,4663261.0846,4647263.3142,290588.56,7730.98
6917.0,-1070099.2376,4662414.2133,4646352.2672,290581.62,7730.99
6918.0,-1077728.0631,4661561.0887,4645434.9700,290574.69,7731.00
6919.0,-1085355.4432,4660701.7121,4644511.4239,290567.77,7731.01
6920.0,-1092981.3676,4659836.0846,4643581.6300,290560.85,7731.02
6921.0,-1100605.8261,4658964.2073,4642645.5896,290553.93,7731.03
6922.0,-1108228.8084,4658086.0814,4641703.3039,290547.02,7731.04
6923.0,-1115850.3043,4657201.7080,4640754.7741,290540.12,7731.05
6924.0,-1123470.3036,4656311.0882,4639800.0015,290533.22,7731.06
6925.0,-1131088.7960,4655414.2233,4638838.9874,290526.33,7731.07
6926.0,-1138705.7714,4654511.1143,4637871.7329,290519.44,7731.08
6927.0,-1146321.2194,4653601.7626,4636898.2395,290512.56,7731.09
6928.0,-1153935.1300,4652686.1692,4635918.5083,290505.69,7731.10
6929.0,-1161547.4928,4651764.3354,4634932.5406,290498.82,7731.11
6930.0,-1169158.2977,4650836.2623,4633940.3379,290491.95,7731.12
6931.0,-1176767.5343,4649901.9513,4632941.9012,290485.10,7731.13
6932.0,-1184375.1926,4648961.4035,4631937.2320,290478.24,7731.14
6933.0,-1191981.2624,4648014.6201,4630926.3317,290471.40,7731.15
6934.0,-1199585.7333,4647061.6025,4629909.2014,290464.55,7731.16
6935.0,-1207188.5952,4646102.3518,4628885.8426,290457.72,7731.17
6936.0,-1214789.8379,4645136.8693,4627856.2567,290450.89,7731.18
6937.0,-1222389.4511,4644165.1562,4626820.4448,290444.06,7731.19
6938.0,-1229987.4248,4643187.2139,4625778.4086,290437.24,7731.20
6939.0,-1237583.7486,4642203.0437,4624730.1492,290430.43,7731.21
6940.0,-1245178.4124,4641212.6467,4623675.6681,290423.62,7731.22
6941.0,-1252771.4060,4640216.0244,4622614.9667,290416.82,7731.23
6942.0,-1260362.7192,4639213.1779,4621548.0463,290410.03,7731.24
6943.0,-1267952.3418,4638204.1088,4620474.9084,290403.24,7731.26
6944.0,-1275540.2636,4637188.8182,4619395.5545,290396.45,7731.27
6945.0,-1283126.4745,4636167.3074,4618309.9858,290389.67,7731.28
6946.0,-1290710.9642,4635139.5780,4617218.2039,290382.90,7731.29
6947.0,-1298293.7226,4634105.6311,4616120.2101,290376.13,7731.30
6948.0,-1305874.7394,4633065.4681,4615016.0060,290369.37,7731.31
6949.0,-1313454.0046,4632019.0905,4613905.5930,290362.61,7731.32
6950.0,-1321031.5079,4630966.4995,4612788.9726,290355.86,7731.33
6951.0,-1328607.2392,4629907.6967,4611666.1462,290349.12,7731.34
6952.0,-1336181.1882,4628842.6832,4610537.1152,290342.38,7731.35
6953.0,-1343753.3449,4627771.4607,4609401.8813,290335.65,7731.36
6954.0,-1351323.6991,4626694.0303,4608260.4459,290328.92,7731.37
6955.0,-1358892.2405,4625610.3937,4607112.8105,290322.20,7731.38
6956.0,-1366458.9591,4624520.5522,4605958.9766,290315.48,7731.39
6957.0,-1374023.8446,4623424.5072,4604798.9457,290308.77,7731.40
6958.0,-1381586.8869,4622322.2602,4603632.7194,290302.07,7731.41
6959.0,-1389148.0760,4621213.8126,4602460.2992,290295.37,7731.42
6960.0,-1396707.4015,4620099.1659,4601281.6867,290288.68,7731.43
6961.0,-1404264.8534,4618978.3215,4600096.8833,290281.99,7731.44
6962.0,-1411820.4215,4617851.2810,4598905.8908,290275.31,7731.45
6963.0,-1419374.0957,4616718.0458,4597708.7106,290268.64,7731.46
6964.0,-1426925.8658,4615578.6173,4596505.3443,290261.97,7731.48
6965.0,-1434475.7217,4614432.9972,4595295.7936,290255.30,7731.49
6966.0,-1442023.6532,4613281.1868,4594080.0600,290248.65,7731.50
6967.0,-1449569.6503,4612123.1878,4592858.1451,290241.99,7731.51
6968.0,-1457113.7027,4610959.0016,4591630.0505,290235.35,7731.52
6969.0,-1464655.8004,4609788.6297,4590395.7779,290228.71,7731.53
6970.0,-1472195.9332,4608612.0738,4589155.3289,290222.07,7731.54
6971.0,-1479734.0911,4607429.3353,4587908.7051,290215.45,7731.55
6972.0,-1487270.2638,4606240.4159,4586655.9082,290208.82,7731.56
6973.0,-1494804.4412,4605045.3170,4585396.9398,290202.21,7731.57
6974.0,-1502336.6133,4603844.0403,4584131.8016,290195.60,7731.58
6975.0,-1509866.7700,4602636.5873,4582860.4953,290188.99,7731.59
6976.0,-1517394.9010,4601422.9596,4581583.0225,290182.39,7731.60
6977.0,-1524920.9964,4600203.1589,4580299.3850,290175.80,7731.61
6978.0,-1532445.0459,4598977.1867,4579009.5844,290169.21,7731.62
6979.0,-1539967.0396,4597745.0446,4577713.6224,290162.63,7731.63
6980.0,-1547486.9672,4596506.7343,4576411.5008,290156.06,7731.64
6981.0,-1555004.8188,4595262.2573,4575103.2213,290149.49,7731.66
6982.0,-1562520.5841,4594011.6155,4573788.7855,290142.92,7731.67
6983.0,-1570034.2531,4592754.8102,4572468.1953,290136.37,7731.68
6984.0,-1577545.8158,4591491.8434,4571141.4524,290129.82,7731.69
6985.0,-1585055.2620,4590222.7165,4569808.5586,290123.27,7731.70
6986.0,-1592562.5816,4588947.4313,4568469.5155,290116.73,7731.71
6987.0,-1600067.7646,4587665.9894,4567124.3250,290110.20,7731.72
6988.0,-1607570.8009,4586378.3926,4565772.9889,290103.67,7731.73
6989.0,-1615071.6803,4585084.6425,4564415.5089,290097.15,7731.74
6990.0,-1622570.3929,4583784.7409,4563051.8869,290090.63,7731.75
6991.0,-1630066.9286,4582478.6894,4561682.1246,290084.12,7731.76
6992.0,-1637561.2772,4581166.4898,4560306.2239,290077.62,7731.77
6993.0,-1645053.4287,4579848.1438,4558924.1865,290071.12,7731.78
6994.0,-1652543.3732,4578523.6532,4557536.0143,290064.63,7731.80
6995.0,-1660031.1004,4577193.0196,4556141.7092,290058.14,7731.81
6996.0,-1667516.6003,4575856.2449,4554741.2730,290051.66,7731.82
6997.0,-1674999.8630,4574513.3308,4553334.7075,290045.19,7731.83
6998.0,-1682480.8782,4573164.2791,4551922.0147,290038.72,7731.84
6999.0,-1689959.6361,4571809.0915,4550503.1963,290032.26,7731.85
7000.0,-1697436.1265,4570447.7699,4549078.2542,290025.80,7731.86
7001.0,-1704910.3394,4569080.3160,4547647.1904,290019.35,7731.87
7002.0,-1712382.2647,4567706.7317,4546210.0067,290012.91,7731.88
7003.0,-1719851.8925,4566327.0187,4544766.7051,290006.47,7731.89
7004.0,-1727319.2127,4564941.1789,4543317.2874,290000.04,7731.90
7005.0,-1734784.2152,4563549.2141,4541861.7556,289993.62,7731.91
7006.0,-1742246.8900,4562151.1261,4540400.1116,289987.20,7731.92
7007.0,-1749707.2272,4560746.9168,4538932.3573,289980.78,7731.94
7008.0,-1757165.2166,4559336.5881,4537458.4947,289974.38,7731.95
7009.0,-1764620.8483,4557920.1418,4535978.5257,289967.97,7731.96
7010.0,-1772074.1122,4556497.5797,4534492.4523,289961.58,7731.97
7011.0,-1779524.9984,4555068.9038,4533000.2765,289955.19,7731.98
7012.0,-1786973.4968,4553634.1159,4531502.0001,289948.81,7731.99
7013.0,-1794419.5974,4552193.2179,4529997.6254,289942.43,7732.00
7014.0,-1801863.2902,4550746.2118,4528487.1541,289936.06,7732.01
7015.0,-1809304.5652,4549293.0994,4526970.5883,289929.69,7732.02
7016.0,-1816743.4125,4547833.8826,4525447.9301,289923.33,7732.03
7017.0,-1824179.8219,4546368.5635,4523919.1814,289916.98,7732.04
7018.0,-1831613.7836,4544897.1438,4522384.3443,289910.63,7732.06
7019.0,-1839045.2876,4543419.6256,4520843.4207,289904.29,7732.07
7020.0,-1846474.3237,4541936.0109,4519296.4129,289897.96,7732.08
7021.0,-1853900.8822,4540446.3015,4517743.3227,289891.63,7732.09
7022.0,-1861324.9530,4538950.4994,4516184.1522,289885.31,7732.10
7023.0,-1868746.5261,4537448.6066,4514618.9036,289878.99,7732.11
7024.0,-1876165.5915,4535940.6252,4513047.5789,289872.68,7732.12
7025.0,-1883582.1393,4534426.5570,4511470.1802,289866.38,7732.13
7026.0,-1890996.1596,4532906.4042,4509886.7095,289860.08,7732.14
7027.0,-1898407.6423,4531380.1686,4508297.1690,289853.79,7732.15
7028.0,-1905816.5775,4529847.8523,4506701.5608,289847.50,7732.16
7029.0,-1913222.9552,4528309.4574,4505099.8869,289841.23,7732.18
7030.0,-1920626.7655,4526764.9858,4503492.1496,289834.95,7732.19
7031.0,-1928027.9985,4525214.4397,4501878.3509,289828.68,7732.20
7032.0,-1935426.6441,4523657.8210,4500258.4931,289822.42,7732.21
7033.0,-1942822.6925,4522095.1318,4498632.5781,289816.17,7732.22
7034.0,-1950216.1337,4520526.3743,4497000.6083,289809.92,7732.23
7035.0,-1957606.9578,4518951.5503,4495362.5857,289803.68,7732.24
7036.0,-1964995.1549,4517370.6621,4493718.5125,289797.44,7732.25
7037.0,-1972380.7149,4515783.7118,4492068.3910,289791.21,7732.26
7038.0,-1979763.6281,4514190.7013,4490412.2233,289784.99,7732.27
7039.0,-1987143.8844,4512591.6329,4488750.0115,289778.77,7732.29
7040.0,-1994521.4740,4510986.5087,4487081.7580,289772.56,7732.30
7041.0,-2001896.3869,4509375.3307,4485407.4649,289766.35,7732.31
7042.0,-2009268.6132,4507758.1011,4483727.1344,289760.16,7732.32
7043.0,-2016638.1430,4506134.8220,4482040.7688,289753.96,7732.33
7044.0,-2024004.9665,4504505.4956,4480348.3703,289747.78,7732.34
7045.0,-2031369.0737,4502870.1241,4478649.9412,289741.60,7732.35
7046.0,-2038730.4547,4501228.7095,4476945.4836,289735.42,7732.36
7047.0,-2046089.0996,4499581.2542,4475235.0000,289729.25,7732.37
7048.0,-2053444.9985,4497927.7601,4473518.4924,289723.09,7732.39
7049.0,-2060798.1416,4496268.2296,4471795.9633,289716.94,7732.40
7050.0,-2068148.5190,4494602.6649,4470067.4149,289710.79,7732.41
7051.0,-2075496.1207,4492931.0680,4468332.8495,289704.64,7732.42
7052.0,-2082840.9369,4491253.4413,4466592.2694,289698.51,7732.43
7053.0,-2090182.9578,4489569.7870,4464845.6769,289692.38,7732.44
7054.0,-2097522.1735,4487880.1073,4463093.0744,289686.25,7732.45
7055.0,-2104858.5740,4486184.4044,4461334.4641,289680.13,7732.46
7056.0,-2112192.1496,4484482.6805,4459569.8484,289674.02,7732.47
7057.0,-2119522.8903,4482774.9380,4457799.2296,289667.92,7732.49
7058.0,-2126850.7864,4481061.1791,4456022.6101,289661.82,7732.50
7059.0,-2134175.8280,4479341.4060,4454239.9923,289655.72,7732.51
7060.0,-2141498.0052,4477615.6210,4452451.3785,289649.64,7732.52
7061.0,-2148817.3082,4475883.8264,4450656.7711,289643.56,7732.53
7062.0,-2156133.7271,4474146.0246,4448856.1724,289637.48,7732.54
7063.0,-2163447.2521,4472402.2177,4447049.5849,289631.41,7732.55
7064.0,-2170757.8734,4470652.4082,4445237.0110,289625.35,7732.56
7065.0,-2178065.5812,4468896.5982,4443418.4530,289619.30,7732.57
7066.0,-2185370.3656,4467134.7902,4441593.9135,289613.25,7732.59
7067.0,-2192672.2168,4465366.9865,4439763.3947,289607.20,7732.60
7068.0,-2199971.1251,4463593.1895,4437926.8992,289601.17,7732.61
7069.0,-2207267.0804,4461813.4013,4436084.4294,289595.14,7732.62
7070.0,-2214560.0732,4460027.6246,4434235.9877,289589.11,7732.63
7071.0,-2221850.0935,4458235.8615,4432381.5766,289583.10,7732.64
7072.0,-2229137.1316,4456438.1144,4430521.1986,289577.08,7732.65
7073.0,-2236421.1777,4454634.3858,4428654.8560,289571.08,7732.66
7074.0,-2243702.2219,4452824.6781,4426782.5515,289565.08,7732.68
7075.0,-2250980.2545,4451008.9935,4424904.2875,289559.09,7732.69
7076.0,-2258255.2658,4449187.3346,4423020.0664,289553.10,7732.70
7077.0,-2265527.2458,4447359.7037,4421129.8909,289547.12,7732.71
7078.0,-2272796.1849,4445526.1033,4419233.7633,289541.15,7732.72
7079.0,-2280062.0732,4443686.5358,4417331.6863,289535.18,7732.73
7080.0,-2287324.9011,4441841.0036,4415423.6623,289529.22,7732.74
7081.0,-2294584.6587,4439989.5092,4413509.6939,289523.27,7732.75
7082.0,-2301841.3362,4438132.0550,4411589.7837,289517.32,7732.76
7083.0,-2309094.9240,4436268.6435,4409663.9341,289511.38,7732.78
7084.0,-2316345.4122,4434399.2772,4407732.1478,289505.44,7732.79
7085.0,-2323592.7911,4432523.9585,4405794.4272,289499.51,7732.80
7086.0,-2330837.0510,4430642.6899,4403850.7751,289493.59,7732.81
7087.0,-2338078.1822,4428755.4739,4401901.1940,289487.67,7732.82
7088.0,-2345316.1748,4426862.3130,4399945.6864,289481.76,7732.83
7089.0,-2352551.0191,4424963.2098,4397984.2549,289475.86,7732.84
7090.0,-2359782.7055,4423058.1666,4396016.9023,289469.96,7732.86
7091.0,-2367011.2242,4421147.1862,4394043.6310,289464.07,7732.87
7092.0,-2374236.5655,4419230.2709,4392064.4438,289458.18,7732.88
7093.0,-2381458.7196,4417307.4233,4390079.3431,289452.31,7732.89
7094.0,-2388677.6769,4415378.6460,4388088.3318,289446.43,7732.90
7095.0,-2395893.4276,4413443.9416,4386091.4124,289440.57,7732.91
7096.0,-2403105.9620,4411503.3126,4384088.5876,289434.71,7732.92
7097.0,-2410315.2705,4409556.7615,4382079.8600,289428.86,7732.93
7098.0,-2417521.3433,4407604.2910,4380065.2324,289423.01,7732.95
7099.0,-2424724.1708,4405645.9036,4378044.7074,289417.17,7732.96
7100.0,-2431923.7432,4403681.6019,4376018.2876,289411.33,7732.97
7101.0,-2439120.0509,4401711.3886,4373985.9759,289405.51,7732.98
7102.0,-2446313.0843,4399735.2663,4371947.7748,289399.69,7732.99
7103.0,-2453502.8335,4397753.2375,4369903.6872,289393.87,7733.00
7104.0,-2460689.2890,4395765.3049,4367853.7156,289388.06,7733.01
7105.0,-2467872.4410,4393771.4712,4365797.8629,289382.26,7733.02
7106.0,-2475052.2800,4391771.7389,4363736.1318,289376.47,7733.04
7107.0,-2482228.7963,4389766.1107,4361668.5250,289370.68,7733.05
7108.0,-2489401.9802,4387754.5894,4359595.0453,289364.89,7733.06
7109.0,-2496571.8220,4385737.1775,4357515.6954,289359.12,7733.07
7110.0,-2503738.3122,4383713.8777,4355430.4781,289353.35,7733.08
7111.0,-2510901.4411,4381684.6928,4353339.3962,289347.59,7733.09
7112.0,-2518061.1990,4379649.6253,4351242.4525,289341.83,7733.10
7113.0,-2525217.5763,4377608.6781,4349139.6497,289336.08,7733.12
7114.0,-2532370.5634,4375561.8537,4347030.9907,289330.33,7733.13
7115.0,-2539520.1506,4373509.1550,4344916.4782,289324.60,7733.14
7116.0,-2546666.3285,4371450.5847,4342796.1151,289318.86,7733.15
7117.0,-2553809.0872,4369386.1454,4340669.9042,289313.14,7733.16
7118.0,-2560948.4173,4367315.8399,4338537.8483,289307.42,7733.17
7119.0,-2568084.3091,4365239.6710,4336399.9503,289301.71,7733.18
7120.0,-2575216.7530,4363157.6414,4334256.2129,289296.00,7733.20
7121.0,-2582345.7395,4361069.7539,4332106.6391,289290.30,7733.21
7122.0,-2589471.2589,4358976.0113,4329951.2318,289284.61,7733.22
7123.0,-2596593.3016,4356876.4163,4327789.9937,289278.92,7733.23
7124.0,-2603711.8581,4354770.9717,4325622.9278,289273.24,7733.24
7125.0,-2610826.9188,4352659.6803,4323450.0370,289267.57,7733.25
7126.0,-2617938.4741,4350542.5449,4321271.3241,289261.90,7733.26
7127.0,-2625046.5145,4348419.5683,4319086.7921,289256.24,7733.28
7128.0,-2632151.0303,4346290.7534,4316896.4438,289250.59,7733.29
7129.0,-2639252.0121,4344156.1029,4314700.2821,289244.94,7733.30
7130.0,-2646349.4502,4342015.6197,4312498.3101,289239.30,7733.31
7131.0,-2653443.3352,4339869.3067,4310290.5306,289233.67,7733.32
7132.0,-2660533.6574,4337717.1666,4308076.9466,289228.04,7733.33
7133.0,-2667620.4074,4335559.2024,4305857.5610,289222.42,7733.34
7134.0,-2674703.5756,4333395.4168,4303632.3767,289216.80,7733.35
7135.0,-2681783.1524,4331225.8129,4301401.3968,289211.19,7733.37
7136.0,-2688859.1284,4329050.3934,4299164.6242,289205.59,7733.38
7137.0,-2695931.4940,4326869.1612,4296922.0619,289199.99,7733.39
7138.0,-2703000.2398,4324682.1193,4294673.7129,289194.40,7733.40
7139.0,-2710065.3561,4322489.2705,4292419.5801,289188.82,7733.41
7140.0,-2717126.8335,4320290.6178,4290159.6666,289183.24,7733.42
7141.0,-2724184.6624,4318086.1640,4287893.9753,289177.67,7733.44
7142.0,-2731238.8335,4315875.9122,4285622.5094,289172.11,7733.45
7143.0,-2738289.3372,4313659.8652,4283345.2718,289166.55,7733.46
7144.0,-2745336.1639,4311438.0259,4281062.2656,289161.00,7733.47
7145.0,-2752379.3043,4309210.3974,4278773.4937,289155.46,7733.48
7146.0,-2759418.7488,4306976.9825,4276478.9593,289149.92,7733.49
7147.0,-2766454.4880,4304737.7843,4274178.6654,289144.39,7733.50
7148.0,-2773486.5124,4302492.8058,4271872.6151,289138.86,7733.52
7149.0,-2780514.8125,4300242.0498,4269560.8114,289133.34,7733.53
7150.0,-2787539.3789,4297985.5194,4267243.2574,289127.83,7733.54
7151.0,-2794560.2022,4295723.2176,4264919.9563,289122.33,7733.55
7152.0,-2801577.2727,4293455.1474,4262590.9111,289116.83,7733.56
7153.0,-2808590.5813,4291181.3118,4260256.1248,289111.33,7733.57
7154.0,-2815600.1183,4288901.7139,4257915.6007,289105.85,7733.58
7155.0,-2822605.8743,4286616.3565,4255569.3418,289100.37,7733.60
7156.0,-2829607.8400,4284325.2429,4253217.3513,289094.90,7733.61
7157.0,-2836606.0059,4282028.3760,4250859.6323,289089.43,7733.62
7158.0,-2843600.3626,4279725.7589,4248496.1880,289083.97,7733.63
7159.0,-2850590.9006,4277417.3946,4246127.0214,289078.52,7733.64
7160.0,-2857577.6106,4275103.2862,4243752.1358,289073.07,7733.65
7161.0,-2864560.4831,4272783.4369,4241371.5343,289067.63,7733.66
7162.0,-2871539.5088,4270457.8495,4238985.2201,289062.19,7733.68
7163.0,-2878514.6782,4268126.5274,4236593.1964,289056.77,7733.69
7164.0,-2885485.9820,4265789.4734,4234195.4664,289051.35,7733.70
7165.0,-2892453.4108,4263446.6909,4231792.0332,289045.93,7733.71
7166.0,-2899416.9552,4261098.1828,4229382.9000,289040.52,7733.72
7167.0,-2906376.6058,4258743.9523,4226968.0701,289035.12,7733.73
7168.0,-2913332.3532,4256384.0025,4224547.5468,289029.73,7733.75
7169.0,-2920284.1882,4254018.3365,4222121.3331,289024.34,7733.76
7170.0,-2927232.1013,4251646.9576,4219689.4324,289018.96,7733.77
7171.0,-2934176.0832,4249269.8688,4217251.8479,289013.58,7733.78
7172.0,-2941116.1245,4246887.0733,4214808.5828,289008.21,7733.79
7173.0,-2948052.2159,4244498.5743,4212359.6405,289002.85,7733.80
7174.0,-2954984.3481,4242104.3749,4209905.0241,288997.49,7733.81
7175.0,-2961912.5116,4239704.4784,4207444.7369,288992.14,7733.83
7176.0,-2968836.6973,4237298.8879,4204978.7823,288986.80,7733.84
7177.0,-2975756.8957,4234887.6066,4202507.1635,288981.46,7733.85
7178.0,-2982673.0976,4232470.6377,4200029.8838,288976.13,7733.86
7179.0,-2989585.2936,4230047.9845,4197546.9465,288970.81,7733.87
7180.0,-2996493.4745,4227619.6501,4195058.3550,288965.49,7733.88
7181.0,-3003397.6308,4225185.6378,4192564.1124,288960.18,7733.90
7182.0,-3010297.7534,4222745.9508,4190064.2223,288954.88,7733.91
7183.0,-3017193.8330,4220300.5924,4187558.6878,288949.58,7733.92
7184.0,-3024085.8602,4217849.5658,4185047.5124,288944.29,7733.93
7185.0,-3030973.8258,4215392.8742,4182530.6994,288939.01,7733.94
7186.0,-3037857.7205,4212930.5210,4180008.2522,288933.73,7733.95
7187.0,-3044737.5350,4210462.5094,4177480.1740,288928.46,7733.96
7188.0,-3051613.2601,4207988.8428,4174946.4684,288923.19,7733.98
7189.0,-3058484.8865,4205509.5242,4172407.1386,288917.93,7733.99
7190.0,-3065352.4049,4203024.5572,4169862.1881,288912.68,7734.00
7191.0,-3072215.8061,4200533.9449,4167311.6202,288907.44,7734.01
7192.0,-3079075.0809,4198037.6908,4164755.4384,288902.20,7734.02
7193.0,-3085930.2201,4195535.7980,4162193.6461,288896.97,7734.03
7194.0,-3092781.2143,4193028.2700,4159626.2466,288891.74,7734.05
7195.0,-3099628.0544,4190515.1101,4157053.2435,288886.52,7734.06
7196.0,-3106470.7311,4187996.3216,4154474.6401,288881.31,7734.07
7197.0,-3113309.2353,4185471.9079,4151890.4399,288876.10,7734.08
7198.0,-3120143.5577,4182941.8722,4149300.6463,288870.90,7734.09
7199.0,-3126973.6891,4180406.2181,4146705.2628,288865.71,7734.10
7200.0,-3133799.6203,4177864.9489,4144104.2928,288860.52,7734.11
7201.0,-3140621.3421,4175318.0678,4141497.7399,288855.34,7734.13
7202.0,-3147438.8454,4172765.5784,4138885.6074,288850.17,7734.14
7203.0,-3154252.1209,4170207.4841,4136267.8990,288845.00,7734.15
7204.0,-3161061.1595,4167643.7881,4133644.6180,288839.84,7734.16
7205.0,-3167865.9520,4165074.4940,4131015.7680,288834.69,7734.17
7206.0,-3174666.4893,4162499.6052,4128381.3525,288829.54,7734.18
7207.0,-3181462.7621,4159919.1251,4125741.3750,288824.40,7734.20
7208.0,-3188254.7613,4157333.0570,4123095.8391,288819.27,7734.21
7209.0,-3195042.4778,4154741.4045,4120444.7482,288814.14,7734.22
7210.0,-3201825.9025,4152144.1711,4117788.1059,288809.02,7734.23
7211.0,-3208605.0261,4149541.3600,4115125.9157,288803.90,7734.24
7212.0,-3215379.8396,4146932.9749,4112458.1813,288798.80,7734.25
7213.0,-3222150.3338,4144319.0192,4109784.9061,288793.69,7734.26
7214.0,-3228916.4997,4141699.4964,4107106.0937,288788.60,7734.28
7215.0,-3235678.3280,4139074.4099,4104421.7477,288783.51,7734.29
7216.0,-3242435.8097,4136443.7633,4101731.8718,288778.43,7734.30
7217.0,-3249188.9357,4133807.5600,4099036.4694,288773.35,7734.31
7218.0,-3255937.6969,4131165.8036,4096335.5441,288768.28,7734.32
7219.0,-3262682.0842,4128518.4976,4093629.0997,288763.22,7734.33
7220.0,-3269422.0885,4125865.6454,4090917.1397,288758.17,7734.35
7221.0,-3276157.7008,4123207.2507,4088199.6677,288753.12,7734.36
7222.0,-3282888.9119,4120543.3170,4085476.6873,288748.07,7734.37
7223.0,-3289615.7127,4117873.8477,4082748.2022,288743.04,7734.38
7224.0,-3296338.0943,4115198.8466,4080014.2161,288738.01,7734.39
7225.0,-3303056.0476,4112518.3170,4077274.7325,288732.99,7734.40
7226.0,-3309769.5634,4109832.2627,4074529.7552,288727.97,7734.42
7227.0,-3316478.6329,4107140.6871,4071779.2877,288722.96,7734.43
7228.0,-3323183.2468,4104443.5939,4069023.3339,288717.96,7734.44
7229.0,-3329883.3963,4101740.9866,4066261.8973,288712.96,7734.45
7230.0,-3336579.0722,4099032.8688,4063494.9816,288707.97,7734.46
7231.0,-3343270.2656,4096319.2442,4060722.5906,288702.98,7734.47
7232.0,-3349956.9674,4093600.1164,4057944.7279,288698.01,7734.48
7233.0,-3356639.1686,4090875.4889,4055161.3973,288693.04,7734.50
7234.0,-3363316.8602,4088145.3655,4052372.6024,288688.07,7734.51
7235.0,-3369990.0332,4085409.7496,4049578.3471,288683.11,7734.52
7236.0,-3376658.6787,4082668.6451,4046778.6349,288678.16,7734.53
7237.0,-3383322.7876,4079922.0555,4043973.4698,288673.22,7734.54
7238.0,-3389982.3509,4077169.9845,4041162.8553,288668.28,7734.55
7239.0,-3396637.3597,4074412.4357,4038346.7954,288663.35,7734.57
7240.0,-3403287.8051,4071649.4129,4035525.2936,288658.42,7734.58
7241.0,-3409933.6780,4068880.9196,4032698.3539,288653.51,7734.59
7242.0,-3416574.9694,4066106.9597,4029865.9799,288648.59,7734.60
7243.0,-3423211.6705,4063327.5367,4027028.1755,288643.69,7734.61
7244.0,-3429843.7723,4060542.6545,4024184.9444,288638.79,7734.62
7245.0,-3436471.2659,4057752.3166,4021336.2905,288633.90,7734.64
7246.0,-3443094.1423,4054956.5268,4018482.2176,288629.01,7734.65
7247.0,-3449712.3926,4052155.2889,4015622.7294,288624.13,7734.66
7248.0,-3456326.0079,4049348.6065,4012757.8299,288619.26,7734.67
7249.0,-3462934.9792,4046536.4834,4009887.5227,288614.39,7734.68
7250.0,-3469539.2977,4043718.9234,4007011.8118,288609.53,7734.69
7251.0,-3476138.9544,4040895.9302,4004130.7010,288604.68,7734.70
7252.0,-3482733.9405,4038067.5076,4001244.1941,288599.83,7734.72
7253.0,-3489324.2471,4035233.6593,3998352.2951,288594.99,7734.73
7254.0,-3495909.8653,4032394.3890,3995455.0077,288590.16,7734.74
7255.0,-3502490.7861,4029549.7007,3992552.3359,288585.33,7734.75
7256.0,-3509067.0009,4026699.5981,3989644.2834,288580.51,7734.76
7257.0,-3515638.5006,4023844.0849,3986730.8543,288575.70,7734.77
7258.0,-3522205.2764,4020983.1650,3983812.0524,288570.89,7734.79
7259.0,-3528767.3194,4018116.8422,3980887.8816,288566.09,7734.80
7260.0,-3535324.6209,4015245.1203,3977958.3458,288561.29,7734.81
7261.0,-3541877.1720,4012368.0031,3975023.4490,288556.51,7734.82
7262.0,-3548424.9638,4009485.4945,3972083.1950,288551.73,7734.83
7263.0,-3554967.9875,4006597.5983,3969137.5877,288546.95,7734.84
7264.0,-3561506.2343,4003704.3184,3966186.6312,288542.18,7734.85
7265.0,-3568039.6954,4000805.6586,3963230.3294,288537.42,7734.87
7266.0,-3574568.3620,3997901.6227,3960268.6861,288532.67,7734.88
7267.0,-3581092.2253,3994992.2147,3957301.7055,288527.92,7734.89
7268.0,-3587611.2764,3992077.4384,3954329.3914,288523.17,7734.90
7269.0,-3594125.5066,3989157.2977,3951351.7478,288518.44,7734.91
7270.0,-3600634.9071,3986231.7965,3948368.7787,288513.71,7734.92
7271.0,-3607139.4692,3983300.9388,3945380.4880,288508.99,7734.94
7272.0,-3613639.1840,3980364.7283,3942386.8799,288504.27,7734.95
7273.0,-3620134.0428,3977423.1690,3939387.9582,288499.56,7734.96
7274.0,-3626624.0368,3974476.2648,3936383.7270,288494.86,7734.97
7275.0,-3633109.1573,3971524.0198,3933374.1904,288490.16,7734.98
7276.0,-3639589.3956,3968566.4377,3930359.3522,288485.47,7734.99
7277.0,-3646064.7428,3965603.5225,3927339.2167,288480.79,7735.01
7278.0,-3652535.1904,3962635.2783,3924313.7877,288476.11,7735.02
7279.0,-3659000.7294,3959661.7088,3921283.0694,288471.44,7735.03
7280.0,-3665461.3513,3956682.8182,3918247.0658,288466.78,7735.04
7281.0,-3671917.0474,3953698.6104,3915205.7809,288462.12,7735.05
7282.0,-3678367.8088,3950709.0893,3912159.2189,288457.47,7735.06
7283.0,-3684813.6269,3947714.2590,3909107.3837,288452.82,7735.07
7284.0,-3691254.4931,3944714.1234,3906050.2796,288448.19,7735.09
7285.0,-3697690.3986,3941708.6865,3902987.9105,288443.55,7735.10
7286.0,-3704121.3348,3938697.9524,3899920.2806,288438.93,7735.11
7287.0,-3710547.2929,3935681.9251,3896847.3940,288434.31,7735.12
7288.0,-3716968.2643,3932660.6085,3893769.2547,288429.70,7735.13
7289.0,-3723384.2405,3929634.0067,3890685.8669,288425.09,7735.14
7290.0,-3729795.2126,3926602.1237,3887597.2348,288420.49,7735.15
7291.0,-3736201.1720,3923564.9637,3884503.3624,288415.90,7735.17
7292.0,-3742602.1102,3920522.5306,3881404.2539,288411.32,7735.18
7293.0,-3748998.0185,3917474.8284,3878299.9135,288406.74,7735.19
7294.0,-3755388.8882,3914421.8613,3875190.3452,288402.16,7735.20
7295.0,-3761774.7107,3911363.6334,3872075.5533,288397.60,7735.21
7296.0,-3768155.4775,3908300.1486,3868955.5419,288393.04,7735.22
7297.0,-3774531.1799,3905231.4111,3865830.3152,288388.48,7735.24
7298.0,-3780901.8093,3902157.4250,3862699.8774,288383.94,7735.25
7299.0,-3787267.3571,3899078.1944,3859564.2326,288379.40,7735.26
7300.0,-3793627.8148,3895993.7234,3856423.3851,288374.86,7735.27
7301.0,-3799983.1737,3892904.0161,3853277.3391,288370.34,7735.28
7302.0,-3806333.4253,3889809.0766,3850126.0987,288365.81,7735.29
7303.0,-3812678.5611,3886708.9090,3846969.6682,288361.30,7735.30
7304.0,-3819018.5724,3883603.5175,3843808.0518,288356.79,7735.32
7305.0,-3825353.4507,3880492.9063,3840641.2537,288352.29,7735.33
7306.0,-3831683.1874,3877377.0794,3837469.2783,288347.80,7735.34
7307.0,-3838007.7741,3874256.0410,3834292.1296,288343.31,7735.35
7308.0,-3844327.2022,3871129.7954,3831109.8120,288338.82,7735.36
7309.0,-3850641.4631,3867998.3466,3827922.3298,288334.35,7735.37
7310.0,-3856950.5484,3864861.6988,3824729.6871,288329.88,7735.38
7311.0,-3863254.4495,3861719.8563,3821531.8883,288325.42,7735.40
7312.0,-3869553.1580,3858572.8232,3818328.9377,288320.96,7735.41
7313.0,-3875846.6652,3855420.6037,3815120.8395,288316.51,7735.42
7314.0,-3882134.9629,3852263.2021,3811907.5980,288312.07,7735.43
7315.0,-3888418.0423,3849100.6224,3808689.2175,288307.63,7735.44
7316.0,-3894695.8952,3845932.8690,3805465.7024,288303.20,7735.45
7317.0,-3900968.5130,3842759.9461,3802237.0570,288298.78,7735.47
7318.0,-3907235.8872,3839581.8579,3799003.2855,288294.36,7735.48
7319.0,-3913498.0094,3836398.6087,3795764.3923,288289.95,7735.49
7320.0,-3919754.8711,3833210.2026,3792520.3817,288285.55,7735.50
7321.0,-3926006.4640,3830016.6440,3789271.2581,288281.15,7735.51
7322.0,-3932252.7795,3826817.9372,3786017.0259,288276.76,7735.52
7323.0,-3938493.8092,3823614.0863,3782757.6893,288272.37,7735.53
7324.0,-3944729.5448,3820405.0956,3779493.2528,288267.99,7735.55
7325.0,-3950959.9777,3817190.9696,3776223.7207,288263.62,7735.56
7326.0,-3957185.0997,3813971.7123,3772949.0974,288259.25,7735.57
7327.0,-3963404.9022,3810747.3282,3769669.3873,288254.90,7735.58
7328.0,-3969619.3769,3807517.8215,3766384.5948,288250.54,7735.59
7329.0,-3975828.5155,3804283.1965,3763094.7242,288246.20,7735.60
7330.0,-3982032.3094,3801043.4576,3759799.7800,288241.86,7735.61
7331.0,-3988230.7505,3797798.6091,3756499.7665,288237.52,7735.63
7332.0,-3994423.8302,3794548.6553,3753194.6883,288233.20,7735.64
7333.0,-4000611.5402,3791293.6005,3749884.5497,288228.88,7735.65
7334.0,-4006793.8723,3788033.4491,3746569.3552,288224.56,7735.66
7335.0,-4012970.8180,3784768.2055,3743249.1091,288220.25,7735.67
7336.0,-4019142.3689,3781497.8740,3739923.8160,288215.95,7735.68
7337.0,-4025308.5169,3778222.4589,3736593.4803,288211.66,7735.69
7338.0,-4031469.2535,3774941.9647,3733258.1065,288207.37,7735.70
7339.0,-4037624.5705,3771656.3957,3729917.6990,288203.09,7735.72
7340.0,-4043774.4595,3768365.7563,3726572.2623,288198.81,7735.73
7341.0,-4049918.9122,3765070.0510,3723221.8008,288194.54,7735.74
7342.0,-4056057.9203,3761769.2840,3719866.3192,288190.28,7735.75
7343.0,-4062191.4756,3758463.4598,3716505.8217,288186.03,7735.76
7344.0,-4068319.5698,3755152.5829,3713140.3131,288181.78,7735.77
7345.0,-4074442.1946,3751836.6575,3709769.7977,288177.53,7735.78
7346.0,-4080559.3417,3748515.6883,3706394.2801,288173.30,7735.80
7347.0,-4086671.0029,3745189.6795,3703013.7648,288169.07,7735.81
7348.0,-4092777.1699,3741858.6357,3699628.2563,288164.84,7735.82
7349.0,-4098877.8345,3738522.5613,3696237.7592,288160.62,7735.83
7350.0,-4104972.9884,3735181.4608,3692842.2780,288156.41,7735.84
7351.0,-4111062.6235,3731835.3385,3689441.8173,288152.21,7735.85
7352.0,-4117146.7315,3728484.1990,3686036.3815,288148.01,7735.86
7353.0,-4123225.3041,3725128.0467,3682625.9753,288143.82,7735.88
7354.0,-4129298.3333,3721766.8862,3679210.6033,288139.63,7735.89
7355.0,-4135365.8107,3718400.7219,3675790.2700,288135.45,7735.90
7356.0,-4141427.7282,3715029.5584,3672364.9800,288131.28,7735.91
7357.0,-4147484.0776,3711653.4000,3668934.7379,288127.11,7735.92
7358.0,-4153534.8508,3708272.2513,3665499.5482,288122.95,7735.93
7359.0,-4159580.0395,3704886.1169,3662059.4157,288118.80,7735.94
7360.0,-4165619.6356,3701495.0013,3658614.3448,288114.65,7735.95
7361.0,-4171653.6309,3698098.9090,3655164.3402,288110.51,7735.97
7362.0,-4177682.0174,3694697.8444,3651709.4066,288106.38,7735.98
7363.0,-4183704.7868,3691291.8123,3648249.5485,288102.25,7735.99
7364.0,-4189721.9310,3687880.8171,3644784.7707,288098.13,7736.00
7365.0,-4195733.4420,3684464.8633,3641315.0776,288094.01,7736.01
7366.0,-4201739.3115,3681043.9556,3637840.4741,288089.91,7736.02
7367.0,-4207739.5315,3677618.0985,3634360.9647,288085.80,7736.03
7368.0,-4213734.0938,3674187.2966,3630876.5541,288081.71,7736.04
7369.0,-4219722.9905,3670751.5544,3627387.2470,288077.62,7736.06
7370.0,-4225706.2133,3667310.8766,3623893.0480,288073.53,7736.07
7371.0,-4231683.7543,3663865.2678,3620393.9619,288069.46,7736.08
7372.0,-4237655.6053,3660414.7325,3616889.9933,288065.39,7736.09
7373.0,-4243621.7583,3656959.2753,3613381.1469,288061.32,7736.10
7374.0,-4249582.2051,3653498.9010,3609867.4275,288057.27,7736.11
7375.0,-4255536.9379,3650033.6141,3606348.8396,288053.21,7736.12
7376.0,-4261485.9485,3646563.4192,3602825.3882,288049.17,7736.13
7377.0,-4267429.2289,3643088.3209,3599297.0777,288045.13,7736.15
7378.0,-4273366.7710,3639608.3240,3595763.9131,288041.10,7736.16
7379.0,-4279298.5669,3636123.4331,3592225.8991,288037.07,7736.17
7380.0,-4285224.6086,3632633.6527,3588683.0403,288033.05,7736.18
7381.0,-4291144.8879,3629138.9877,3585135.3415,288029.04,7736.19
7382.0,-4297059.3970,3625639.4426,3581582.8075,288025.03,7736.20
7383.0,-4302968.1279,3622135.0221,3578025.4430,288021.03,7736.21
7384.0,-4308871.0725,3618625.7310,3574463.2529,288017.04,7736.22
7385.0,-4314768.2230,3615111.5738,3570896.2418,288013.05,7736.24
7386.0,-4320659.5712,3611592.5554,3567324.4147,288009.07,7736.25
7387.0,-4326545.1094,3608068.6803,3563747.7761,288005.09,7736.26
7388.0,-4332424.8294,3604539.9534,3560166.3311,288001.12,7736.27
7389.0,-4338298.7235,3601006.3793,3556580.0842,287997.16,7736.28
7390.0,-4344166.7836,3597467.9627,3552989.0405,287993.20,7736.29
7391.0,-4350029.0018,3593924.7084,3549393.2046,287989.25,7736.30
7392.0,-4355885.3702,3590376.6211,3545792.5814,287985.31,7736.31
7393.0,-4361735.8809,3586823.7056,3542187.1758,287981.37,7736.33
7394.0,-4367580.5260,3583265.9666,3538576.9925,287977.44,7736.34
7395.0,-4373419.2976,3579703.4089,3534962.0364,287973.52,7736.35
7396.0,-4379252.1878,3576136.0371,3531342.3123,287969.60,7736.36
7397.0,-4385079.1887,3572563.8562,3527717.8251,287965.69,7736.37
7398.0,-4390900.2925,3568986.8708,3524088.5797,287961.78,7736.38
7399.0,-4396715.4913,3565405.0858,3520454.5810,287957.88,7736.39
7400.0,-4402524.7772,3561818.5059,3516815.8337,287953.99,7736.40
7401.0,-4408328.1424,3558227.1359,3513172.3428,287950.10,7736.41
7402.0,-4414125.5791,3554630.9806,3509524.1132,287946.22,7736.43
7403.0,-4419917.0793,3551030.0449,3505871.1497,287942.35,7736.44
7404.0,-4425702.6354,3547424.3336,3502213.4573,287938.48,7736.45
7405.0,-4431482.2394,3543813.8514,3498551.0408,287934.62,7736.46
7406.0,-4437255.8836,3540198.6032,3494883.9053,287930.76,7736.47
7407.0,-4443023.5602,3536578.5938,3491212.0555,287926.92,7736.48
7408.0,-4448785.2613,3532953.8281,3487535.4964,287923.07,7736.49
7409.0,-4454540.9792,3529324.3110,3483854.2330,287919.24,7736.50
7410.0,-4460290.7061,3525690.0472,3480168.2701,287915.41,7736.51
7411.0,-4466034.4343,3522051.0416,3476477.6128,287911.58,7736.52
7412.0,-4471772.1559,3518407.2991,3472782.2660,287907.76,7736.54
7413.0,-4477503.8633,3514758.8246,3469082.2346,287903.95,7736.55
7414.0,-4483229.5486,3511105.6230,3465377.5236,287900.15,7736.56
7415.0,-4488949.2042,3507447.6990,3461668.1380,287896.35,7736.57
7416.0,-4494662.8223,3503785.0577,3457954.0827,287892.56,7736.58
7417.0,-4500370.3952,3500117.7039,3454235.3627,287888.77,7736.59
7418.0,-4506071.9152,3496445.6426,3450511.9831,287884.99,7736.60
7419.0,-4511767.3746,3492768.8786,3446783.9487,287881.22,7736.61
7420.0,-4517456.7656,3489087.4168,3443051.2647,287877.45,7736.62
7421.0,-4523140.0807,3485401.2622,3439313.9360,287873.69,7736.64
7422.0,-4528817.3120,3481710.4197,3435571.9676,287869.93,7736.65
7423.0,-4534488.4520,3478014.8942,3431825.3646,287866.18,7736.66
7424.0,-4540153.4929,3474314.6908,3428074.1319,287862.44,7736.67
7425.0,-4545812.4272,3470609.8142,3424318.2747,287858.71,7736.68
7426.0,-4551465.2472,3466900.2696,3420557.7979,287854.98,7736.69
7427.0,-4557111.9451,3463186.0618,3416792.7066,287851.25,7736.70
7428.0,-4562752.5135,3459467.1958,3413023.0059,287847.53,7736.71
7429.0,-4568386.9447,3455743.6766,3409248.7007,287843.82,7736.72
7430.0,-4574015.2310,3452015.5092,3405469.7963,287840.12,7736.73
7431.0,-4579637.3648,3448282.6985,3401686.2975,287836.42,7736.74
7432.0,-4585253.3386,3444545.2496,3397898.2096,287832.73,7736.76
7433.0,-4590863.1448,3440803.1675,3394105.5376,287829.04,7736.77
7434.0,-4596466.7758,3437056.4571,3390308.2866,287825.36,7736.78
7435.0,-4602064.2239,3433305.1235,3386506.4617,287821.69,7736.79
7436.0,-4607655.4817,3429549.1717,3382700.0679,287818.02,7736.80
7437.0,-4613240.5416,3425788.6066,3378889.1105,287814.36,7736.81
7438.0,-4618819.3960,3422023.4335,3375073.5945,287810.70,7736.82
7439.0,-4624392.0374,3418253.6572,3371253.5250,287807.05,7736.83
7440.0,-4629958.4583,3414479.2828,3367428.9071,287803.41,7736.84
7441.0,-4635518.6511,3410700.3154,3363599.7461,287799.77,7736.85
7442.0,-4641072.6083,3406916.7601,3359766.0470,287796.14,7736.86
7443.0,-4646620.3224,3403128.6218,3355927.8149,287792.52,7736.88
7444.0,-4652161.7859,3399335.9057,3352085.0551,287788.90,7736.89
7445.0,-4657696.9913,3395538.6168,3348237.7727,287785.29,7736.90
7446.0,-4663225.9312,3391736.7603,3344385.9728,287781.68,7736.91
7447.0,-4668748.5981,3387930.3411,3340529.6606,287778.08,7736.92
7448.0,-4674264.9844,3384119.3645,3336668.8413,287774.49,7736.93
7449.0,-4679775.0827,3380303.8354,3332803.5202,287770.90,7736.94
7450.0,-4685278.8857,3376483.7591,3328933.7022,287767.32,7736.95
7451.0,-4690776.3858,3372659.1406,3325059.3928,287763.75,7736.96
7452.0,-4696267.5756,3368829.9850,3321180.5970,287760.18,7736.97
7453.0,-4701752.4477,3364996.2974,3317297.3201,287756.61,7736.98
7454.0,-4707230.9946,3361158.0831,3313409.5672,287753.06,7736.99
7455.0,-4712703.2090,3357315.3471,3309517.3437,287749.51,7737.00
7456.0,-4718169.0835,3353468.0945,3305620.6546,287745.96,7737.02
7457.0,-4723628.6107,3349616.3306,3301719.5054,287742.42,7737.03
7458.0,-4729081.7831,3345760.0604,3297813.9011,287738.89,7737.04
7459.0,-4734528.5935,3341899.2892,3293903.8471,287735.37,7737.05
7460.0,-4739969.0344,3338034.0221,3289989.3486,287731.85,7737.06
7461.0,-4745403.0985,3334164.2642,3286070.4108,287728.33,7737.07
7462.0,-4750830.7785,3330290.0208,3282147.0390,287724.83,7737.08
7463.0,-4756252.0669,3326411.2971,3278219.2385,287721.33,7737.09
7464.0,-4761666.9566,3322528.0982,3274287.0145,287717.83,7737.10
7465.0,-4767075.4401,3318640.4293,3270350.3724,287714.34,7737.11
7466.0,-4772477.5101,3314748.2956,3266409.3174,287710.86,7737.12
7467.0,-4777873.1594,3310851.7024,3262463.8548,287707.38,7737.13
7468.0,-4783262.3806,3306950.6549,3258513.9899,287703.91,7737.14
7469.0,-4788645.1664,3303045.1582,3254559.7280,287700.45,7737.15
7470.0,-4794021.5097,3299135.2176,3250601.0744,287696.99,7737.17
7471.0,-4799391.4030,3295220.8384,3246638.0345,287693.54,7737.18
7472.0,-4804754.8391,3291302.0258,3242670.6135,287690.09,7737.19
7473.0,-4810111.8109,3287378.7850,3238698.8168,287686.65,7737.20
7474.0,-4815462.3110,3283451.1213,3234722.6498,287683.22,7737.21
7475.0,-4820806.3321,3279519.0400,3230742.1177,287679.79,7737.22
7476.0,-4826143.8672,3275582.5462,3226757.2259,287676.37,7737.23
7477.0,-4831474.9089,3271641.6453,3222767.9797,287672.95,7737.24
7478.0,-4836799.4500,3267696.3426,3218774.3846,287669.54,7737.25
7479.0,-4842117.4834,3263746.6433,3214776.4458,287666.14,7737.26
7480.0,-4847429.0019,3259792.5528,3210774.1688,287662.74,7737.27
7481.0,-4852733.9982,3255834.0762,3206767.5590,287659.35,7737.28
7482.0,-4858032.4651,3251871.2190,3202756.6216,287655.96,7737.29
7483.0,-4863324.3957,3247903.9865,3198741.3621,287652.58,7737.30
7484.0,-4868609.7825,3243932.3838,3194721.7859,287649.21,7737.31
7485.0,-4873888.6186,3239956.4164,3190697.8984,287645.84,7737.32
7486.0,-4879160.8967,3235976.0896,3186669.7050,287642.48,7737.33
7487.0,-4884426.6098,3231991.4087,3182637.2111,287639.13,7737.35
7488.0,-4889685.7507,3228002.3791,3178600.4222,287635.78,7737.36
7489.0,-4894938.3123,3224009.0061,3174559.3435,287632.44,7737.37
7490.0,-4900184.2875,3220011.2950,3170513.9807,287629.10,7737.38
7491.0,-4905423.6692,3216009.2512,3166464.3390,287625.77,7737.39
7492.0,-4910656.4503,3212002.8800,3162410.4240,287622.44,7737.40
7493.0,-4915882.6238,3207992.1869,3158352.2411,287619.13,7737.41
7494.0,-4921102.1825,3203977.1771,3154289.7957,287615.81,7737.42
7495.0,-4926315.1194,3199957.8562,3150223.0934,287612.51,7737.43
7496.0,-4931521.4274,3195934.2293,3146152.1395,287609.21,7737.44
7497.0,-4936721.0996,3191906.3021,3142076.9395,287605.91,7737.45
7498.0,-4941914.1288,3187874.0797,3137997.4990,287602.62,7737.46
7499.0,-4947100.5080,3183837.5677,3133913.8234,287599.34,7737.47
7500.0,-4952280.2303,3179796.7715,3129825.9181,287596.06,7737.48
7501.0,-4957453.2886,3175751.6964,3125733.7887,287592.79,7737.49
7502.0,-4962619.6759,3171702.3479,3121637.4407,287589.53,7737.50
7503.0,-4967779.3853,3167648.7314,3117536.8796,287586.27,7737.51
7504.0,-4972932.4097,3163590.8523,3113432.1108,287583.02,7737.52
7505.0,-4978078.7421,3159528.7161,3109323.1400,287579.77,7737.53
7506.0,-4983218.3757,3155462.3282,3105209.9726,287576.53,7737.54
7507.0,-4988351.3034,3151391.6940,3101092.6141,287573.29,7737.55
7508.0,-4993477.5183,3147316.8191,3096971.0702,287570.07,7737.56
7509.0,-4998597.0135,3143237.7088,3092845.3462,287566.84,7737.57
7510.0,-5003709.7820,3139154.3687,3088715.4479,287563.63,7737.58
7511.0,-5008815.8170,3135066.8042,3084581.3806,287560.42,7737.59
7512.0,-5013915.1115,3130975.0207,3080443.1500,287557.21,7737.61
7513.0,-5019007.6586,3126879.0238,3076300.7617,287554.01,7737.62
7514.0,-5024093.4514,3122778.8190,3072154.2212,287550.82,7737.63
7515.0,-5029172.4830,3118674.4117,3068003.5340,287547.63,7737.64
7516.0,-5034244.7466,3114565.8075,3063848.7058,287544.45,7737.65
7517.0,-5039310.2353,3110453.0118,3059689.7422,287541.28,7737.66
7518.0,-5044368.9423,3106336.0302,3055526.6487,287538.11,7737.67
7519.0,-5049420.8607,3102214.8682,3051359.4309,287534.95,7737.68
7520.0,-5054465.9836,3098089.5313,3047188.0945,287531.79,7737.69
7521.0,-5059504.3042,3093960.0250,3043012.6449,287528.64,7737.70
7522.0,-5064535.8158,3089826.3548,3038833.0880,287525.49,7737.71
7523.0,-5069560.5115,3085688.5264,3034649.4292,287522.35,7737.72
7524.0,-5074578.3844,3081546.5452,3030461.6742,287519.22,7737.73
7525.0,-5079589.4279,3077400.4168,3026269.8286,287516.09,7737.74
7526.0,-5084593.6352,3073250.1468,3022073.8981,287512.97,7737.75
7527.0,-5089590.9993,3069095.7407,3017873.8882,287509.86,7737.76
7528.0,-5094581.5137,3064937.2041,3013669.8048,287506.75,7737.77
7529.0,-5099565.1715,3060774.5425,3009461.6533,287503.64,7737.78
7530.0,-5104541.9660,3056607.7616,3005249.4394,287500.55,7737.79
7531.0,-5109511.8904,3052436.8669,3001033.1689,287497.45,7737.80
7532.0,-5114474.9381,3048261.8640,2996812.8474,287494.37,7737.81
7533.0,-5119431.1023,3044082.7585,2992588.4805,287491.29,7737.82
7534.0,-5124380.3763,3039899.5561,2988360.0740,287488.21,7737.83
7535.0,-5129322.7533,3035712.2622,2984127.6335,287485.14,7737.84
7536.0,-5134258.2268,3031520.8826,2979891.1647,287482.08,7737.85
7537.0,-5139186.7900,3027325.4228,2975650.6734,287479.03,7737.86
7538.0,-5144108.4363,3023125.8886,2971406.1651,287475.98,7737.87
7539.0,-5149023.1589,3018922.2854,2967157.6457,287472.93,7737.88
7540.0,-5153930.9513,3014714.6189,2962905.1208,287469.89,7737.89
7541.0,-5158831.8068,3010502.8949,2958648.5961,287466.86,7737.90
7542.0,-5163725.7188,3006287.1188,2954388.0774,287463.83,7737.91
7543.0,-5168612.6806,3002067.2965,2950123.5705,287460.81,7737.92
7544.0,-5173492.6856,2997843.4334,2945855.0809,287457.80,7737.93
7545.0,-5178365.7272,2993615.5354,2941582.6146,287454.79,7737.94
7546.0,-5183231.7988,2989383.6080,2937306.1772,287451.78,7737.95
7547.0,-5188090.8938,2985147.6570,2933025.7744,287448.78,7737.96
7548.0,-5192943.0057,2980907.6880,2928741.4121,287445.79,7737.97
7549.0,-5197788.1279,2976663.7067,2924453.0960,287442.81,7737.98
7550.0,-5202626.2537,2972415.7188,2920160.8319,287439.83,7737.99
7551.0,-5207457.3768,2968163.7299,2915864.6255,287436.85,7738.00
7552.0,-5212281.4904,2963907.7459,2911564.4826,287433.88,7738.01
7553.0,-5217098.5882,2959647.7724,2907260.4090,287430.92,7738.02
7554.0,-5221908.6635,2955383.8150,2902952.4105,287427.96,7738.03
7555.0,-5226711.7099,2951115.8796,2898640.4929,287425.01,7738.04
7556.0,-5231507.7208,2946843.9719,2894324.6619,287422.07,7738.05
7557.0,-5236296.6898,2942568.0975,2890004.9235,287419.13,7738.06
7558.0,-5241078.6103,2938288.2622,2885681.2833,287416.19,7738.07
7559.0,-5245853.4760,2934004.4718,2881353.7472,287413.27,7738.08
7560.0,-5250621.2803,2929716.7320,2877022.3211,287410.34,7738.09
7561.0,-5255382.0167,2925425.0485,2872687.0108,287407.43,7738.10
7562.0,-5260135.6789,2921129.4271,2868347.8220,287404.52,7738.11
7563.0,-5264882.2603,2916829.8736,2864004.7607,287401.61,7738.12
7564.0,-5269621.7546,2912526.3937,2859657.8326,287398.71,7738.13
7565.0,-5274354.1554,2908218.9932,2855307.0437,287395.82,7738.14
7566.0,-5279079.4562,2903907.6779,2850952.3997,287392.93,7738.15
7567.0,-5283797.6506,2899592.4536,2846593.9066,287390.05,7738.16
7568.0,-5288508.7323,2895273.3260,2842231.5702,287387.18,7738.17
7569.0,-5293212.6948,2890950.3009,2837865.3963,287384.31,7738.18
7570.0,-5297909.5318,2886623.3842,2833495.3909,287381.44,7738.19
7571.0,-5302599.2369,2882292.5816,2829121.5598,287378.58,7738.20
7572.0,-5307281.8039,2877957.8989,2824743.9088,287375.73,7738.20
7573.0,-5311957.2262,2873619.3420,2820362.4440,287372.88,7738.21
7574.0,-5316625.4977,2869276.9167,2815977.1712,287370.04,7738.22
7575.0,-5321286.6119,2864930.6289,2811588.0963,287367.21,7738.23
7576.0,-5325940.5626,2860580.4842,2807195.2251,287364.38,7738.24
7577.0,-5330587.3435,2856226.4886,2802798.5637,287361.55,7738.25
7578.0,-5335226.9482,2851868.6480,2798398.1178,287358.74,7738.26
7579.0,-5339859.3705,2847506.9681,2793993.8936,287355.92,7738.27
7580.0,-5344484.6041,2843141.4548,2789585.8967,287353.12,7738.28
7581.0,-5349102.6428,2838772.1140,2785174.1333,287350.32,7738.29
7582.0,-5353713.4802,2834398.9515,2780758.6093,287347.52,7738.30
7583.0,-5358317.1102,2830021.9732,2776339.3305,287344.73,7738.31
7584.0,-5362913.5265,2825641.1849,2771916.3029,287341.95,7738.32
7585.0,-5367502.7229,2821256.5927,2767489.5325,287339.17,7738.33
7586.0,-5372084.6931,2816868.2022,2763059.0252,287336.40,7738.34
7587.0,-5376659.4310,2812476.0195,2758624.7871,287333.63,7738.35
7588.0,-5381226.9304,2808080.0503,2754186.8240,287330.87,7738.36
7589.0,-5385787.1850,2803680.3007,2749745.1419,287328.11,7738.37
7590.0,-5390340.1887,2799276.7765,2745299.7469,287325.36,7738.38
7591.0,-5394885.9353,2794869.4836,2740850.6449,287322.62,7738.39
7592.0,-5399424.4187,2790458.4279,2736397.8418,287319.88,7738.40
7593.0,-5403955.6327,2786043.6154,2731941.3437,287317.15,7738.41
7594.0,-5408479.5712,2781625.0520,2727481.1566,287314.42,7738.42
7595.0,-5412996.2280,2777202.7435,2723017.2865,287311.70,7738.42
7596.0,-5417505.5970,2772776.6960,2718549.7394,287308.99,7738.43
7597.0,-5422007.6722,2768346.9154,2714078.5213,287306.28,7738.44
7598.0,-5426502.4474,2763913.4076,2709603.6382,287303.57,7738.45
7599.0,-5430989.9165,2759476.1786,2705125.0961,287300.87,7738.46
7600.0,-5435470.0734,2755035.2343,2700642.9012,287298.18,7738.47
7601.0,-5439942.9122,2750590.5807,2696157.0593,287295.49,7738.48
7602.0,-5444408.4266,2746142.2237,2691667.5766,287292.81,7738.49
7603.0,-5448866.6107,2741690.1694,2687174.4590,287290.14,7738.50
7604.0,-5453317.4585,2737234.4236,2682677.7128,287287.47,7738.51
7605.0,-5457760.9638,2732774.9924,2678177.3438,287284.80,7738.52
7606.0,-5462197.1207,2728311.8818,2673673.3581,287282.14,7738.53
7607.0,-5466625.9231,2723845.0978,2669165.7619,287279.49,7738.54
7608.0,-5471047.3652,2719374.6462,2664654.5611,287276.84,7738.55
7609.0,-5475461.4407,2714900.5333,2660139.7619,287274.20,7738.56
7610.0,-5479868.1439,2710422.7648,2655621.3703,287271.56,7738.56
7611.0,-5484267.4687,2705941.3470,2651099.3925,287268.93,7738.57
7612.0,-5488659.4091,2701456.2857,2646573.8344,287266.31,7738.58
7613.0,-5493043.9593,2696967.5870,2642044.7023,287263.69,7738.59
7614.0,-5497421.1132,2692475.2569,2637512.0021,287261.07,7738.60
7615.0,-5501790.8649,2687979.3015,2632975.7401,287258.46,7738.61
7616.0,-5506153.2085,2683479.7267,2628435.9222,287255.86,7738.62
7617.0,-5510508.1381,2678976.5387,2623892.5547,287253.26,7738.63
7618.0,-5514855.6478,2674469.7434,2619345.6436,287250.67,7738.64
7619.0,-5519195.7317,2669959.3470,2614795.1950,287248.09,7738.65
7620.0,-5523528.3839,2665445.3554,2610241.2152,287245.51,7738.66
7621.0,-5527853.5986,2660927.7748,2605683.7102,287242.93,7738.67
7622.0,-5532171.3698,2656406.6112,2601122.6861,287240.36,7738.67
7623.0,-5536481.6918,2651881.8706,2596558.1491,287237.80,7738.68
7624.0,-5540784.5586,2647353.5592,2591990.1054,287235.24,7738.69
7625.0,-5545079.9646,2642821.6830,2587418.5610,287232.69,7738.70
7626.0,-5549367.9037,2638286.2482,2582843.5223,287230.14,7738.71
7627.0,-5553648.3703,2633747.2607,2578264.9952,287227.60,7738.72
7628.0,-5557921.3584,2629204.7267,2573682.9860,287225.06,7738.73
7629.0,-5562186.8624,2624658.6523,2569097.5008,287222.53,7738.74
7630.0,-5566444.8765,2620109.0435,2564508.5459,287220.01,7738.75
7631.0,-5570695.3948,2615555.9066,2559916.1274,287217.49,7738.76
7632.0,-5574938.4116,2610999.2476,2555320.2515,287214.98,7738.77
7633.0,-5579173.9212,2606439.0726,2550720.9243,287212.47,7738.77
7634.0,-5583401.9178,2601875.3878,2546118.1522,287209.96,7738.78
7635.0,-5587622.3957,2597308.1993,2541511.9412,287207.47,7738.79
7636.0,-5591835.3492,2592737.5132,2536902.2976,287204.98,7738.80
7637.0,-5596040.7725,2588163.3356,2532289.2275,287202.49,7738.81
7638.0,-5600238.6600,2583585.6727,2527672.7373,287200.01,7738.82
7639.0,-5604429.0059,2579004.5307,2523052.8331,287197.53,7738.83
7640.0,-5608611.8046,2574419.9157,2518429.5211,287195.06,7738.84
7641.0,-5612787.0504,2569831.8338,2513802.8076,287192.60,7738.85
7642.0,-5616954.7377,2565240.2912,2509172.6988,287190.14,7738.85
7643.0,-5621114.8607,2560645.2941,2504539.2009,287187.69,7738.86
7644.0,-5625267.4140,2556046.8487,2499902.3203,287185.24,7738.87
7645.0,-5629412.3917,2551444.9610,2495262.0630,287182.80,7738.88
7646.0,-5633549.7884,2546839.6374,2490618.4354,287180.36,7738.89
7647.0,-5637679.5983,2542230.8840,2485971.4437,287177.93,7738.90
7648.0,-5641801.8160,2537618.7069,2481321.0943,287175.51,7738.91
7649.0,-5645916.4358,2533003.1124,2476667.3933,287173.09,7738.92
7650.0,-5650023.4521,2528384.1067,2472010.3470,287170.67,7738.92
7651.0,-5654122.8594,2523761.6960,2467349.9617,287168.26,7738.93
7652.0,-5658214.6521,2519135.8864,2462686.2437,287165.86,7738.94
7653.0,-5662298.8246,2514506.6843,2458019.1992,287163.46,7738.95
7654.0,-5666375.3715,2509874.0958,2453348.8347,287161.07,7738.96
7655.0,-5670444.2871,2505238.1271,2448675.1562,287158.68,7738.97
7656.0,-5674505.5660,2500598.7844,2443998.1702,287156.30,7738.98
7657.0,-5678559.2027,2495956.0741,2439317.8829,287153.92,7738.99
7658.0,-5682605.1917,2491310.0023,2434634.3007,287151.55,7738.99
7659.0,-5686643.5275,2486660.5752,2429947.4298,287149.19,7739.00
7660.0,-5690674.2045,2482007.7992,2425257.2766,287146.83,7739.01
7661.0,-5694697.2175,2477351.6804,2420563.8473,287144.47,7739.02
7662.0,-5698712.5608,2472692.2252,2415867.1484,287142.12,7739.03
7663.0,-5702720.2290,2468029.4398,2411167.1862,287139.78,7739.04
7664.0,-5706720.2168,2463363.3304,2406463.9669,287137.44,7739.05
7665.0,-5710712.5186,2458693.9033,2401757.4969,287135.11,7739.05
7666.0,-5714697.1291,2454021.1648,2397047.7826,287132.78,7739.06
7667.0,-5718674.0429,2449345.1211,2392334.8303,287130.46,7739.07
7668.0,-5722643.2545,2444665.7786,2387618.6463,287128.14,7739.08
7669.0,-5726604.7586,2439983.1436,2382899.2370,287125.83,7739.09
7670.0,-5730558.5499,2435297.2222,2378176.6088,287123.52,7739.10
7671.0,-5734504.6229,2430608.0209,2373450.7681,287121.22,7739.10
7672.0,-5738442.9723,2425915.5459,2368721.7211,287118.93,7739.11
7673.0,-5742373.5928,2421219.8035,2363989.4743,287116.64,7739.12
7674.0,-5746296.4790,2416520.8001,2359254.0340,287114.35,7739.13
7675.0,-5750211.6256,2411818.5419,2354515.4067,287112.07,7739.14
7676.0,-5754119.0273,2407113.0353,2349773.5987,287109.80,7739.15
7677.0,-5758018.6788,2402404.2865,2345028.6165,287107.53,7739.16
7678.0,-5761910.5749,2397692.3020,2340280.4663,287105.27,7739.16
7679.0,-5765794.7101,2392977.0880,2335529.1546,287103.01,7739.17
7680.0,-5769671.0794,2388258.6509,2330774.6878,287100.76,7739.18
7681.0,-5773539.6773,2383536.9970,2326017.0724,287098.51,7739.19
7682.0,-5777400.4987,2378812.1326,2321256.3146,287096.27,7739.20
7683.0,-5781253.5383,2374084.0642,2316492.4211,287094.04,7739.21
7684.0,-5785098.7909,2369352.7981,2311725.3980,287091.80,7739.21
7685.0,-5788936.2513,2364618.3406,2306955.2520,287089.58,7739.22
7686.0,-5792765.9143,2359880.6980,2302181.9894,287087.36,7739.23
7687.0,-5796587.7746,2355139.8768,2297405.6166,287085.14,7739.24
7688.0,-5800401.8272,2350395.8834,2292626.1402,287082.94,7739.25
7689.0,-5804208.0667,2345648.7240,2287843.5665,287080.73,7739.25
7690.0,-5808006.4882,2340898.4051,2283057.9019,287078.53,7739.26
7691.0,-5811797.0863,2336144.9331,2278269.1530,287076.34,7739.27
7692.0,-5815579.8560,2331388.3144,2273477.3262,287074.15,7739.28
7693.0,-5819354.7921,2326628.5552,2268682.4279,287071.97,7739.29
7694.0,-5823121.8895,2321865.6622,2263884.4646,287069.79,7739.30
7695.0,-5826881.1432,2317099.6415,2259083.4428,287067.62,7739.30
7696.0,-5830632.5479,2312330.4997,2254279.3690,287065.45,7739.31
7697.0,-5834376.0987,2307558.2432,2249472.2496,287063.29,7739.32
7698.0,-5838111.7904,2302782.8783,2244662.0911,287061.13,7739.33
7699.0,-5841839.6179,2298004.4115,2239848.9000,287058.98,7739.34
7700.0,-5845559.5763,2293222.8493,2235032.6828,287056.84,7739.34
7701.0,-5849271.6604,2288438.1980,2230213.4459,287054.70,7739.35
7702.0,-5852975.8652,2283650.4640,2225391.1959,287052.56,7739.36
7703.0,-5856672.1858,2278859.6538,2220565.9393,287050.43,7739.37
7704.0,-5860360.6170,2274065.7739,2215737.6826,287048.31,7739.38
7705.0,-5864041.1539,2269268.8307,2210906.4323,287046.19,7739.38
7706.0,-5867713.7915,2264468.8306,2206072.1948,287044.07,7739.39
7707.0,-5871378.5247,2259665.7802,2201234.9768,287041.97,7739.40
7708.0,-5875035.3488,2254859.6857,2196394.7848,287039.86,7739.41
7709.0,-5878684.2585,2250050.5538,2191551.6252,287037.76,7739.42
7710.0,-5882325.2491,2245238.3908,2186705.5046,287035.67,7739.42
7711.0,-5885958.3156,2240423.2033,2181856.4295,287033.58,7739.43
7712.0,-5889583.4530,2235604.9977,2177004.4065,287031.50,7739.44
7713.0,-5893200.6565,2230783.7804,2172149.4421,287029.42,7739.45
7714.0,-5896809.9211,2225959.5581,2167291.5429,287027.35,7739.46
7715.0,-5900411.2419,2221132.3371,2162430.7154,287025.28,7739.46
7716.0,-5904004.6140,2216302.1239,2157566.9662,287023.22,7739.47
7717.0,-5907590.0326,2211468.9251,2152700.3018,287021.17,7739.48
7718.0,-5911167.4928,2206632.7471,2147830.7288,287019.12,7739.49
7719.0,-5914736.9897,2201793.5965,2142958.2537,287017.07,7739.49
7720.0,-5918298.5185,2196951.4797,2138082.8832,287015.03,7739.50
7721.0,-5921852.0744,2192106.4032,2133204.6237,287012.99,7739.51
7722.0,-5925397.6525,2187258.3737,2128323.4820,287010.96,7739.52
7723.0,-5928935.2481,2182407.3975,2123439.4645,287008.94,7739.52
7724.0,-5932464.8563,2177553.4812,2118552.5778,287006.92,7739.53
7725.0,-5935986.4723,2172696.6314,2113662.8286,287004.90,7739.54
7726.0,-5939500.0913,2167836.8545,2108770.2234,287002.89,7739.55
7727.0,-5943005.7087,2162974.1571,2103874.7689,287000.89,7739.56
7728.0,-5946503.3196,2158108.5458,2098976.4716,286998.89,7739.56
7729.0,-5949992.9193,2153240.0271,2094075.3381,286996.90,7739.57
7730.0,-5953474.5030,2148368.6074,2089171.3751,286994.91,7739.58
7731.0,-5956948.0661,2143494.2935,2084264.5891,286992.93,7739.59
7732.0,-5960413.6038,2138617.0918,2079354.9869,286990.95,7739.59
7733.0,-5963871.1113,2133737.0089,2074442.5749,286988.97,7739.60
7734.0,-5967320.5841,2128854.0513,2069527.3599,286987.01,7739.61
7735.0,-5970762.0175,2123968.2257,2064609.3484,286985.04,7739.62
7736.0,-5974195.4067,2119079.5385,2059688.5471,286983.09,7739.62
7737.0,-5977620.7470,2114187.9964,2054764.9627,286981.13,7739.63
7738.0,-5981038.0340,2109293.6060,2049838.6017,286979.19,7739.64
7739.0,-5984447.2628,2104396.3737,2044909.4709,286977.24,7739.65
7740.0,-5987848.4290,2099496.3063,2039977.5768,286975.31,7739.65
7741.0,-5991241.5278,2094593.4103,2035042.9261,286973.37,7739.66
7742.0,-5994626.5547,2089687.6923,2030105.5255,286971.45,7739.67
7743.0,-5998003.5050,2084779.1588,2025165.3817,286969.53,7739.68
7744.0,-6001372.3743,2079867.8166,2020222.5012,286967.61,7739.68
7745.0,-6004733.1578,2074953.6721,2015276.8909,286965.70,7739.69
7746.0,-6008085.8511,2070036.7321,2010328.5572,286963.79,7739.70
7747.0,-6011430.4496,2065117.0031,2005377.5070,286961.89,7739.71
7748.0,-6014766.9488,2060194.4917,2000423.7469,286960.00,7739.71
7749.0,-6018095.3441,2055269.2046,1995467.2835,286958.10,7739.72
7750.0,-6021415.6310,2050341.1483,1990508.1236,286956.22,7739.73
7751.0,-6024727.8050,2045410.3296,1985546.2739,286954.34,7739.73
7752.0,-6028031.8616,2040476.7550,1980581.7410,286952.46,7739.74
7753.0,-6031327.7964,2035540.4312,1975614.5317,286950.59,7739.75
7754.0,-6034615.6048,2030601.3648,1970644.6526,286948.73,7739.76
7755.0,-6037895.2823,2025659.5624,1965672.1104,286946.87,7739.76
7756.0,-6041166.8247,2020715.0308,1960696.9120,286945.01,7739.77
7757.0,-6044430.2273,2015767.7765,1955719.0639,286943.16,7739.78
7758.0,-6047685.4857,2010817.8062,1950738.5729,286941.32,7739.78
7759.0,-6050932.5957,2005865.1267,1945755.4457,286939.48,7739.79
7760.0,-6054171.5526,2000909.7444,1940769.6890,286937.64,7739.80
7761.0,-6057402.3522,1995951.6661,1935781.3096,286935.81,7739.81
7762.0,-6060624.9901,1990990.8985,1930790.3142,286933.99,7739.81
7763.0,-6063839.4618,1986027.4483,1925796.7095,286932.17,7739.82
7764.0,-6067045.7630,1981061.3221,1920800.5023,286930.35,7739.83
7765.0,-6070243.8894,1976092.5265,1915801.6992,286928.54,7739.83
7766.0,-6073433.8366,1971121.0684,1910800.3072,286926.74,7739.84
7767.0,-6076615.6003,1966146.9543,1905796.3328,286924.94,7739.85
7768.0,-6079789.1762,1961170.1910,1900789.7829,286923.15,7739.86
7769.0,-6082954.5599,1956190.7852,1895780.6642,286921.36,7739.86
7770.0,-6086111.7472,1951208.7435,1890768.9834,286919.57,7739.87
7771.0,-6089260.7337,1946224.0727,1885754.7474,286917.79,7739.88
7772.0,-6092401.5152,1941236.7794,1880737.9629,286916.02,7739.88
7773.0,-6095534.0875,1936246.8704,1875718.6367,286914.25,7739.89
7774.0,-6098658.4463,1931254.3524,1870696.7754,286912.49,7739.90
7775.0,-6101774.5873,1926259.2321,1865672.3861,286910.73,7739.90
7776.0,-6104882.5063,1921261.5163,1860645.4753,286908.97,7739.91
7777.0,-6107982.1991,1916261.2116,1855616.0498,286907.22,7739.92
7778.0,-6111073.6614,1911258.3247,1850584.1166,286905.48,7739.92
7779.0,-6114156.8892,1906252.8625,1845549.6823,286903.74,7739.93
7780.0,-6117231.8781,1901244.8316,1840512.7538,286902.01,7739.94
7781.0,-6120298.6241,1896234.2389,1835473.3378,286900.28,7739.94
7782.0,-6123357.1229,1891221.0909,1830431.4411,286898.55,7739.95
7783.0,-6126407.3704,1886205.3945,1825387.0706,286896.83,7739.96
7784.0,-6129449.3624,1881187.1564,1820340.2331,286895.12,7739.96
7785.0,-6132483.0949,1876166.3834,1815290.9354,286893.41,7739.97
7786.0,-6135508.5637,1871143.0823,1810239.1843,286891.71,7739.98
7787.0,-6138525.7647,1866117.2597,1805184.9865,286890.01,7739.98
7788.0,-6141534.6938,1861088.9225,1800128.3490,286888.31,7739.99
7789.0,-6144535.3469,1856058.0774,1795069.2786,286886.63,7740.00
7790.0,-6147527.7199,1851024.7311,1790007.7820,286884.94,7740.00
7791.0,-6150511.8088,1845988.8906,1784943.8661,286883.26,7740.01
7792.0,-6153487.6096,1840950.5624,1779877.5378,286881.59,7740.02
7793.0,-6156455.1181,1835909.7535,1774808.8039,286879.92,7740.02
7794.0,-6159414.3303,1830866.4706,1769737.6713,286878.26,7740.03
7795.0,-6162365.2423,1825820.7205,1764664.1467,286876.60,7740.04
7796.0,-6165307.8501,1820772.5099,1759588.2370,286874.94,7740.04
7797.0,-6168242.1495,1815721.8458,1754509.9491,286873.29,7740.05
7798.0,-6171168.1367,1810668.7348,1749429.2898,286871.65,7740.06
7799.0,-6174085.8077,1805613.1837,1744346.2660,286870.01,7740.06
7800.0,-6176995.1585,1800555.1995,1739260.8846,286868.37,7740.07
7801.0,-6179896.1851,1795494.7888,1734173.1524,286866.74,7740.08
7802.0,-6182788.8837,1790431.9585,1729083.0763,286865.12,7740.08
7803.0,-6185673.2502,1785366.7154,1723990.6631,286863.50,7740.09
7804.0,-6188549.2808,1780299.0663,1718895.9197,286861.89,7740.10
7805.0,-6191416.9715,1775229.0181,1713798.8531,286860.28,7740.10
7806.0,-6194276.3186,1770156.5775,1708699.4701,286858.67,7740.11
7807.0,-6197127.3180,1765081.7514,1703597.7775,286857.07,7740.12
7808.0,-6199969.9659,1760004.5467,1698493.7823,286855.48,7740.12
7809.0,-6202804.2585,1754924.9701,1693387.4913,286853.89,7740.13
7810.0,-6205630.1919,1749843.0285,1688278.9115,286852.30,7740.13
7811.0,-6208447.7622,1744758.7288,1683168.0497,286850.72,7740.14
7812.0,-6211256.9657,1739672.0777,1678054.9128,286849.15,7740.15
7813.0,-6214057.7985,1734583.0821,1672939.5078,286847.58,7740.15
7814.0,-6216850.2568,1729491.7489,1667821.8416,286846.01,7740.16
7815.0,-6219634.3368,1724398.0850,1662701.9210,286844.45,7740.17
7816.0,-6222410.0348,1719302.0971,1657579.7530,286842.89,7740.17
7817.0,-6225177.3469,1714203.7921,1652455.3445,286841.34,7740.18
7818.0,-6227936.2695,1709103.1770,1647328.7023,286839.80,7740.18
7819.0,-6230686.7987,1704000.2585,1642199.8335,286838.26,7740.19
7820.0,-6233428.9308,1698895.0436,1637068.7450,286836.72,7740.20
7821.0,-6236162.6621,1693787.5391,1631935.4436,286835.19,7740.20
7822.0,-6238887.9890,1688677.7519,1626799.9364,286833.66,7740.21
7823.0,-6241604.9076,1683565.6889,1621662.2302,286832.14,7740.21
7824.0,-6244313.4143,1678451.3569,1616522.3319,286830.62,7740.22
7825.0,-6247013.5054,1673334.7628,1611380.2486,286829.11,7740.23
7826.0,-6249705.1773,1668215.9135,1606235.9872,286827.60,7740.23
7827.0,-6252388.4262,1663094.8160,1601089.5546,286826.10,7740.24
7828.0,-6255063.2486,1657971.4771,1595940.9577,286824.61,7740.24
7829.0,-6257729.6408,1652845.9036,1590790.2036,286823.11,7740.25
7830.0,-6260387.5992,1647718.1026,1585637.2991,286821.63,7740.26
7831.0,-6263037.1202,1642588.0809,1580482.2512,286820.14,7740.26
7832.0,-6265678.2001,1637455.8454,1575325.0670,286818.67,7740.27
7833.0,-6268310.8355,1632321.4030,1570165.7533,286817.19,7740.27
7834.0,-6270935.0226,1627184.7607,1565004.3171,286815.72,7740.28
7835.0,-6273550.7581,1622045.9253,1559840.7654,286814.26,7740.29
7836.0,-6276158.0382,1616904.9038,1554675.1051,286812.80,7740.29
7837.0,-6278756.8594,1611761.7030,1549507.3433,286811.35,7740.30
7838.0,-6281347.2183,1606616.3300,1544337.4869,286809.90,7740.30
7839.0,-6283929.1113,1601468.7917,1539165.5429,286808.46,7740.31
7840.0,-6286502.5348,1596319.0949,1533991.5183,286807.02,7740.31
7841.0,-6289067.4855,1591167.2466,1528815.4201,286805.58,7740.32
7842.0,-6291623.9598,1586013.2537,1523637.2552,286804.15,7740.33
7843.0,-6294171.9542,1580857.1233,1518457.0307,286802.73,7740.33
7844.0,-6296711.4653,1575698.8622,1513274.7535,286801.31,7740.34
7845.0,-6299242.4896,1570538.4773,1508090.4307,286799.89,7740.34
7846.0,-6301765.0237,1565375.9757,1502904.0692,286798.48,7740.35
7847.0,-6304279.0642,1560211.3642,1497715.6761,286797.08,7740.35
7848.0,-6306784.6076,1555044.6498,1492525.2583,286795.68,7740.36
7849.0,-6309281.6506,1549875.8396,1487332.8230,286794.28,7740.37
7850.0,-6311770.1897,1544704.9404,1482138.3770,286792.89,7740.37
7851.0,-6314250.2216,1539531.9592,1476941.9273,286791.50,7740.38
7852.0,-6316721.7428,1534356.9029,1471743.4812,286790.12,7740.38
7853.0,-6319184.7501,1529179.7786,1466543.0454,286788.75,7740.39
7854.0,-6321639.2401,1524000.5932,1461340.6271,286787.37,7740.39
7855.0,-6324085.2095,1518819.3537,1456136.2333,286786.01,7740.40
7856.0,-6326522.6549,1513636.0671,1450929.8711,286784.65,7740.40
7857.0,-6328951.5730,1508450.7403,1445721.5473,286783.29,7740.41
7858.0,-6331371.9605,1503263.3803,1440511.2692,286781.93,7740.42
7859.0,-6333783.8141,1498073.9942,1435299.0437,286780.59,7740.42
7860.0,-6336187.1306,1492882.5888,1430084.8778,286779.24,7740.43
7861.0,-6338581.9067,1487689.1712,1424868.7787,286777.91,7740.43
7862.0,-6340968.1391,1482493.7484,1419650.7533,286776.57,7740.44
7863.0,-6343345.8247,1477296.3274,1414430.8087,286775.24,7740.44
7864.0,-6345714.9600,1472096.9152,1409208.9520,286773.92,7740.45
7865.0,-6348075.5420,1466895.5188,1403985.1901,286772.60,7740.45
7866.0,-6350427.5675,1461692.1451,1398759.5303,286771.28,7740.46
7867.0,-6352771.0332,1456486.8012,1393531.9794,286769.97,7740.46
7868.0,-6355105.9359,1451279.4942,1388302.5447,286768.67,7740.47
7869.0,-6357432.2725,1446070.2309,1383071.2330,286767.37,7740.47
7870.0,-6359750.0398,1440859.0185,1377838.0516,286766.07,7740.48
7871.0,-6362059.2347,1435645.8640,1372603.0075,286764.78,7740.48
7872.0,-6364359.8540,1430430.7743,1367366.1077,286763.50,7740.49
7873.0,-6366651.8947,1425213.7565,1362127.3594,286762.21,7740.49
7874.0,-6368935.3535,1419994.8177,1356886.7696,286760.94,7740.50
7875.0,-6371210.2274,1414773.9648,1351644.3453,286759.67,7740.50
7876.0,-6373476.5132,1409551.2048,1346400.0937,286758.40,7740.51
7877.0,-6375734.2080,1404326.5449,1341154.0219,286757.14,7740.52
7878.0,-6377983.3087,1399099.9921,1335906.1369,286755.88,7740.52
7879.0,-6380223.8121,1393871.5534,1330656.4458,286754.63,7740.53
7880.0,-6382455.7152,1388641.2357,1325404.9558,286753.38,7740.53
7881.0,-6384679.0151,1383409.0463,1320151.6738,286752.13,7740.54
7882.0,-6386893.7087,1378174.9921,1314896.6071,286750.89,7740.54
7883.0,-6389099.7929,1372939.0802,1309639.7627,286749.66,7740.55
7884.0,-6391297.2648,1367701.3176,1304381.1477,286748.43,7740.55
7885.0,-6393486.1214,1362461.7114,1299120.7692,286747.21,7740.56
7886.0,-6395666.3597,1357220.2687,1293858.6344,286745.99,7740.56
7887.0,-6397837.9768,1351976.9964,1288594.7503,286744.77,7740.56
7888.0,-6400000.9697,1346731.9018,1283329.1240,286743.56,7740.57
7889.0,-6402155.3354,1341484.9917,1278061.7627,286742.35,7740.57
7890.0,-6404301.0711,1336236.2734,1272792.6735,286741.15,7740.58
7891.0,-6406438.1738,1330985.7538,1267521.8634,286739.95,7740.58
7892.0,-6408566.6405,1325733.4401,1262249.3397,286738.76,7740.59
7893.0,-6410686.4686,1320479.3393,1256975.1094,286737.58,7740.59
7894.0,-6412797.6549,1315223.4585,1251699.1797,286736.39,7740.60
7895.0,-6414900.1967,1309965.8047,1246421.5577,286735.22,7740.60
7896.0,-6416994.0912,1304706.3852,1241142.2505,286734.04,7740.61
7897.0,-6419079.3354,1299445.2069,1235861.2653,286732.87,7740.61
7898.0,-6421155.9265,1294182.2769,1230578.6092,286731.71,7740.62
7899.0,-6423223.8617,1288917.6023,1225294.2893,286730.55,7740.62
7900.0,-6425283.1382,1283651.1902,1220008.3128,286729.40,7740.63
7901.0,-6427333.7533,1278383.0478,1214720.6868,286728.25,7740.63
7902.0,-6429375.7040,1273113.1820,1209431.4184,286727.10,7740.64
7903.0,-6431408.9876,1267841.6001,1204140.5149,286725.96,7740.64
7904.0,-6433433.6015,1262568.3091,1198847.9833,286724.82,7740.65
7905.0,-6435449.5427,1257293.3161,1193553.8308,286723.69,7740.65
7906.0,-6437456.8087,1252016.6282,1188258.0646,286722.57,7740.65
7907.0,-6439455.3965,1246738.2525,1182960.6918,286721.44,7740.66
7908.0,-6441445.3037,1241458.1961,1177661.7196,286720.33,7740.66
7909.0,-6443426.5273,1236176.4663,1172361.1551,286719.21,7740.67
7910.0,-6445399.0648,1230893.0699,1167059.0055,286718.11,7740.67
7911.0,-6447362.9134,1225608.0143,1161755.2780,286717.00,7740.68
7912.0,-6449318.0705,1220321.3065,1156449.9798,286715.90,7740.68
7913.0,-6451264.5334,1215032.9536,1151143.1179,286714.81,7740.69
7914.0,-6453202.2995,1209742.9627,1145834.6996,286713.72,7740.69
7915.0,-6455131.3662,1204451.3411,1140524.7320,286712.63,7740.69
7916.0,-6457051.7308,1199158.0957,1135213.2223,286711.55,7740.70
7917.0,-6458963.3906,1193863.2338,1129900.1778,286710.48,7740.70
7918.0,-6460866.3432,1188566.7625,1124585.6055,286709.41,7740.71
7919.0,-6462760.5860,1183268.6888,1119269.5127,286708.34,7740.71
7920.0,-6464646.1162,1177969.0201,1113951.9066,286707.28,7740.72
7921.0,-6466522.9315,1172667.7633,1108632.7942,286706.22,7740.72
7922.0,-6468391.0292,1167364.9256,1103312.1829,286705.17,7740.72
7923.0,-6470250.4068,1162060.5142,1097990.0798,286704.12,7740.73
7924.0,-6472101.0618,1156754.5363,1092666.4921,286703.08,7740.73
7925.0,-6473942.9916,1151446.9989,1087341.4270,286702.04,7740.74
7926.0,-6475776.1937,1146137.9093,1082014.8917,286701.01,7740.74
7927.0,-6477600.6657,1140827.2745,1076686.8934,286699.98,7740.75
7928.0,-6479416.4051,1135515.1018,1071357.4393,286698.95,7740.75
7929.0,-6481223.4094,1130201.3982,1066026.5365,286697.93,7740.75
7930.0,-6483021.6762,1124886.1711,1060694.1924,286696.92,7740.76
7931.0,-6484811.2029,1119569.4274,1055360.4141,286695.90,7740.76
7932.0,-6486591.9873,1114251.1744,1050025.2088,286694.90,7740.77
7933.0,-6488364.0267,1108931.4192,1044688.5837,286693.90,7740.77
7934.0,-6490127.3190,1103610.1691,1039350.5461,286692.90,7740.77
7935.0,-6491881.8615,1098287.4312,1034011.1031,286691.91,7740.78
7936.0,-6493627.6521,1092963.2126,1028670.2620,286690.92,7740.78
7937.0,-6495364.6882,1087637.5205,1023328.0299,286689.93,7740.79
7938.0,-6497092.9675,1082310.3622,1017984.4142,286688.96,7740.79
7939.0,-6498812.4877,1076981.7447,1012639.4220,286687.98,7740.79
7940.0,-6500523.2464,1071651.6753,1007293.0606,286687.01,7740.80
7941.0,-6502225.2414,1066320.1612,1001945.3372,286686.05,7740.80
7942.0,-6503918.4702,1060987.2094,996596.2589,286685.09,7740.81
7943.0,-6505602.9307,1055652.8274,991245.8331,286684.13,7740.81
7944.0,-6507278.6204,1050317.0221,985894.0670,286683.18,7740.81
7945.0,-6508945.5372,1044979.8008,980540.9678,286682.23,7740.82
7946.0,-6510603.6787,1039641.1707,975186.5427,286681.29,7740.82
7947.0,-6512253.0428,1034301.1390,969830.7990,286680.35,7740.82
7948.0,-6513893.6270,1028959.7129,964473.7439,286679.42,7740.83
7949.0,-6515525.4294,1023616.8995,959115.3847,286678.49,7740.83
7950.0,-6517148.4475,1018272.7062,953755.7285,286677.56,7740.84
7951.0,-6518762.6792,1012927.1400,948394.7827,286676.65,7740.84
7952.0,-6520368.1224,1007580.2082,943032.5545,286675.73,7740.84
7953.0,-6521964.7748,1002231.9180,937669.0512,286674.82,7740.85
7954.0,-6523552.6342,996882.2766,932304.2799,286673.91,7740.85
7955.0,-6525131.6985,991531.2912,926938.2480,286673.01,7740.85
7956.0,-6526701.9656,986178.9691,921570.9627,286672.12,7740.86
7957.0,-6528263.4333,980825.3173,916202.4312,286671.22,7740.86
7958.0,-6529816.0995,975470.3433,910832.6608,286670.34,7740.86
7959.0,-6531359.9621,970114.0541,905461.6588,286669.45,7740.87
7960.0,-6532895.0189,964756.4569,900089.4325,286668.57,7740.87
7961.0,-6534421.2680,959397.5591,894715.9890,286667.70,7740.88
7962.0,-6535938.7071,954037.3678,889341.3356,286666.83,7740.88
7963.0,-6537447.3343,948675.8903,883965.4797,286665.97,7740.88
7964.0,-6538947.1476,943313.1337,878588.4285,286665.10,7740.89
7965.0,-6540438.1448,937949.1054,873210.1892,286664.25,7740.89
7966.0,-6541920.3239,932583.8125,867830.7691,286663.40,7740.89
7967.0,-6543393.6829,927217.2623,862450.1755,286662.55,7740.90
7968.0,-6544858.2199,921849.4619,857068.4157,286661.71,7740.90
7969.0,-6546313.9328,916480.4187,851685.4970,286660.87,7740.90
7970.0,-6547760.8196,911110.1399,846301.4266,286660.04,7740.91
7971.0,-6549198.8784,905738.6327,840916.2117,286659.21,7740.91
7972.0,-6550628.1072,900365.9043,835529.8598,286658.38,7740.91
7973.0,-6552048.5041,894991.9620,830142.3780,286657.56,7740.92
7974.0,-6553460.0672,889616.8131,824753.7736,286656.75,7740.92
7975.0,-6554862.7945,884240.4647,819364.0540,286655.94,7740.92
7976.0,-6556256.6841,878862.9241,813973.2264,286655.13,7740.93
7977.0,-6557641.7341,873484.1987,808581.2981,286654.33,7740.93
7978.0,-6559017.9427,868104.2955,803188.2764,286653.53,7740.93
7979.0,-6560385.3080,862723.2220,797794.1685,286652.74,7740.93
7980.0,-6561743.8280,857340.9852,792398.9819,286651.95,7740.94
7981.0,-6563093.5011,851957.5926,787002.7237,286651.17,7740.94
7982.0,-6564434.3252,846573.0513,781605.4013,286650.39,7740.94
7983.0,-6565766.2987,841187.3685,776207.0219,286649.61,7740.95
7984.0,-6567089.4196,835800.5517,770807.5929,286648.84,7740.95
7985.0,-6568403.6863,830412.6079,765407.1216,286648.08,7740.95
7986.0,-6569709.0968,825023.5446,760005.6152,286647.32,7740.96
7987.0,-6571005.6495,819633.3689,754603.0811,286646.56,7740.96
7988.0,-6572293.3425,814242.0880,749199.5265,286645.81,7740.96
7989.0,-6573572.1742,808849.7094,743794.9589,286645.06,7740.96
7990.0,-6574842.1428,803456.2402,738389.3854,286644.32,7740.97
7991.0,-6576103.2465,798061.6878,732982.8134,286643.58,7740.97
7992.0,-6577355.4836,792666.0593,727575.2502,286642.85,7740.97
7993.0,-6578598.8525,787269.3620,722166.7031,286642.12,7740.98
7994.0,-6579833.3514,781871.6034,716757.1794,286641.39,7740.98
7995.0,-6581058.9786,776472.7905,711346.6864,286640.67,7740.98
7996.0,-6582275.7326,771072.9307,705935.2316,286639.95,7740.98
7997.0,-6583483.6116,765672.0313,700522.8220,286639.24,7740.99
7998.0,-6584682.6140,760270.0995,695109.4652,286638.53,7740.99
7999.0,-6585872.7382,754867.1427,689695.1684,286637.83,7740.99
8000.0,-6587053.9825,749463.1680,684279.9388,286637.13,7741.00
8001.0,-6588226.3454,744058.1829,678863.7840,286636.44,7741.00
8002.0,-6589389.8252,738652.1946,673446.7111,286635.75,7741.00
8003.0,-6590544.4204,733245.2103,668028.7275,286635.06,7741.00
8004.0,-6591690.1293,727837.2374,662609.8405,286634.38,7741.01
8005.0,-6592826.9505,722428.2831,657190.0574,286633.71,7741.01
8006.0,-6593954.8824,717018.3548,651769.3857,286633.04,7741.01
8007.0,-6595073.9235,711607.4597,646347.8325,286632.37,7741.01
8008.0,-6596184.0722,706195.6052,640925.4053,286631.71,7741.02
8009.0,-6597285.3270,700782.7985,635502.1113,286631.05,7741.02
8010.0,-6598377.6865,695369.0469,630077.9579,286630.40,7741.02
8011.0,-6599461.1491,689954.3577,624652.9525,286629.75,7741.02
8012.0,-6600535.7133,684538.7382,619227.1023,286629.10,7741.03
8013.0,-6601601.3778,679122.1958,613800.4148,286628.46,7741.03
8014.0,-6602658.1410,673704.7377,608372.8971,286627.83,7741.03
8015.0,-6603706.0016,668286.3712,602944.5568,286627.19,7741.03
8016.0,-6604744.9580,662867.1036,597515.4011,286626.57,7741.04
8017.0,-6605775.0089,657446.9423,592085.4373,286625.95,7741.04
8018.0,-6606796.1529,652025.8945,586654.6728,286625.33,7741.04
8019.0,-6607808.3886,646603.9676,581223.1150,286624.71,7741.04
8020.0,-6608811.7146,641181.1688,575790.7712,286624.10,7741.05
8021.0,-6609806.1296,635757.5055,570357.6487,286623.50,7741.05
8022.0,-6610791.6322,630332.9850,564923.7549,286622.90,7741.05
8023.0,-6611768.2210,624907.6146,559489.0971,286622.30,7741.05
8024.0,-6612735.8947,619481.4016,554053.6827,286621.71,7741.06
8025.0,-6613694.6521,614054.3533,548617.5190,286621.13,7741.06
8026.0,-6614644.4918,608626.4771,543180.6135,286620.54,7741.06
8027.0,-6615585.4124,603197.7802,537742.9733,286619.97,7741.06
8028.0,-6616517.4129,597768.2700,532304.6059,286619.39,7741.06
8029.0,-6617440.4918,592337.9538,526865.5187,286618.82,7741.07
8030.0,-6618354.6479,586906.8390,521425.7189,286618.26,7741.07
8031.0,-6619259.8800,581474.9328,515985.2140,286617.70,7741.07
8032.0,-6620156.1868,576042.2425,510544.0114,286617.14,7741.07
8033.0,-6621043.5671,570608.7755,505102.1182,286616.59,7741.07
8034.0,-6621922.0198,565174.5392,499659.5420,286616.05,7741.08
8035.0,-6622791.5436,559739.5408,494216.2901,286615.50,7741.08
8036.0,-6623652.1373,554303.7877,488772.3698,286614.96,7741.08
8037.0,-6624503.7998,548867.2871,483327.7885,286614.43,7741.08
8038.0,-6625346.5298,543430.0465,477882.5536,286613.90,7741.08
8039.0,-6626180.3264,537992.0732,472436.6724,286613.38,7741.09
8040.0,-6627005.1883,532553.3744,466990.1523,286612.86,7741.09
8041.0,-6627821.1144,527113.9576,461543.0007,286612.34,7741.09
8042.0,-6628628.1035,521673.8300,456095.2249,286611.83,7741.09
8043.0,-6629426.1547,516232.9991,450646.8323,286611.32,7741.09
8044.0,-6630215.2668,510791.4720,445197.8302,286610.82,7741.10
8045.0,-6630995.4387,505349.2562,439748.2261,286610.32,7741.10
8046.0,-6631766.6694,499906.3590,434298.0273,286609.83,7741.10
8047.0,-6632528.9578,494462.7878,428847.2411,286609.34,7741.10
8048.0,-6633282.3030,489018.5498,423395.8750,286608.86,7741.10
8049.0,-6634026.7038,483573.6525,417943.9363,286608.38,7741.10
8050.0,-6634762.1592,478128.1031,412491.4324,286607.90,7741.11
8051.0,-6635488.6683,472681.9091,407038.3706,286607.43,7741.11
8052.0,-6636206.2301,467235.0776,401584.7584,286606.96,7741.11
8053.0,-6636914.8435,461787.6162,396130.6030,286606.50,7741.11
8054.0,-6637614.5077,456339.5321,390675.9120,286606.04,7741.11
8055.0,-6638305.2217,450890.8327,385220.6926,286605.59,7741.11
8056.0,-6638986.9845,445441.5253,379764.9522,286605.14,7741.12
8057.0,-6639659.7952,439991.6173,374308.6983,286604.69,7741.12
8058.0,-6640323.6529,434541.1160,368851.9382,286604.25,7741.12
8059.0,-6640978.5567,429090.0288,363394.6792,286603.82,7741.12
8060.0,-6641624.5056,423638.3630,357936.9287,286603.38,7741.12
8061.0,-6642261.4989,418186.1260,352478.6943,286602.96,7741.12
8062.0,-6642889.5357,412733.3251,347019.9831,286602.53,7741.12
8063.0,-6643508.6151,407279.9677,341560.8026,286602.12,7741.13
8064.0,-6644118.7362,401826.0611,336101.1602,286601.70,7741.13
8065.0,-6644719.8982,396371.6127,330641.0633,286601.29,7741.13
8066.0,-6645312.1004,390916.6298,325180.5192,286600.89,7741.13
8067.0,-6645895.3418,385461.1198,319719.5353,286600.49,7741.13
8068.0,-6646469.6218,380005.0901,314258.1191,286600.09,7741.13
8069.0,-6647034.9395,374548.5480,308796.2778,286599.70,7741.13
8070.0,-6647591.2941,369091.5009,303334.0190,286599.31,7741.14
8071.0,-6648138.6850,363633.9560,297871.3499,286598.93,7741.14
8072.0,-6648677.1113,358175.9209,292408.2780,286598.55,7741.14
8073.0,-6649206.5724,352717.4028,286944.8106,286598.17,7741.14
8074.0,-6649727.0674,347258.4091,281480.9552,286597.80,7741.14
8075.0,-6650238.5958,341798.9471,276016.7191,286597.44,7741.14
8076.0,-6650741.1567,336339.0243,270552.1097,286597.08,7741.14
8077.0,-6651234.7496,330878.6479,265087.1344,286596.72,7741.14
8078.0,-6651719.3737,325417.8254,259621.8007,286596.37,7741.15
8079.0,-6652195.0285,319956.5641,254156.1158,286596.02,7741.15
8080.0,-6652661.7131,314494.8714,248690.0872,286595.68,7741.15
8081.0,-6653119.4271,309032.7546,243223.7223,286595.34,7741.15
8082.0,-6653568.1697,303570.2212,237757.0284,286595.00,7741.15
8083.0,-6654007.9405,298107.2784,232290.0131,286594.67,7741.15
8084.0,-6654438.7387,292643.9336,226822.6835,286594.35,7741.15
8085.0,-6654860.5638,287180.1942,221355.0472,286594.03,7741.15
8086.0,-6655273.4152,281716.0676,215887.1116,286593.71,7741.15
8087.0,-6655677.2923,276251.5612,210418.8840,286593.40,7741.15
8088.0,-6656072.1947,270786.6822,204950.3718,286593.09,7741.16
8089.0,-6656458.1217,265321.4381,199481.5825,286592.78,7741.16
8090.0,-6656835.0729,259855.8363,194012.5234,286592.48,7741.16
8091.0,-6657203.0477,254389.8841,188543.2019,286592.19,7741.16
8092.0,-6657562.0457,248923.5888,183073.6255,286591.90,7741.16
8093.0,-6657912.0663,243456.9579,177603.8014,286591.61,7741.16
8094.0,-6658253.1090,237989.9988,172133.7372,286591.33,7741.16
8095.0,-6658585.1735,232522.7187,166663.4401,286591.05,7741.16
8096.0,-6658908.2592,227055.1251,161192.9177,286590.78,7741.16
8097.0,-6659222.3657,221587.2254,155722.1773,286590.51,7741.16
8098.0,-6659527.4926,216119.0268,150251.2263,286590.25,7741.16
8099.0,-6659823.6395,210650.5369,144780.0721,286589.99,7741.16
8100.0,-6660110.8059,205181.7629,139308.7222,286589.73,7741.17
8101.0,-6660388.9915,199712.7123,133837.1838,286589.48,7741.17
8102.0,-6660658.1959,194243.3923,128365.4644,286589.24,7741.17
8103.0,-6660918.4187,188773.8105,122893.5714,286588.99,7741.17
8104.0,-6661169.6597,183303.9741,117421.5123,286588.76,7741.17
8105.0,-6661411.9183,177833.8906,111949.2943,286588.52,7741.17
8106.0,-6661645.1944,172363.5672,106476.9250,286588.29,7741.17
8107.0,-6661869.4875,166893.0115,101004.4116,286588.07,7741.17
8108.0,-6662084.7974,161422.2307,95531.7617,286587.85,7741.17
8109.0,-6662291.1239,155951.2323,90058.9826,286587.63,7741.17
8110.0,-6662488.4665,150480.0236,84586.0817,286587.42,7741.17
8111.0,-6662676.8251,145008.6120,79113.0664,286587.21